2026-09-13 11:32:23,039 - experiments.runner - INFO - Starting DARF V4 experiment: DARF
2026-09-13 11:32:23,043 - experiments.runner - INFO - MAPE near-zero floor (mape_threshold) set to: 5.1 (physical units after inverse-scaling y)
2026-09-13 11:32:23,045 - data.loader - INFO - Loading data from C:/Users/User/OneDrive/Personal/Masters/MPhil Electrical Engineering/MPhil/Research Papers/3_Technical paper/Riverside_data_dwrf.csv
2026-09-13 11:32:23,282 - experiments.runner - INFO - Preprocessing time: 0.238 seconds
2026-09-13 11:32:23,297 - experiments.runner - INFO - Data shapes: X_train=(3353, 9), X_test=(719, 9)
2026-09-13 11:32:23,299 - experiments.runner - INFO - Feature names: ['GHI', 'Ambient_Temp', 'Panel_Temp', 'Wind_Speed', 'Humidity', 'Pressure', 'SunShine', 'Hour', 'Month']
2026-09-13 11:32:23,300 - experiments.runner - INFO - Target column: DC_Power
2026-09-13 11:32:23,301 - experiments.runner - INFO - Full DataFrame columns: ['timestamp', 'Ambient_Temp', 'Humidity', 'Pressure', 'Wind_Speed', 'SunShine', 'GHI', 'Panel_Temp', 'DC_Power', 'Month', 'Hour', 'DC_Power_Level']
2026-09-13 11:32:23,306 - graph.multi_graph - INFO - Graph graph_1 edges: {'GHI': ['DC_Power', 'Panel_Temp'], 'Ambient_Temp': ['Panel_Temp', 'Humidity'], 'Panel_Temp': ['DC_Power'], 'Wind_Speed': ['Ambient_Temp', 'Humidity'], 'Hour': ['GHI', 'Ambient_Temp'], 'Month': ['GHI'], 'SunShine': ['DC_Power'], 'Pressure': [], 'Humidity': ['DC_Power']}
2026-09-13 11:32:23,307 - graph.multi_graph - INFO - Graph graph_2 edges: {'GHI': ['DC_Power', 'Panel_Temp'], 'Ambient_Temp': ['Panel_Temp', 'Humidity'], 'Panel_Temp': ['DC_Power'], 'Wind_Speed': ['Ambient_Temp'], 'Hour': ['GHI', 'Ambient_Temp'], 'Month': ['GHI'], 'Humidity': ['DC_Power']}
2026-09-13 11:32:23,309 - graph.multi_graph - INFO - Graph graph_3 edges: {'GHI': ['DC_Power', 'Panel_Temp'], 'Panel_Temp': ['DC_Power'], 'Ambient_Temp': ['DC_Power', 'Panel_Temp', 'Humidity'], 'Wind_Speed': ['DC_Power', 'Panel_Temp', 'Ambient_Temp', 'Humidity'], 'Humidity': ['DC_Power'], 'Hour': ['Ambient_Temp'], 'Month': ['Ambient_Temp', 'Humidity']}
2026-09-13 11:32:23,312 - experiments.runner - INFO - ============================================================
2026-09-13 11:32:23,313 - experiments.runner - INFO - Processing graph: graph_1
2026-09-13 11:32:23,314 - experiments.runner - INFO - ============================================================
2026-09-13 11:32:23,316 - experiments.runner - INFO - Exact match: 'GHI' -> 'GHI'
2026-09-13 11:32:23,317 - experiments.runner - INFO - Exact match: 'DC_Power' -> 'DC_Power'
2026-09-13 11:32:23,318 - experiments.runner - INFO - Exact match: 'Panel_Temp' -> 'Panel_Temp'
2026-09-13 11:32:23,319 - experiments.runner - INFO - Exact match: 'Ambient_Temp' -> 'Ambient_Temp'
2026-09-13 11:32:23,320 - experiments.runner - INFO - Exact match: 'Humidity' -> 'Humidity'
2026-09-13 11:32:23,322 - experiments.runner - INFO - Exact match: 'Wind_Speed' -> 'Wind_Speed'
2026-09-13 11:32:23,323 - experiments.runner - INFO - Exact match: 'Hour' -> 'Hour'
2026-09-13 11:32:23,324 - experiments.runner - INFO - Exact match: 'Month' -> 'Month'
2026-09-13 11:32:23,325 - experiments.runner - INFO - Exact match: 'SunShine' -> 'SunShine'
2026-09-13 11:32:23,326 - experiments.runner - INFO - Estimating DRWs with alpha=0.001...
2026-09-13 11:32:23,344 - graph.ridge_estimator - INFO - DRW coefficients for GHI (parents ['Hour', 'Month']): {'Hour': np.float64(0.09191525046233252), 'Month': np.float64(-0.0702043234618354)}
2026-09-13 11:32:23,351 - graph.ridge_estimator - INFO - R² for node GHI: 0.0137
2026-09-13 11:32:23,356 - graph.ridge_estimator - INFO - DRW coefficients for DC_Power (parents ['GHI', 'Panel_Temp', 'SunShine', 'Humidity']): {'GHI': np.float64(0.34626309261009086), 'Panel_Temp': np.float64(0.6712819204539988), 'SunShine': np.float64(-0.29873619633161985), 'Humidity': np.float64(0.026519115821653703)}
2026-09-13 11:32:23,360 - graph.ridge_estimator - INFO - R² for node DC_Power: 0.8212
2026-09-13 11:32:23,365 - graph.ridge_estimator - INFO - DRW coefficients for Panel_Temp (parents ['GHI', 'Ambient_Temp']): {'GHI': np.float64(0.3283308196366098), 'Ambient_Temp': np.float64(0.7218487637709391)}
2026-09-13 11:32:23,368 - graph.ridge_estimator - INFO - R² for node Panel_Temp: 0.8695
2026-09-13 11:32:23,373 - graph.ridge_estimator - INFO - DRW coefficients for Ambient_Temp (parents ['Wind_Speed', 'Hour']): {'Wind_Speed': np.float64(0.32398615695559935), 'Hour': np.float64(0.3873885407511019)}
2026-09-13 11:32:23,377 - graph.ridge_estimator - INFO - R² for node Ambient_Temp: 0.2715
2026-09-13 11:32:23,382 - graph.ridge_estimator - INFO - DRW coefficients for Humidity (parents ['Ambient_Temp', 'Wind_Speed']): {'Ambient_Temp': np.float64(-0.6551916119343523), 'Wind_Speed': np.float64(-0.09802396605255873)}
2026-09-13 11:32:23,385 - graph.ridge_estimator - INFO - R² for node Humidity: 0.4838
2026-09-13 11:32:23,386 - graph.ridge_estimator - INFO - DRW estimation complete for 5 nodes
2026-09-13 11:32:23,388 - graph.ridge_estimator - INFO - DRW dictionary: {'GHI': {'Hour': np.float64(0.5669596103510995), 'Month': np.float64(0.43304038964890046)}, 'DC_Power': {'GHI': np.float64(0.25786640508449393), 'Panel_Temp': np.float64(0.4999119436058643), 'SunShine': np.float64(0.22247253796521269), 'Humidity': np.float64(0.0197491133444289)}, 'Panel_Temp': {'GHI': np.float64(0.31264254687875864), 'Ambient_Temp': np.float64(0.6873574531212414)}, 'Ambient_Temp': {'Wind_Speed': np.float64(0.45543671710569944), 'Hour': np.float64(0.5445632828943006)}, 'Humidity': {'Ambient_Temp': np.float64(0.8698593484822188), 'Wind_Speed': np.float64(0.1301406515177812)}}
2026-09-13 11:32:23,389 - graph.ridge_estimator - INFO - R² scores: {'GHI': 0.013653082575271758, 'DC_Power': 0.8212201343982459, 'Panel_Temp': 0.8695267881976556, 'Ambient_Temp': 0.27150220660700397, 'Humidity': 0.48376455345814096, 'Wind_Speed': 0.0, 'Hour': 0.0, 'Month': 0.0, 'SunShine': 0.0}
2026-09-13 11:32:23,390 - experiments.runner - INFO - DRW estimation complete for 5 nodes
2026-09-13 11:32:23,391 - experiments.runner - INFO - Computing DPWs for target: DC_Power
2026-09-13 11:32:23,392 - graph.domain_prior - INFO - Final DPW for input features (with intrinsic): {'GHI': np.float64(0.2568620495335465), 'Ambient_Temp': np.float64(0.2003241899779219), 'Panel_Temp': np.float64(0.32610167883871227), 'Wind_Speed': np.float64(0.025581563663868715), 'Humidity': np.float64(0.012882706843811306), 'Pressure': np.float64(0.0), 'SunShine': np.float64(0.14512289424947833), 'Hour': np.float64(0.03160626209923311), 'Month': np.float64(0.0015186547934278182)}
2026-09-13 11:32:23,394 - experiments.runner - INFO - Raw DPW for graph_1: {'GHI': np.float64(0.2568620495335465), 'Ambient_Temp': np.float64(0.2003241899779219), 'Panel_Temp': np.float64(0.32610167883871227), 'Wind_Speed': np.float64(0.025581563663868715), 'Humidity': np.float64(0.012882706843811306), 'Pressure': np.float64(0.0), 'SunShine': np.float64(0.14512289424947833), 'Hour': np.float64(0.03160626209923311), 'Month': np.float64(0.0015186547934278182)}
2026-09-13 11:32:23,395 - experiments.runner - INFO - R² used for intrinsic γ: {'GHI': 0.013653082575271758, 'DC_Power': 0.8212201343982459, 'Panel_Temp': 0.8695267881976556, 'Ambient_Temp': 0.27150220660700397, 'Humidity': 0.48376455345814096, 'Wind_Speed': 0.0, 'Hour': 0.0, 'Month': 0.0, 'SunShine': 0.0}
2026-09-13 11:32:23,397 - experiments.runner - INFO - Filtered DPW (pre-smooth) for graph_1: {'GHI': np.float64(0.2568620495335465), 'Ambient_Temp': np.float64(0.2003241899779219), 'Panel_Temp': np.float64(0.32610167883871227), 'Wind_Speed': np.float64(0.025581563663868715), 'Humidity': np.float64(0.012882706843811306), 'Pressure': np.float64(0.0), 'SunShine': np.float64(0.14512289424947833), 'Hour': np.float64(0.03160626209923311), 'Month': np.float64(0.0015186547934278182)}
2026-09-13 11:32:23,398 - experiments.runner - INFO - Training sampling P (α=0.3) for graph_1: {'GHI': 0.21313676800681589, 'Ambient_Temp': 0.17356026631787863, 'Panel_Temp': 0.26160450852043193, 'Wind_Speed': 0.05124042789804143, 'Humidity': 0.042351228124001244, 'Pressure': 0.03333333333333333, 'SunShine': 0.13491935930796817, 'Hour': 0.055457716802796514, 'Month': 0.034396391688732805}
2026-09-13 11:32:23,399 - experiments.runner - INFO - ============================================================
2026-09-13 11:32:23,401 - experiments.runner - INFO - Processing graph: graph_2
2026-09-13 11:32:23,402 - experiments.runner - INFO - ============================================================
2026-09-13 11:32:23,403 - experiments.runner - INFO - Exact match: 'GHI' -> 'GHI'
2026-09-13 11:32:23,405 - experiments.runner - INFO - Exact match: 'DC_Power' -> 'DC_Power'
2026-09-13 11:32:23,406 - experiments.runner - INFO - Exact match: 'Panel_Temp' -> 'Panel_Temp'
2026-09-13 11:32:23,407 - experiments.runner - INFO - Exact match: 'Ambient_Temp' -> 'Ambient_Temp'
2026-09-13 11:32:23,408 - experiments.runner - INFO - Exact match: 'Humidity' -> 'Humidity'
2026-09-13 11:32:23,410 - experiments.runner - INFO - Exact match: 'Wind_Speed' -> 'Wind_Speed'
2026-09-13 11:32:23,412 - experiments.runner - INFO - Exact match: 'Hour' -> 'Hour'
2026-09-13 11:32:23,414 - experiments.runner - INFO - Exact match: 'Month' -> 'Month'
2026-09-13 11:32:23,416 - experiments.runner - INFO - Estimating DRWs with alpha=0.001...
2026-09-13 11:32:23,423 - graph.ridge_estimator - INFO - DRW coefficients for GHI (parents ['Hour', 'Month']): {'Hour': np.float64(0.09191525046233252), 'Month': np.float64(-0.0702043234618354)}
2026-09-13 11:32:23,428 - graph.ridge_estimator - INFO - R² for node GHI: 0.0137
2026-09-13 11:32:23,433 - graph.ridge_estimator - INFO - DRW coefficients for DC_Power (parents ['GHI', 'Panel_Temp', 'Humidity']): {'GHI': np.float64(0.3804491661695964), 'Panel_Temp': np.float64(0.6744658906065989), 'Humidity': np.float64(0.20322399319262252)}
2026-09-13 11:32:23,437 - graph.ridge_estimator - INFO - R² for node DC_Power: 0.7582
2026-09-13 11:32:23,442 - graph.ridge_estimator - INFO - DRW coefficients for Panel_Temp (parents ['GHI', 'Ambient_Temp']): {'GHI': np.float64(0.3283308196366098), 'Ambient_Temp': np.float64(0.7218487637709391)}
2026-09-13 11:32:23,445 - graph.ridge_estimator - INFO - R² for node Panel_Temp: 0.8695
2026-09-13 11:32:23,451 - graph.ridge_estimator - INFO - DRW coefficients for Ambient_Temp (parents ['Wind_Speed', 'Hour']): {'Wind_Speed': np.float64(0.32398615695559935), 'Hour': np.float64(0.3873885407511019)}
2026-09-13 11:32:23,453 - graph.ridge_estimator - INFO - R² for node Ambient_Temp: 0.2715
2026-09-13 11:32:23,457 - graph.ridge_estimator - INFO - DRW coefficients for Humidity (parents ['Ambient_Temp']): {'Ambient_Temp': np.float64(-0.6894408405502239)}
2026-09-13 11:32:23,460 - graph.ridge_estimator - INFO - R² for node Humidity: 0.4753
2026-09-13 11:32:23,461 - graph.ridge_estimator - INFO - DRW estimation complete for 5 nodes
2026-09-13 11:32:23,462 - graph.ridge_estimator - INFO - DRW dictionary: {'GHI': {'Hour': np.float64(0.5669596103510995), 'Month': np.float64(0.43304038964890046)}, 'DC_Power': {'GHI': np.float64(0.3023903964979273), 'Panel_Temp': np.float64(0.5360821529411356), 'Humidity': np.float64(0.16152745056093704)}, 'Panel_Temp': {'GHI': np.float64(0.31264254687875864), 'Ambient_Temp': np.float64(0.6873574531212414)}, 'Ambient_Temp': {'Wind_Speed': np.float64(0.45543671710569944), 'Hour': np.float64(0.5445632828943006)}, 'Humidity': {'Ambient_Temp': np.float64(1.0)}}
2026-09-13 11:32:23,463 - graph.ridge_estimator - INFO - R² scores: {'GHI': 0.013653082575271758, 'DC_Power': 0.7581584922917597, 'Panel_Temp': 0.8695267881976556, 'Ambient_Temp': 0.27150220660700397, 'Humidity': 0.4753288710442609, 'Wind_Speed': 0.0, 'Hour': 0.0, 'Month': 0.0}
2026-09-13 11:32:23,464 - experiments.runner - INFO - DRW estimation complete for 5 nodes
2026-09-13 11:32:23,466 - experiments.runner - INFO - Computing DPWs for target: DC_Power
2026-09-13 11:32:23,467 - graph.domain_prior - INFO - Final DPW for input features (with intrinsic): {'GHI': np.float64(0.270464649611155), 'Ambient_Temp': np.float64(0.23971815731815185), 'Panel_Temp': np.float64(0.3235510247827767), 'Wind_Speed': np.float64(0.029641647247313774), 'Humidity': np.float64(0.0974894834174402), 'Pressure': np.float64(0.0), 'SunShine': np.float64(0.0), 'Hour': np.float64(0.037535959684904696), 'Month': np.float64(0.0015990779382577195)}
2026-09-13 11:32:23,468 - experiments.runner - INFO - Raw DPW for graph_2: {'GHI': np.float64(0.270464649611155), 'Ambient_Temp': np.float64(0.23971815731815185), 'Panel_Temp': np.float64(0.3235510247827767), 'Wind_Speed': np.float64(0.029641647247313774), 'Humidity': np.float64(0.0974894834174402), 'Pressure': np.float64(0.0), 'SunShine': np.float64(0.0), 'Hour': np.float64(0.037535959684904696), 'Month': np.float64(0.0015990779382577195)}
2026-09-13 11:32:23,469 - experiments.runner - INFO - R² used for intrinsic γ: {'GHI': 0.013653082575271758, 'DC_Power': 0.7581584922917597, 'Panel_Temp': 0.8695267881976556, 'Ambient_Temp': 0.27150220660700397, 'Humidity': 0.4753288710442609, 'Wind_Speed': 0.0, 'Hour': 0.0, 'Month': 0.0}
2026-09-13 11:32:23,471 - experiments.runner - INFO - Filtered DPW (pre-smooth) for graph_2: {'GHI': np.float64(0.270464649611155), 'Ambient_Temp': np.float64(0.23971815731815185), 'Panel_Temp': np.float64(0.3235510247827767), 'Wind_Speed': np.float64(0.029641647247313774), 'Humidity': np.float64(0.0974894834174402), 'Pressure': np.float64(0.0), 'SunShine': np.float64(0.0), 'Hour': np.float64(0.037535959684904696), 'Month': np.float64(0.0015990779382577195)}
2026-09-13 11:32:23,472 - experiments.runner - INFO - Training sampling P (α=0.3) for graph_2: {'GHI': 0.22265858806114183, 'Ambient_Temp': 0.2011360434560396, 'Panel_Temp': 0.25981905068127703, 'Wind_Speed': 0.054082486406452975, 'Humidity': 0.10157597172554148, 'Pressure': 0.03333333333333333, 'SunShine': 0.03333333333333333, 'Hour': 0.05960850511276662, 'Month': 0.034452687890113735}
2026-09-13 11:32:23,473 - experiments.runner - INFO - ============================================================
2026-09-13 11:32:23,474 - experiments.runner - INFO - Processing graph: graph_3
2026-09-13 11:32:23,475 - experiments.runner - INFO - ============================================================
2026-09-13 11:32:23,476 - experiments.runner - INFO - Exact match: 'GHI' -> 'GHI'
2026-09-13 11:32:23,478 - experiments.runner - INFO - Exact match: 'DC_Power' -> 'DC_Power'
2026-09-13 11:32:23,479 - experiments.runner - INFO - Exact match: 'Panel_Temp' -> 'Panel_Temp'
2026-09-13 11:32:23,480 - experiments.runner - INFO - Exact match: 'Ambient_Temp' -> 'Ambient_Temp'
2026-09-13 11:32:23,482 - experiments.runner - INFO - Exact match: 'Humidity' -> 'Humidity'
2026-09-13 11:32:23,483 - experiments.runner - INFO - Exact match: 'Wind_Speed' -> 'Wind_Speed'
2026-09-13 11:32:23,484 - experiments.runner - INFO - Exact match: 'Hour' -> 'Hour'
2026-09-13 11:32:23,485 - experiments.runner - INFO - Exact match: 'Month' -> 'Month'
2026-09-13 11:32:23,486 - experiments.runner - INFO - Estimating DRWs with alpha=0.001...
2026-09-13 11:32:23,493 - graph.ridge_estimator - INFO - DRW coefficients for DC_Power (parents ['GHI', 'Panel_Temp', 'Ambient_Temp', 'Wind_Speed', 'Humidity']): {'GHI': np.float64(0.204480637446251), 'Panel_Temp': np.float64(1.3289315321446737), 'Ambient_Temp': np.float64(-0.7457558162888255), 'Wind_Speed': np.float64(0.03448776848683779), 'Humidity': np.float64(0.015102642108431685)}
2026-09-13 11:32:23,500 - graph.ridge_estimator - INFO - R² for node DC_Power: 0.8445
2026-09-13 11:32:23,510 - graph.ridge_estimator - INFO - DRW coefficients for Panel_Temp (parents ['GHI', 'Ambient_Temp', 'Wind_Speed']): {'GHI': np.float64(0.3025342658600985), 'Ambient_Temp': np.float64(0.6901831211685034), 'Wind_Speed': np.float64(0.1281146428945451)}
2026-09-13 11:32:23,514 - graph.ridge_estimator - INFO - R² for node Panel_Temp: 0.8834
2026-09-13 11:32:23,519 - graph.ridge_estimator - INFO - DRW coefficients for Ambient_Temp (parents ['Wind_Speed', 'Hour', 'Month']): {'Wind_Speed': np.float64(0.29163078029434875), 'Hour': np.float64(0.3955494906933935), 'Month': np.float64(0.282348148432042)}
2026-09-13 11:32:23,522 - graph.ridge_estimator - INFO - R² for node Ambient_Temp: 0.3501
2026-09-13 11:32:23,527 - graph.ridge_estimator - INFO - DRW coefficients for Humidity (parents ['Ambient_Temp', 'Wind_Speed', 'Month']): {'Ambient_Temp': np.float64(-0.7529004640516184), 'Wind_Speed': np.float64(-0.10004078680741665), 'Month': np.float64(0.32082160804206583)}
2026-09-13 11:32:23,530 - graph.ridge_estimator - INFO - R² for node Humidity: 0.5770
2026-09-13 11:32:23,531 - graph.ridge_estimator - INFO - DRW estimation complete for 4 nodes
2026-09-13 11:32:23,532 - graph.ridge_estimator - INFO - DRW dictionary: {'DC_Power': {'GHI': np.float64(0.08780672042053311), 'Panel_Temp': np.float64(0.5706609728841956), 'Ambient_Temp': np.float64(0.320237521169073), 'Wind_Speed': np.float64(0.014809509023796123), 'Humidity': np.float64(0.006485276502402379)}, 'Panel_Temp': {'GHI': np.float64(0.26991936149508733), 'Ambient_Temp': np.float64(0.6157774784646614), 'Wind_Speed': np.float64(0.11430316004025119)}, 'Ambient_Temp': {'Wind_Speed': np.float64(0.3007965258706657), 'Hour': np.float64(0.40798132656091785), 'Month': np.float64(0.29122214756841647)}, 'Humidity': {'Ambient_Temp': np.float64(0.6414417174151328), 'Wind_Speed': np.float64(0.08523083351016639), 'Month': np.float64(0.27332744907470075)}}
2026-09-13 11:32:23,533 - graph.ridge_estimator - INFO - R² scores: {'GHI': 0.0, 'DC_Power': 0.8444608702250931, 'Panel_Temp': 0.8834425082770287, 'Ambient_Temp': 0.350143882471891, 'Humidity': 0.5770023350339799, 'Wind_Speed': 0.0, 'Hour': 0.0, 'Month': 0.0}
2026-09-13 11:32:23,534 - experiments.runner - INFO - DRW estimation complete for 4 nodes
2026-09-13 11:32:23,535 - experiments.runner - INFO - Computing DPWs for target: DC_Power
2026-09-13 11:32:23,537 - graph.domain_prior - INFO - Final DPW for input features (with intrinsic): {'GHI': np.float64(0.1294467373958688), 'Ambient_Temp': np.float64(0.3660356989105594), 'Panel_Temp': np.float64(0.3299462943296303), 'Wind_Speed': np.float64(0.08061670578130667), 'Humidity': np.float64(0.003749674590249085), 'Pressure': np.float64(0.0), 'SunShine': np.float64(0.0), 'Hour': np.float64(0.05228899229753947), 'Month': np.float64(0.03791589669484631)}
2026-09-13 11:32:23,538 - experiments.runner - INFO - Raw DPW for graph_3: {'GHI': np.float64(0.1294467373958688), 'Ambient_Temp': np.float64(0.3660356989105594), 'Panel_Temp': np.float64(0.3299462943296303), 'Wind_Speed': np.float64(0.08061670578130667), 'Humidity': np.float64(0.003749674590249085), 'Pressure': np.float64(0.0), 'SunShine': np.float64(0.0), 'Hour': np.float64(0.05228899229753947), 'Month': np.float64(0.03791589669484631)}
2026-09-13 11:32:23,539 - experiments.runner - INFO - R² used for intrinsic γ: {'GHI': 0.0, 'DC_Power': 0.8444608702250931, 'Panel_Temp': 0.8834425082770287, 'Ambient_Temp': 0.350143882471891, 'Humidity': 0.5770023350339799, 'Wind_Speed': 0.0, 'Hour': 0.0, 'Month': 0.0}
2026-09-13 11:32:23,541 - experiments.runner - INFO - Filtered DPW (pre-smooth) for graph_3: {'GHI': np.float64(0.1294467373958688), 'Ambient_Temp': np.float64(0.3660356989105594), 'Panel_Temp': np.float64(0.3299462943296303), 'Wind_Speed': np.float64(0.08061670578130667), 'Humidity': np.float64(0.003749674590249085), 'Pressure': np.float64(0.0), 'SunShine': np.float64(0.0), 'Hour': np.float64(0.05228899229753947), 'Month': np.float64(0.03791589669484631)}
2026-09-13 11:32:23,542 - experiments.runner - INFO - Training sampling P (α=0.3) for graph_3: {'GHI': 0.12394604951044147, 'Ambient_Temp': 0.2895583225707249, 'Panel_Temp': 0.2642957393640745, 'Wind_Speed': 0.089765027380248, 'Humidity': 0.03595810554650769, 'Pressure': 0.03333333333333333, 'SunShine': 0.03333333333333333, 'Hour': 0.06993562794161096, 'Month': 0.05987446101972575}
2026-09-13 11:32:23,543 - experiments.runner - INFO - Baselines: RF + XGBoost always | Domain-weighted experimental: ['bagging'] (bagging.enabled=True, boosting.enabled=False, experiment_type=AlgorithmType.COMPARISON)
2026-09-13 11:32:23,545 - experiments.runner - INFO - Total tasks: 180
2026-09-13 11:46:48,378 - experiments.runner - INFO - Valid results: 180 / 180
2026-09-13 11:46:48,407 - experiments.runner - INFO - RF predictions averaged over 60 runs (physical units)
2026-09-13 11:46:48,410 - experiments.runner - INFO - XGBoost predictions averaged over 60 runs (physical units)
2026-09-13 11:46:48,413 - experiments.runner - INFO - DARF predictions averaged over 60 runs (physical units)
2026-09-13 11:46:48,415 - experiments.runner - INFO - Average timing: {'Preprocessing': 0.237762451171875, 'Training': {'RF': 5.980365496110365, 'XGBoost': 4.100294643333392, 'DARF': 6.223937222777426}, 'Inference': {'RF': 1.0269603394445666, 'XGBoost': 0.04534621444424071, 'DARF': 1.3456949594441134}}
2026-09-13 11:46:48,426 - experiments.runner - INFO - Model result keys: ['graph_1_bagging_rf', 'graph_1_bagging_dwrf', 'graph_1_bagging_xgb', 'graph_2_bagging_rf', 'graph_2_bagging_dwrf', 'graph_2_bagging_xgb', 'graph_3_bagging_rf', 'graph_3_bagging_dwrf', 'graph_3_bagging_xgb']
2026-09-13 11:46:58,957 - analysis.sensitivity - WARNING - full_df_scaled / graphs missing from data_dict – λ-sensitivity will reuse the original DPW (incomplete).
2026-09-13 11:46:58,958 - analysis.sensitivity - INFO - λ-sensitivity: estimating DRW/DPW with λ=0.01
2026-09-13 11:47:06,038 - analysis.sensitivity - INFO - λ=0.01 (seed=10042) → MAE=0.3552, MAPE=77.5527
2026-09-13 11:47:06,039 - analysis.sensitivity - INFO - λ-sensitivity: estimating DRW/DPW with λ=0.05
2026-09-13 11:47:12,284 - analysis.sensitivity - INFO - λ=0.05 (seed=50042) → MAE=0.3726, MAPE=80.0229
2026-09-13 11:47:12,285 - analysis.sensitivity - INFO - λ-sensitivity: estimating DRW/DPW with λ=0.1
2026-09-13 11:47:17,184 - analysis.sensitivity - INFO - λ=0.1 (seed=100042) → MAE=0.3586, MAPE=75.7810
2026-09-13 11:47:17,185 - analysis.sensitivity - INFO - λ-sensitivity: estimating DRW/DPW with λ=0.5
2026-09-13 11:47:21,902 - analysis.sensitivity - INFO - λ=0.5 (seed=500042) → MAE=0.3656, MAPE=79.6570
2026-09-13 11:47:21,904 - analysis.sensitivity - INFO - λ-sensitivity: estimating DRW/DPW with λ=1.0
2026-09-13 11:47:26,240 - analysis.sensitivity - INFO - λ=1.0 (seed=1000042) → MAE=0.3634, MAPE=79.0872
2026-09-13 11:47:26,241 - analysis.sensitivity - INFO - λ-sensitivity: estimating DRW/DPW with λ=2.0
2026-09-13 11:47:29,902 - analysis.sensitivity - INFO - λ=2.0 (seed=2000042) → MAE=0.3672, MAPE=79.7476
2026-09-13 11:47:29,904 - analysis.sensitivity - INFO - λ-sensitivity: estimating DRW/DPW with λ=5.0
2026-09-13 11:47:34,180 - analysis.sensitivity - INFO - λ=5.0 (seed=5000042) → MAE=0.3708, MAPE=81.7319
2026-09-13 11:47:34,181 - analysis.sensitivity - INFO - λ-sensitivity: estimating DRW/DPW with λ=7.0
2026-09-13 11:47:39,327 - analysis.sensitivity - INFO - λ=7.0 (seed=7000042) → MAE=0.3561, MAPE=78.1523
2026-09-13 11:47:39,328 - analysis.sensitivity - INFO - λ-sensitivity: estimating DRW/DPW with λ=10.0
2026-09-13 11:47:43,825 - analysis.sensitivity - INFO - λ=10.0 (seed=10000042) → MAE=0.3687, MAPE=82.6128
2026-09-13 11:47:49,083 - analysis.sensitivity - INFO - α=0.01 (seed=10010042) → MAE=0.3662
2026-09-13 11:47:55,158 - analysis.sensitivity - INFO - α=0.05 (seed=10050042) → MAE=0.3655
2026-09-13 11:48:01,173 - analysis.sensitivity - INFO - α=0.1 (seed=10100042) → MAE=0.3744
2026-09-13 11:48:07,112 - analysis.sensitivity - INFO - α=0.2 (seed=10200042) → MAE=0.3616
2026-09-13 11:48:13,097 - analysis.sensitivity - INFO - α=0.3 (seed=10300042) → MAE=0.3411
2026-09-13 11:48:18,875 - analysis.sensitivity - INFO - α=0.4 (seed=10400042) → MAE=0.3470
2026-09-13 11:48:24,689 - analysis.sensitivity - INFO - α=0.5 (seed=10500042) → MAE=0.3441
2026-09-13 11:48:30,494 - analysis.sensitivity - INFO - α=0.7 (seed=10700042) → MAE=0.3579
2026-09-13 11:48:36,238 - analysis.sensitivity - INFO - α=1.0 (seed=11000042) → MAE=0.3625
2026-09-13 11:48:42,794 - evaluation.metrics - WARNING - mape_threshold=5.1 excluded all 11 points (max |y|=0.08). Falling back to full-set MAPE. Use a smaller floor in the same units as y, or ensure y is inverse-scaled to physical units before metrics.
2026-09-13 11:48:42,800 - evaluation.metrics - WARNING - mape_threshold=5.1 excluded all 11 points (max |y|=0.08). Falling back to full-set MAPE. Use a smaller floor in the same units as y, or ensure y is inverse-scaled to physical units before metrics.
2026-09-13 11:48:42,808 - evaluation.metrics - WARNING - mape_threshold=5.1 excluded all 11 points (max |y|=0.08). Falling back to full-set MAPE. Use a smaller floor in the same units as y, or ensure y is inverse-scaled to physical units before metrics.
2026-09-13 11:48:42,814 - evaluation.metrics - WARNING - mape_threshold=5.1 excluded all 52 points (max |y|=2.75). Falling back to full-set MAPE. Use a smaller floor in the same units as y, or ensure y is inverse-scaled to physical units before metrics.
2026-09-13 11:48:42,821 - evaluation.metrics - WARNING - mape_threshold=5.1 excluded all 52 points (max |y|=2.75). Falling back to full-set MAPE. Use a smaller floor in the same units as y, or ensure y is inverse-scaled to physical units before metrics.
2026-09-13 11:48:42,827 - evaluation.metrics - WARNING - mape_threshold=5.1 excluded all 52 points (max |y|=2.75). Falling back to full-set MAPE. Use a smaller floor in the same units as y, or ensure y is inverse-scaled to physical units before metrics.
2026-09-13 11:48:42,961 - evaluation.metrics - WARNING - mape_threshold=5.1 excluded all 50 points (max |y|=0.85). Falling back to full-set MAPE. Use a smaller floor in the same units as y, or ensure y is inverse-scaled to physical units before metrics.
2026-09-13 11:48:42,966 - evaluation.metrics - WARNING - mape_threshold=5.1 excluded all 50 points (max |y|=0.85). Falling back to full-set MAPE. Use a smaller floor in the same units as y, or ensure y is inverse-scaled to physical units before metrics.
2026-09-13 11:48:42,972 - evaluation.metrics - WARNING - mape_threshold=5.1 excluded all 50 points (max |y|=0.85). Falling back to full-set MAPE. Use a smaller floor in the same units as y, or ensure y is inverse-scaled to physical units before metrics.
2026-09-13 11:48:42,974 - experiments.runner - INFO - Temporal analysis completed (RF, XGBoost, experimental).
2026-09-13 11:48:42,976 - experiments.runner - INFO - Viz keys: rf=graph_1_bagging_rf, dwrf=graph_1_bagging_dwrf, xgb=graph_1_bagging_xgb
2026-09-13 11:48:42,980 - visualization.plots - INFO - Generating all plots...
2026-09-13 11:49:03,473 - visualization.plots - INFO - All plots generated.
2026-09-13 11:49:03,475 - experiments.runner - INFO - Visualizations generated.
2026-09-13 11:49:03,522 - experiments.runner - INFO - Results saved to dwrf_output\results_summary.json
2026-09-13 11:49:03,523 - experiments.runner - INFO - Experiment completed successfully.
2026-09-13 12:16:09,269 - autoreload - ERROR - Failed to reload module 'visualization.plots' from file 'C:\Users\User\Documents\Machine_Learning\ML_Models\DARF\v4-1-2_Pre_Plots\visualization\plots.py'
Traceback (most recent call last):
  File "C:\ProgramData\anaconda3\envs\learning\Lib\site-packages\IPython\extensions\autoreload.py", line 325, in check
    superreload(m, reload, self.old_objects)
    ~~~~~~~~~~~^^^^^^^^^^^^^^^^^^^^^^^^^^^^^
  File "C:\ProgramData\anaconda3\envs\learning\Lib\site-packages\IPython\extensions\autoreload.py", line 584, in superreload
    module = reload(module)
  File "C:\ProgramData\anaconda3\envs\learning\Lib\importlib\__init__.py", line 129, in reload
    _bootstrap._exec(spec, module)
    ~~~~~~~~~~~~~~~~^^^^^^^^^^^^^^
  File "<frozen importlib._bootstrap>", line 869, in _exec
  File "<frozen importlib._bootstrap_external>", line 759, in exec_module
  File "<frozen importlib._bootstrap>", line 491, in _call_with_frames_removed
  File "C:\Users\User\Documents\Machine_Learning\ML_Models\DARF\v4-1-2_Pre_Plots\visualization\plots.py", line 1394, in <module>
    _configure_global_fonts()
    ~~~~~~~~~~~~~~~~~~~~~~~^^
  File "C:\Users\User\Documents\Machine_Learning\ML_Models\DARF\v4-1-2_Pre_Plots\visualization\plots.py", line 1369, in _configure_global_fonts
    matplotlib.rcParams.update({
    ~~~~~~~~~~~~~~~~~~~~~~~~~~^^
        'font.family': family,
        ^^^^^^^^^^^^^^^^^^^^^^
    ...<19 lines>...
        'svg.fonttype': 'none',
        ^^^^^^^^^^^^^^^^^^^^^^^
    })
    ^^
  File "C:\ProgramData\anaconda3\envs\learning\Lib\_collections_abc.py", line 975, in update
    self[key] = other[key]
    ~~~~^^^^^
  File "C:\ProgramData\anaconda3\envs\learning\Lib\site-packages\matplotlib\__init__.py", line 775, in __setitem__
    valid_key = _api.getitem_checked(
        self.validate, rcParam=key, _error_cls=KeyError
    )
  File "C:\ProgramData\anaconda3\envs\learning\Lib\site-packages\matplotlib\_api\__init__.py", line 286, in getitem_checked
    raise _error_cls(list_suggestion_error_msg(k, v, mapping.keys())) from None
KeyError: "'table.CellText' is not a valid value for rcParam. Did you mean: 'ytick.labelleft'?"
2026-09-13 12:18:58,192 - experiments.runner - INFO - Starting DARF V4 experiment: DARF
2026-09-13 12:18:58,194 - experiments.runner - INFO - MAPE near-zero floor (mape_threshold) set to: 5.1 (physical units after inverse-scaling y)
2026-09-13 12:18:58,197 - data.loader - INFO - Loading data from C:/Users/User/OneDrive/Personal/Masters/MPhil Electrical Engineering/MPhil/Research Papers/3_Technical paper/Riverside_data_dwrf.csv
2026-09-13 12:18:58,332 - experiments.runner - INFO - Preprocessing time: 0.135 seconds
2026-09-13 12:18:58,347 - experiments.runner - INFO - Data shapes: X_train=(3353, 9), X_test=(719, 9)
2026-09-13 12:18:58,350 - experiments.runner - INFO - Feature names: ['GHI', 'Ambient_Temp', 'Panel_Temp', 'Wind_Speed', 'Humidity', 'Pressure', 'SunShine', 'Hour', 'Month']
2026-09-13 12:18:58,352 - experiments.runner - INFO - Target column: DC_Power
2026-09-13 12:18:58,354 - experiments.runner - INFO - Full DataFrame columns: ['timestamp', 'Ambient_Temp', 'Humidity', 'Pressure', 'Wind_Speed', 'SunShine', 'GHI', 'Panel_Temp', 'DC_Power', 'Month', 'Hour', 'DC_Power_Level']
2026-09-13 12:18:58,358 - graph.multi_graph - INFO - Graph graph_1 edges: {'GHI': ['DC_Power', 'Panel_Temp'], 'Ambient_Temp': ['Panel_Temp', 'Humidity'], 'Panel_Temp': ['DC_Power'], 'Wind_Speed': ['Ambient_Temp', 'Humidity'], 'Hour': ['GHI', 'Ambient_Temp'], 'Month': ['GHI'], 'SunShine': ['DC_Power'], 'Pressure': [], 'Humidity': ['DC_Power']}
2026-09-13 12:18:58,361 - graph.multi_graph - INFO - Graph graph_2 edges: {'GHI': ['DC_Power', 'Panel_Temp'], 'Ambient_Temp': ['Panel_Temp', 'Humidity'], 'Panel_Temp': ['DC_Power'], 'Wind_Speed': ['Ambient_Temp'], 'Hour': ['GHI', 'Ambient_Temp'], 'Month': ['GHI'], 'Humidity': ['DC_Power']}
2026-09-13 12:18:58,363 - graph.multi_graph - INFO - Graph graph_3 edges: {'GHI': ['DC_Power', 'Panel_Temp'], 'Panel_Temp': ['DC_Power'], 'Ambient_Temp': ['DC_Power', 'Panel_Temp', 'Humidity'], 'Wind_Speed': ['DC_Power', 'Panel_Temp', 'Ambient_Temp', 'Humidity'], 'Humidity': ['DC_Power'], 'Hour': ['Ambient_Temp'], 'Month': ['Ambient_Temp', 'Humidity']}
2026-09-13 12:18:58,366 - experiments.runner - INFO - ============================================================
2026-09-13 12:18:58,368 - experiments.runner - INFO - Processing graph: graph_1
2026-09-13 12:18:58,370 - experiments.runner - INFO - ============================================================
2026-09-13 12:18:58,372 - experiments.runner - INFO - Exact match: 'GHI' -> 'GHI'
2026-09-13 12:18:58,375 - experiments.runner - INFO - Exact match: 'DC_Power' -> 'DC_Power'
2026-09-13 12:18:58,376 - experiments.runner - INFO - Exact match: 'Panel_Temp' -> 'Panel_Temp'
2026-09-13 12:18:58,383 - experiments.runner - INFO - Exact match: 'Ambient_Temp' -> 'Ambient_Temp'
2026-09-13 12:18:58,385 - experiments.runner - INFO - Exact match: 'Humidity' -> 'Humidity'
2026-09-13 12:18:58,387 - experiments.runner - INFO - Exact match: 'Wind_Speed' -> 'Wind_Speed'
2026-09-13 12:18:58,389 - experiments.runner - INFO - Exact match: 'Hour' -> 'Hour'
2026-09-13 12:18:58,391 - experiments.runner - INFO - Exact match: 'Month' -> 'Month'
2026-09-13 12:18:58,396 - experiments.runner - INFO - Exact match: 'SunShine' -> 'SunShine'
2026-09-13 12:18:58,398 - experiments.runner - INFO - Estimating DRWs with alpha=0.001...
2026-09-13 12:18:58,420 - graph.ridge_estimator - INFO - DRW coefficients for GHI (parents ['Hour', 'Month']): {'Hour': np.float64(0.09191525046233252), 'Month': np.float64(-0.0702043234618354)}
2026-09-13 12:18:58,426 - graph.ridge_estimator - INFO - R² for node GHI: 0.0137
2026-09-13 12:18:58,434 - graph.ridge_estimator - INFO - DRW coefficients for DC_Power (parents ['GHI', 'Panel_Temp', 'SunShine', 'Humidity']): {'GHI': np.float64(0.34626309261009086), 'Panel_Temp': np.float64(0.6712819204539988), 'SunShine': np.float64(-0.29873619633161985), 'Humidity': np.float64(0.026519115821653703)}
2026-09-13 12:18:58,438 - graph.ridge_estimator - INFO - R² for node DC_Power: 0.8212
2026-09-13 12:18:58,444 - graph.ridge_estimator - INFO - DRW coefficients for Panel_Temp (parents ['GHI', 'Ambient_Temp']): {'GHI': np.float64(0.3283308196366098), 'Ambient_Temp': np.float64(0.7218487637709391)}
2026-09-13 12:18:58,449 - graph.ridge_estimator - INFO - R² for node Panel_Temp: 0.8695
2026-09-13 12:18:58,454 - graph.ridge_estimator - INFO - DRW coefficients for Ambient_Temp (parents ['Wind_Speed', 'Hour']): {'Wind_Speed': np.float64(0.32398615695559935), 'Hour': np.float64(0.3873885407511019)}
2026-09-13 12:18:58,459 - graph.ridge_estimator - INFO - R² for node Ambient_Temp: 0.2715
2026-09-13 12:18:58,464 - graph.ridge_estimator - INFO - DRW coefficients for Humidity (parents ['Ambient_Temp', 'Wind_Speed']): {'Ambient_Temp': np.float64(-0.6551916119343523), 'Wind_Speed': np.float64(-0.09802396605255873)}
2026-09-13 12:18:58,468 - graph.ridge_estimator - INFO - R² for node Humidity: 0.4838
2026-09-13 12:18:58,470 - graph.ridge_estimator - INFO - DRW estimation complete for 5 nodes
2026-09-13 12:18:58,472 - graph.ridge_estimator - INFO - DRW dictionary: {'GHI': {'Hour': np.float64(0.5669596103510995), 'Month': np.float64(0.43304038964890046)}, 'DC_Power': {'GHI': np.float64(0.25786640508449393), 'Panel_Temp': np.float64(0.4999119436058643), 'SunShine': np.float64(0.22247253796521269), 'Humidity': np.float64(0.0197491133444289)}, 'Panel_Temp': {'GHI': np.float64(0.31264254687875864), 'Ambient_Temp': np.float64(0.6873574531212414)}, 'Ambient_Temp': {'Wind_Speed': np.float64(0.45543671710569944), 'Hour': np.float64(0.5445632828943006)}, 'Humidity': {'Ambient_Temp': np.float64(0.8698593484822188), 'Wind_Speed': np.float64(0.1301406515177812)}}
2026-09-13 12:18:58,474 - graph.ridge_estimator - INFO - R² scores: {'GHI': 0.013653082575271758, 'DC_Power': 0.8212201343982459, 'Panel_Temp': 0.8695267881976556, 'Ambient_Temp': 0.27150220660700397, 'Humidity': 0.48376455345814096, 'Wind_Speed': 0.0, 'Hour': 0.0, 'Month': 0.0, 'SunShine': 0.0}
2026-09-13 12:18:58,476 - experiments.runner - INFO - DRW estimation complete for 5 nodes
2026-09-13 12:18:58,477 - experiments.runner - INFO - Computing DPWs for target: DC_Power
2026-09-13 12:18:58,480 - graph.domain_prior - INFO - Final DPW for input features (with intrinsic): {'GHI': np.float64(0.2568620495335465), 'Ambient_Temp': np.float64(0.2003241899779219), 'Panel_Temp': np.float64(0.32610167883871227), 'Wind_Speed': np.float64(0.025581563663868715), 'Humidity': np.float64(0.012882706843811306), 'Pressure': np.float64(0.0), 'SunShine': np.float64(0.14512289424947833), 'Hour': np.float64(0.03160626209923311), 'Month': np.float64(0.0015186547934278182)}
2026-09-13 12:18:58,483 - experiments.runner - INFO - Raw DPW for graph_1: {'GHI': np.float64(0.2568620495335465), 'Ambient_Temp': np.float64(0.2003241899779219), 'Panel_Temp': np.float64(0.32610167883871227), 'Wind_Speed': np.float64(0.025581563663868715), 'Humidity': np.float64(0.012882706843811306), 'Pressure': np.float64(0.0), 'SunShine': np.float64(0.14512289424947833), 'Hour': np.float64(0.03160626209923311), 'Month': np.float64(0.0015186547934278182)}
2026-09-13 12:18:58,485 - experiments.runner - INFO - R² used for intrinsic γ: {'GHI': 0.013653082575271758, 'DC_Power': 0.8212201343982459, 'Panel_Temp': 0.8695267881976556, 'Ambient_Temp': 0.27150220660700397, 'Humidity': 0.48376455345814096, 'Wind_Speed': 0.0, 'Hour': 0.0, 'Month': 0.0, 'SunShine': 0.0}
2026-09-13 12:18:58,487 - experiments.runner - INFO - Filtered DPW (pre-smooth) for graph_1: {'GHI': np.float64(0.2568620495335465), 'Ambient_Temp': np.float64(0.2003241899779219), 'Panel_Temp': np.float64(0.32610167883871227), 'Wind_Speed': np.float64(0.025581563663868715), 'Humidity': np.float64(0.012882706843811306), 'Pressure': np.float64(0.0), 'SunShine': np.float64(0.14512289424947833), 'Hour': np.float64(0.03160626209923311), 'Month': np.float64(0.0015186547934278182)}
2026-09-13 12:18:58,490 - experiments.runner - INFO - Training sampling P (α=0.3) for graph_1: {'GHI': 0.21313676800681589, 'Ambient_Temp': 0.17356026631787863, 'Panel_Temp': 0.26160450852043193, 'Wind_Speed': 0.05124042789804143, 'Humidity': 0.042351228124001244, 'Pressure': 0.03333333333333333, 'SunShine': 0.13491935930796817, 'Hour': 0.055457716802796514, 'Month': 0.034396391688732805}
2026-09-13 12:18:58,492 - experiments.runner - INFO - ============================================================
2026-09-13 12:18:58,493 - experiments.runner - INFO - Processing graph: graph_2
2026-09-13 12:18:58,494 - experiments.runner - INFO - ============================================================
2026-09-13 12:18:58,496 - experiments.runner - INFO - Exact match: 'GHI' -> 'GHI'
2026-09-13 12:18:58,498 - experiments.runner - INFO - Exact match: 'DC_Power' -> 'DC_Power'
2026-09-13 12:18:58,500 - experiments.runner - INFO - Exact match: 'Panel_Temp' -> 'Panel_Temp'
2026-09-13 12:18:58,502 - experiments.runner - INFO - Exact match: 'Ambient_Temp' -> 'Ambient_Temp'
2026-09-13 12:18:58,504 - experiments.runner - INFO - Exact match: 'Humidity' -> 'Humidity'
2026-09-13 12:18:58,506 - experiments.runner - INFO - Exact match: 'Wind_Speed' -> 'Wind_Speed'
2026-09-13 12:18:58,508 - experiments.runner - INFO - Exact match: 'Hour' -> 'Hour'
2026-09-13 12:18:58,509 - experiments.runner - INFO - Exact match: 'Month' -> 'Month'
2026-09-13 12:18:58,511 - experiments.runner - INFO - Estimating DRWs with alpha=0.001...
2026-09-13 12:18:58,519 - graph.ridge_estimator - INFO - DRW coefficients for GHI (parents ['Hour', 'Month']): {'Hour': np.float64(0.09191525046233252), 'Month': np.float64(-0.0702043234618354)}
2026-09-13 12:18:58,524 - graph.ridge_estimator - INFO - R² for node GHI: 0.0137
2026-09-13 12:18:58,539 - graph.ridge_estimator - INFO - DRW coefficients for DC_Power (parents ['GHI', 'Panel_Temp', 'Humidity']): {'GHI': np.float64(0.3804491661695964), 'Panel_Temp': np.float64(0.6744658906065989), 'Humidity': np.float64(0.20322399319262252)}
2026-09-13 12:18:58,544 - graph.ridge_estimator - INFO - R² for node DC_Power: 0.7582
2026-09-13 12:18:58,551 - graph.ridge_estimator - INFO - DRW coefficients for Panel_Temp (parents ['GHI', 'Ambient_Temp']): {'GHI': np.float64(0.3283308196366098), 'Ambient_Temp': np.float64(0.7218487637709391)}
2026-09-13 12:18:58,557 - graph.ridge_estimator - INFO - R² for node Panel_Temp: 0.8695
2026-09-13 12:18:58,562 - graph.ridge_estimator - INFO - DRW coefficients for Ambient_Temp (parents ['Wind_Speed', 'Hour']): {'Wind_Speed': np.float64(0.32398615695559935), 'Hour': np.float64(0.3873885407511019)}
2026-09-13 12:18:58,567 - graph.ridge_estimator - INFO - R² for node Ambient_Temp: 0.2715
2026-09-13 12:18:58,572 - graph.ridge_estimator - INFO - DRW coefficients for Humidity (parents ['Ambient_Temp']): {'Ambient_Temp': np.float64(-0.6894408405502239)}
2026-09-13 12:18:58,576 - graph.ridge_estimator - INFO - R² for node Humidity: 0.4753
2026-09-13 12:18:58,578 - graph.ridge_estimator - INFO - DRW estimation complete for 5 nodes
2026-09-13 12:18:58,580 - graph.ridge_estimator - INFO - DRW dictionary: {'GHI': {'Hour': np.float64(0.5669596103510995), 'Month': np.float64(0.43304038964890046)}, 'DC_Power': {'GHI': np.float64(0.3023903964979273), 'Panel_Temp': np.float64(0.5360821529411356), 'Humidity': np.float64(0.16152745056093704)}, 'Panel_Temp': {'GHI': np.float64(0.31264254687875864), 'Ambient_Temp': np.float64(0.6873574531212414)}, 'Ambient_Temp': {'Wind_Speed': np.float64(0.45543671710569944), 'Hour': np.float64(0.5445632828943006)}, 'Humidity': {'Ambient_Temp': np.float64(1.0)}}
2026-09-13 12:18:58,583 - graph.ridge_estimator - INFO - R² scores: {'GHI': 0.013653082575271758, 'DC_Power': 0.7581584922917597, 'Panel_Temp': 0.8695267881976556, 'Ambient_Temp': 0.27150220660700397, 'Humidity': 0.4753288710442609, 'Wind_Speed': 0.0, 'Hour': 0.0, 'Month': 0.0}
2026-09-13 12:18:58,585 - experiments.runner - INFO - DRW estimation complete for 5 nodes
2026-09-13 12:18:58,587 - experiments.runner - INFO - Computing DPWs for target: DC_Power
2026-09-13 12:18:58,590 - graph.domain_prior - INFO - Final DPW for input features (with intrinsic): {'GHI': np.float64(0.270464649611155), 'Ambient_Temp': np.float64(0.23971815731815185), 'Panel_Temp': np.float64(0.3235510247827767), 'Wind_Speed': np.float64(0.029641647247313774), 'Humidity': np.float64(0.0974894834174402), 'Pressure': np.float64(0.0), 'SunShine': np.float64(0.0), 'Hour': np.float64(0.037535959684904696), 'Month': np.float64(0.0015990779382577195)}
2026-09-13 12:18:58,591 - experiments.runner - INFO - Raw DPW for graph_2: {'GHI': np.float64(0.270464649611155), 'Ambient_Temp': np.float64(0.23971815731815185), 'Panel_Temp': np.float64(0.3235510247827767), 'Wind_Speed': np.float64(0.029641647247313774), 'Humidity': np.float64(0.0974894834174402), 'Pressure': np.float64(0.0), 'SunShine': np.float64(0.0), 'Hour': np.float64(0.037535959684904696), 'Month': np.float64(0.0015990779382577195)}
2026-09-13 12:18:58,593 - experiments.runner - INFO - R² used for intrinsic γ: {'GHI': 0.013653082575271758, 'DC_Power': 0.7581584922917597, 'Panel_Temp': 0.8695267881976556, 'Ambient_Temp': 0.27150220660700397, 'Humidity': 0.4753288710442609, 'Wind_Speed': 0.0, 'Hour': 0.0, 'Month': 0.0}
2026-09-13 12:18:58,598 - experiments.runner - INFO - Filtered DPW (pre-smooth) for graph_2: {'GHI': np.float64(0.270464649611155), 'Ambient_Temp': np.float64(0.23971815731815185), 'Panel_Temp': np.float64(0.3235510247827767), 'Wind_Speed': np.float64(0.029641647247313774), 'Humidity': np.float64(0.0974894834174402), 'Pressure': np.float64(0.0), 'SunShine': np.float64(0.0), 'Hour': np.float64(0.037535959684904696), 'Month': np.float64(0.0015990779382577195)}
2026-09-13 12:18:58,600 - experiments.runner - INFO - Training sampling P (α=0.3) for graph_2: {'GHI': 0.22265858806114183, 'Ambient_Temp': 0.2011360434560396, 'Panel_Temp': 0.25981905068127703, 'Wind_Speed': 0.054082486406452975, 'Humidity': 0.10157597172554148, 'Pressure': 0.03333333333333333, 'SunShine': 0.03333333333333333, 'Hour': 0.05960850511276662, 'Month': 0.034452687890113735}
2026-09-13 12:18:58,601 - experiments.runner - INFO - ============================================================
2026-09-13 12:18:58,603 - experiments.runner - INFO - Processing graph: graph_3
2026-09-13 12:18:58,605 - experiments.runner - INFO - ============================================================
2026-09-13 12:18:58,607 - experiments.runner - INFO - Exact match: 'GHI' -> 'GHI'
2026-09-13 12:18:58,609 - experiments.runner - INFO - Exact match: 'DC_Power' -> 'DC_Power'
2026-09-13 12:18:58,610 - experiments.runner - INFO - Exact match: 'Panel_Temp' -> 'Panel_Temp'
2026-09-13 12:18:58,612 - experiments.runner - INFO - Exact match: 'Ambient_Temp' -> 'Ambient_Temp'
2026-09-13 12:18:58,614 - experiments.runner - INFO - Exact match: 'Humidity' -> 'Humidity'
2026-09-13 12:18:58,616 - experiments.runner - INFO - Exact match: 'Wind_Speed' -> 'Wind_Speed'
2026-09-13 12:18:58,618 - experiments.runner - INFO - Exact match: 'Hour' -> 'Hour'
2026-09-13 12:18:58,619 - experiments.runner - INFO - Exact match: 'Month' -> 'Month'
2026-09-13 12:18:58,621 - experiments.runner - INFO - Estimating DRWs with alpha=0.001...
2026-09-13 12:18:58,629 - graph.ridge_estimator - INFO - DRW coefficients for DC_Power (parents ['GHI', 'Panel_Temp', 'Ambient_Temp', 'Wind_Speed', 'Humidity']): {'GHI': np.float64(0.204480637446251), 'Panel_Temp': np.float64(1.3289315321446737), 'Ambient_Temp': np.float64(-0.7457558162888255), 'Wind_Speed': np.float64(0.03448776848683779), 'Humidity': np.float64(0.015102642108431685)}
2026-09-13 12:18:58,634 - graph.ridge_estimator - INFO - R² for node DC_Power: 0.8445
2026-09-13 12:18:58,646 - graph.ridge_estimator - INFO - DRW coefficients for Panel_Temp (parents ['GHI', 'Ambient_Temp', 'Wind_Speed']): {'GHI': np.float64(0.3025342658600985), 'Ambient_Temp': np.float64(0.6901831211685034), 'Wind_Speed': np.float64(0.1281146428945451)}
2026-09-13 12:18:58,653 - graph.ridge_estimator - INFO - R² for node Panel_Temp: 0.8834
2026-09-13 12:18:58,658 - graph.ridge_estimator - INFO - DRW coefficients for Ambient_Temp (parents ['Wind_Speed', 'Hour', 'Month']): {'Wind_Speed': np.float64(0.29163078029434875), 'Hour': np.float64(0.3955494906933935), 'Month': np.float64(0.282348148432042)}
2026-09-13 12:18:58,664 - graph.ridge_estimator - INFO - R² for node Ambient_Temp: 0.3501
2026-09-13 12:18:58,669 - graph.ridge_estimator - INFO - DRW coefficients for Humidity (parents ['Ambient_Temp', 'Wind_Speed', 'Month']): {'Ambient_Temp': np.float64(-0.7529004640516184), 'Wind_Speed': np.float64(-0.10004078680741665), 'Month': np.float64(0.32082160804206583)}
2026-09-13 12:18:58,673 - graph.ridge_estimator - INFO - R² for node Humidity: 0.5770
2026-09-13 12:18:58,675 - graph.ridge_estimator - INFO - DRW estimation complete for 4 nodes
2026-09-13 12:18:58,677 - graph.ridge_estimator - INFO - DRW dictionary: {'DC_Power': {'GHI': np.float64(0.08780672042053311), 'Panel_Temp': np.float64(0.5706609728841956), 'Ambient_Temp': np.float64(0.320237521169073), 'Wind_Speed': np.float64(0.014809509023796123), 'Humidity': np.float64(0.006485276502402379)}, 'Panel_Temp': {'GHI': np.float64(0.26991936149508733), 'Ambient_Temp': np.float64(0.6157774784646614), 'Wind_Speed': np.float64(0.11430316004025119)}, 'Ambient_Temp': {'Wind_Speed': np.float64(0.3007965258706657), 'Hour': np.float64(0.40798132656091785), 'Month': np.float64(0.29122214756841647)}, 'Humidity': {'Ambient_Temp': np.float64(0.6414417174151328), 'Wind_Speed': np.float64(0.08523083351016639), 'Month': np.float64(0.27332744907470075)}}
2026-09-13 12:18:58,679 - graph.ridge_estimator - INFO - R² scores: {'GHI': 0.0, 'DC_Power': 0.8444608702250931, 'Panel_Temp': 0.8834425082770287, 'Ambient_Temp': 0.350143882471891, 'Humidity': 0.5770023350339799, 'Wind_Speed': 0.0, 'Hour': 0.0, 'Month': 0.0}
2026-09-13 12:18:58,682 - experiments.runner - INFO - DRW estimation complete for 4 nodes
2026-09-13 12:18:58,684 - experiments.runner - INFO - Computing DPWs for target: DC_Power
2026-09-13 12:18:58,686 - graph.domain_prior - INFO - Final DPW for input features (with intrinsic): {'GHI': np.float64(0.1294467373958688), 'Ambient_Temp': np.float64(0.3660356989105594), 'Panel_Temp': np.float64(0.3299462943296303), 'Wind_Speed': np.float64(0.08061670578130667), 'Humidity': np.float64(0.003749674590249085), 'Pressure': np.float64(0.0), 'SunShine': np.float64(0.0), 'Hour': np.float64(0.05228899229753947), 'Month': np.float64(0.03791589669484631)}
2026-09-13 12:18:58,688 - experiments.runner - INFO - Raw DPW for graph_3: {'GHI': np.float64(0.1294467373958688), 'Ambient_Temp': np.float64(0.3660356989105594), 'Panel_Temp': np.float64(0.3299462943296303), 'Wind_Speed': np.float64(0.08061670578130667), 'Humidity': np.float64(0.003749674590249085), 'Pressure': np.float64(0.0), 'SunShine': np.float64(0.0), 'Hour': np.float64(0.05228899229753947), 'Month': np.float64(0.03791589669484631)}
2026-09-13 12:18:58,690 - experiments.runner - INFO - R² used for intrinsic γ: {'GHI': 0.0, 'DC_Power': 0.8444608702250931, 'Panel_Temp': 0.8834425082770287, 'Ambient_Temp': 0.350143882471891, 'Humidity': 0.5770023350339799, 'Wind_Speed': 0.0, 'Hour': 0.0, 'Month': 0.0}
2026-09-13 12:18:58,692 - experiments.runner - INFO - Filtered DPW (pre-smooth) for graph_3: {'GHI': np.float64(0.1294467373958688), 'Ambient_Temp': np.float64(0.3660356989105594), 'Panel_Temp': np.float64(0.3299462943296303), 'Wind_Speed': np.float64(0.08061670578130667), 'Humidity': np.float64(0.003749674590249085), 'Pressure': np.float64(0.0), 'SunShine': np.float64(0.0), 'Hour': np.float64(0.05228899229753947), 'Month': np.float64(0.03791589669484631)}
2026-09-13 12:18:58,694 - experiments.runner - INFO - Training sampling P (α=0.3) for graph_3: {'GHI': 0.12394604951044147, 'Ambient_Temp': 0.2895583225707249, 'Panel_Temp': 0.2642957393640745, 'Wind_Speed': 0.089765027380248, 'Humidity': 0.03595810554650769, 'Pressure': 0.03333333333333333, 'SunShine': 0.03333333333333333, 'Hour': 0.06993562794161096, 'Month': 0.05987446101972575}
2026-09-13 12:18:58,697 - experiments.runner - INFO - Baselines: RF + XGBoost always | Domain-weighted experimental: ['bagging'] (bagging.enabled=True, boosting.enabled=False, experiment_type=AlgorithmType.COMPARISON)
2026-09-13 12:18:58,699 - experiments.runner - INFO - Total tasks: 15
2026-09-13 12:20:13,740 - experiments.runner - INFO - Valid results: 15 / 15
2026-09-13 12:20:13,745 - experiments.runner - INFO - RF predictions averaged over 5 runs (physical units)
2026-09-13 12:20:13,750 - experiments.runner - INFO - XGBoost predictions averaged over 5 runs (physical units)
2026-09-13 12:20:13,754 - experiments.runner - INFO - DARF predictions averaged over 5 runs (physical units)
2026-09-13 12:20:13,756 - experiments.runner - INFO - Average timing: {'Preprocessing': 0.13540959358215332, 'Training': {'RF': 4.965838413334374, 'XGBoost': 3.0323482266675756, 'DARF': 5.591843346664488}, 'Inference': {'RF': 0.7706579266639892, 'XGBoost': 0.031058193328984393, 'DARF': 0.9392025266676985}}
2026-09-13 12:20:13,766 - experiments.runner - INFO - Model result keys: ['graph_1_bagging_rf', 'graph_1_bagging_dwrf', 'graph_1_bagging_xgb', 'graph_2_bagging_rf', 'graph_2_bagging_dwrf', 'graph_2_bagging_xgb', 'graph_3_bagging_rf', 'graph_3_bagging_dwrf', 'graph_3_bagging_xgb']
2026-09-13 12:20:21,905 - analysis.sensitivity - WARNING - full_df_scaled / graphs missing from data_dict – λ-sensitivity will reuse the original DPW (incomplete).
2026-09-13 12:20:21,909 - analysis.sensitivity - INFO - λ-sensitivity: estimating DRW/DPW with λ=0.01
2026-09-13 12:20:28,249 - analysis.sensitivity - INFO - λ=0.01 (seed=10042) → MAE=0.3552, MAPE=77.5527
2026-09-13 12:20:28,251 - analysis.sensitivity - INFO - λ-sensitivity: estimating DRW/DPW with λ=0.05
2026-09-13 12:20:32,314 - analysis.sensitivity - INFO - λ=0.05 (seed=50042) → MAE=0.3726, MAPE=80.0229
2026-09-13 12:20:32,316 - analysis.sensitivity - INFO - λ-sensitivity: estimating DRW/DPW with λ=0.1
2026-09-13 12:20:35,752 - analysis.sensitivity - INFO - λ=0.1 (seed=100042) → MAE=0.3586, MAPE=75.7810
2026-09-13 12:20:35,754 - analysis.sensitivity - INFO - λ-sensitivity: estimating DRW/DPW with λ=0.5
2026-09-13 12:20:39,243 - analysis.sensitivity - INFO - λ=0.5 (seed=500042) → MAE=0.3656, MAPE=79.6570
2026-09-13 12:20:39,245 - analysis.sensitivity - INFO - λ-sensitivity: estimating DRW/DPW with λ=1.0
2026-09-13 12:20:43,778 - analysis.sensitivity - INFO - λ=1.0 (seed=1000042) → MAE=0.3634, MAPE=79.0872
2026-09-13 12:20:43,780 - analysis.sensitivity - INFO - λ-sensitivity: estimating DRW/DPW with λ=2.0
2026-09-13 12:20:47,607 - analysis.sensitivity - INFO - λ=2.0 (seed=2000042) → MAE=0.3672, MAPE=79.7476
2026-09-13 12:20:47,609 - analysis.sensitivity - INFO - λ-sensitivity: estimating DRW/DPW with λ=5.0
2026-09-13 12:20:51,081 - analysis.sensitivity - INFO - λ=5.0 (seed=5000042) → MAE=0.3708, MAPE=81.7319
2026-09-13 12:20:51,082 - analysis.sensitivity - INFO - λ-sensitivity: estimating DRW/DPW with λ=7.0
2026-09-13 12:20:54,512 - analysis.sensitivity - INFO - λ=7.0 (seed=7000042) → MAE=0.3561, MAPE=78.1523
2026-09-13 12:20:54,514 - analysis.sensitivity - INFO - λ-sensitivity: estimating DRW/DPW with λ=10.0
2026-09-13 12:20:58,743 - analysis.sensitivity - INFO - λ=10.0 (seed=10000042) → MAE=0.3687, MAPE=82.6128
2026-09-13 12:21:03,467 - analysis.sensitivity - INFO - α=0.01 (seed=10010042) → MAE=0.3662
2026-09-13 12:21:07,251 - analysis.sensitivity - INFO - α=0.05 (seed=10050042) → MAE=0.3655
2026-09-13 12:21:10,664 - analysis.sensitivity - INFO - α=0.1 (seed=10100042) → MAE=0.3744
2026-09-13 12:21:15,020 - analysis.sensitivity - INFO - α=0.2 (seed=10200042) → MAE=0.3616
2026-09-13 12:21:19,013 - analysis.sensitivity - INFO - α=0.3 (seed=10300042) → MAE=0.3411
2026-09-13 12:21:22,390 - analysis.sensitivity - INFO - α=0.4 (seed=10400042) → MAE=0.3470
2026-09-13 12:21:31,588 - analysis.sensitivity - INFO - α=0.5 (seed=10500042) → MAE=0.3441
2026-09-13 12:21:35,944 - analysis.sensitivity - INFO - α=0.7 (seed=10700042) → MAE=0.3579
2026-09-13 12:21:39,376 - analysis.sensitivity - INFO - α=1.0 (seed=11000042) → MAE=0.3625
2026-09-13 12:21:45,414 - evaluation.metrics - WARNING - mape_threshold=5.1 excluded all 11 points (max |y|=0.08). Falling back to full-set MAPE. Use a smaller floor in the same units as y, or ensure y is inverse-scaled to physical units before metrics.
2026-09-13 12:21:45,419 - evaluation.metrics - WARNING - mape_threshold=5.1 excluded all 11 points (max |y|=0.08). Falling back to full-set MAPE. Use a smaller floor in the same units as y, or ensure y is inverse-scaled to physical units before metrics.
2026-09-13 12:21:45,424 - evaluation.metrics - WARNING - mape_threshold=5.1 excluded all 11 points (max |y|=0.08). Falling back to full-set MAPE. Use a smaller floor in the same units as y, or ensure y is inverse-scaled to physical units before metrics.
2026-09-13 12:21:45,431 - evaluation.metrics - WARNING - mape_threshold=5.1 excluded all 52 points (max |y|=2.75). Falling back to full-set MAPE. Use a smaller floor in the same units as y, or ensure y is inverse-scaled to physical units before metrics.
2026-09-13 12:21:45,436 - evaluation.metrics - WARNING - mape_threshold=5.1 excluded all 52 points (max |y|=2.75). Falling back to full-set MAPE. Use a smaller floor in the same units as y, or ensure y is inverse-scaled to physical units before metrics.
2026-09-13 12:21:45,441 - evaluation.metrics - WARNING - mape_threshold=5.1 excluded all 52 points (max |y|=2.75). Falling back to full-set MAPE. Use a smaller floor in the same units as y, or ensure y is inverse-scaled to physical units before metrics.
2026-09-13 12:21:45,541 - evaluation.metrics - WARNING - mape_threshold=5.1 excluded all 50 points (max |y|=0.85). Falling back to full-set MAPE. Use a smaller floor in the same units as y, or ensure y is inverse-scaled to physical units before metrics.
2026-09-13 12:21:45,546 - evaluation.metrics - WARNING - mape_threshold=5.1 excluded all 50 points (max |y|=0.85). Falling back to full-set MAPE. Use a smaller floor in the same units as y, or ensure y is inverse-scaled to physical units before metrics.
2026-09-13 12:21:45,552 - evaluation.metrics - WARNING - mape_threshold=5.1 excluded all 50 points (max |y|=0.85). Falling back to full-set MAPE. Use a smaller floor in the same units as y, or ensure y is inverse-scaled to physical units before metrics.
2026-09-13 12:21:45,555 - experiments.runner - INFO - Temporal analysis completed (RF, XGBoost, experimental).
2026-09-13 12:21:45,558 - experiments.runner - INFO - Viz keys: rf=graph_1_bagging_rf, dwrf=graph_1_bagging_dwrf, xgb=graph_1_bagging_xgb
2026-09-13 12:21:45,590 - visualization.plots - INFO - Generating all plots...
2026-09-13 12:22:04,198 - visualization.plots - INFO - All plots generated.
2026-09-13 12:22:04,200 - experiments.runner - INFO - Visualizations generated.
2026-09-13 12:22:04,337 - experiments.runner - INFO - Results saved to dwrf_output\results_summary.json
2026-09-13 12:22:04,339 - experiments.runner - INFO - Experiment completed successfully.
2026-09-13 13:55:17,323 - experiments.runner - INFO - Starting DARF V4 experiment: DARF
2026-09-13 13:55:17,328 - experiments.runner - INFO - MAPE near-zero floor (mape_threshold) set to: 5.1 (physical units after inverse-scaling y)
2026-09-13 13:55:17,332 - data.loader - INFO - Loading data from C:/Users/User/OneDrive/Personal/Masters/MPhil Electrical Engineering/MPhil/Research Papers/3_Technical paper/Riverside_data_dwrf.csv
2026-09-13 13:55:17,453 - experiments.runner - INFO - Preprocessing time: 0.121 seconds
2026-09-13 13:55:17,472 - experiments.runner - INFO - Data shapes: X_train=(3353, 9), X_test=(719, 9)
2026-09-13 13:55:17,475 - experiments.runner - INFO - Feature names: ['GHI', 'Ambient_Temp', 'Panel_Temp', 'Wind_Speed', 'Humidity', 'Pressure', 'SunShine', 'Hour', 'Month']
2026-09-13 13:55:17,478 - experiments.runner - INFO - Target column: DC_Power
2026-09-13 13:55:17,483 - experiments.runner - INFO - Full DataFrame columns: ['timestamp', 'Ambient_Temp', 'Humidity', 'Pressure', 'Wind_Speed', 'SunShine', 'GHI', 'Panel_Temp', 'DC_Power', 'Month', 'Hour', 'DC_Power_Level']
2026-09-13 13:55:17,492 - graph.multi_graph - INFO - Graph graph_1 edges: {'GHI': ['DC_Power', 'Panel_Temp'], 'Ambient_Temp': ['Panel_Temp', 'Humidity'], 'Panel_Temp': ['DC_Power'], 'Wind_Speed': ['Ambient_Temp', 'Humidity'], 'Hour': ['GHI', 'Ambient_Temp'], 'Month': ['GHI'], 'SunShine': ['DC_Power'], 'Pressure': [], 'Humidity': ['DC_Power']}
2026-09-13 13:55:17,500 - graph.multi_graph - INFO - Graph graph_2 edges: {'GHI': ['DC_Power', 'Panel_Temp'], 'Ambient_Temp': ['Panel_Temp', 'Humidity'], 'Panel_Temp': ['DC_Power'], 'Wind_Speed': ['Ambient_Temp'], 'Hour': ['GHI', 'Ambient_Temp'], 'Month': ['GHI'], 'Humidity': ['DC_Power']}
2026-09-13 13:55:17,503 - graph.multi_graph - INFO - Graph graph_3 edges: {'GHI': ['DC_Power', 'Panel_Temp'], 'Panel_Temp': ['DC_Power'], 'Ambient_Temp': ['DC_Power', 'Panel_Temp', 'Humidity'], 'Wind_Speed': ['DC_Power', 'Panel_Temp', 'Ambient_Temp', 'Humidity'], 'Humidity': ['DC_Power'], 'Hour': ['Ambient_Temp'], 'Month': ['Ambient_Temp', 'Humidity']}
2026-09-13 13:55:17,508 - experiments.runner - INFO - ============================================================
2026-09-13 13:55:17,512 - experiments.runner - INFO - Processing graph: graph_1
2026-09-13 13:55:17,518 - experiments.runner - INFO - ============================================================
2026-09-13 13:55:17,522 - experiments.runner - INFO - Exact match: 'GHI' -> 'GHI'
2026-09-13 13:55:17,526 - experiments.runner - INFO - Exact match: 'DC_Power' -> 'DC_Power'
2026-09-13 13:55:17,532 - experiments.runner - INFO - Exact match: 'Panel_Temp' -> 'Panel_Temp'
2026-09-13 13:55:17,540 - experiments.runner - INFO - Exact match: 'Ambient_Temp' -> 'Ambient_Temp'
2026-09-13 13:55:17,543 - experiments.runner - INFO - Exact match: 'Humidity' -> 'Humidity'
2026-09-13 13:55:17,548 - experiments.runner - INFO - Exact match: 'Wind_Speed' -> 'Wind_Speed'
2026-09-13 13:55:17,552 - experiments.runner - INFO - Exact match: 'Hour' -> 'Hour'
2026-09-13 13:55:17,555 - experiments.runner - INFO - Exact match: 'Month' -> 'Month'
2026-09-13 13:55:17,558 - experiments.runner - INFO - Exact match: 'SunShine' -> 'SunShine'
2026-09-13 13:55:17,560 - experiments.runner - INFO - Estimating DRWs with alpha=0.001...
2026-09-13 13:55:17,595 - graph.ridge_estimator - INFO - DRW coefficients for GHI (parents ['Hour', 'Month']): {'Hour': np.float64(0.09191525046233252), 'Month': np.float64(-0.0702043234618354)}
2026-09-13 13:55:17,604 - graph.ridge_estimator - INFO - R² for node GHI: 0.0137
2026-09-13 13:55:17,616 - graph.ridge_estimator - INFO - DRW coefficients for DC_Power (parents ['GHI', 'Panel_Temp', 'SunShine', 'Humidity']): {'GHI': np.float64(0.34626309261009086), 'Panel_Temp': np.float64(0.6712819204539988), 'SunShine': np.float64(-0.29873619633161985), 'Humidity': np.float64(0.026519115821653703)}
2026-09-13 13:55:17,623 - graph.ridge_estimator - INFO - R² for node DC_Power: 0.8212
2026-09-13 13:55:17,630 - graph.ridge_estimator - INFO - DRW coefficients for Panel_Temp (parents ['GHI', 'Ambient_Temp']): {'GHI': np.float64(0.3283308196366098), 'Ambient_Temp': np.float64(0.7218487637709391)}
2026-09-13 13:55:17,637 - graph.ridge_estimator - INFO - R² for node Panel_Temp: 0.8695
2026-09-13 13:55:17,644 - graph.ridge_estimator - INFO - DRW coefficients for Ambient_Temp (parents ['Wind_Speed', 'Hour']): {'Wind_Speed': np.float64(0.32398615695559935), 'Hour': np.float64(0.3873885407511019)}
2026-09-13 13:55:17,651 - graph.ridge_estimator - INFO - R² for node Ambient_Temp: 0.2715
2026-09-13 13:55:17,658 - graph.ridge_estimator - INFO - DRW coefficients for Humidity (parents ['Ambient_Temp', 'Wind_Speed']): {'Ambient_Temp': np.float64(-0.6551916119343523), 'Wind_Speed': np.float64(-0.09802396605255873)}
2026-09-13 13:55:17,663 - graph.ridge_estimator - INFO - R² for node Humidity: 0.4838
2026-09-13 13:55:17,666 - graph.ridge_estimator - INFO - DRW estimation complete for 5 nodes
2026-09-13 13:55:17,669 - graph.ridge_estimator - INFO - DRW dictionary: {'GHI': {'Hour': np.float64(0.5669596103510995), 'Month': np.float64(0.43304038964890046)}, 'DC_Power': {'GHI': np.float64(0.25786640508449393), 'Panel_Temp': np.float64(0.4999119436058643), 'SunShine': np.float64(0.22247253796521269), 'Humidity': np.float64(0.0197491133444289)}, 'Panel_Temp': {'GHI': np.float64(0.31264254687875864), 'Ambient_Temp': np.float64(0.6873574531212414)}, 'Ambient_Temp': {'Wind_Speed': np.float64(0.45543671710569944), 'Hour': np.float64(0.5445632828943006)}, 'Humidity': {'Ambient_Temp': np.float64(0.8698593484822188), 'Wind_Speed': np.float64(0.1301406515177812)}}
2026-09-13 13:55:17,675 - graph.ridge_estimator - INFO - R² scores: {'GHI': 0.013653082575271758, 'DC_Power': 0.8212201343982459, 'Panel_Temp': 0.8695267881976556, 'Ambient_Temp': 0.27150220660700397, 'Humidity': 0.48376455345814096, 'Wind_Speed': 0.0, 'Hour': 0.0, 'Month': 0.0, 'SunShine': 0.0}
2026-09-13 13:55:17,678 - experiments.runner - INFO - DRW estimation complete for 5 nodes
2026-09-13 13:55:17,683 - experiments.runner - INFO - Computing DPWs for target: DC_Power
2026-09-13 13:55:17,686 - graph.domain_prior - INFO - Final DPW for input features (with intrinsic): {'GHI': np.float64(0.2568620495335465), 'Ambient_Temp': np.float64(0.2003241899779219), 'Panel_Temp': np.float64(0.32610167883871227), 'Wind_Speed': np.float64(0.025581563663868715), 'Humidity': np.float64(0.012882706843811306), 'Pressure': np.float64(0.0), 'SunShine': np.float64(0.14512289424947833), 'Hour': np.float64(0.03160626209923311), 'Month': np.float64(0.0015186547934278182)}
2026-09-13 13:55:17,689 - experiments.runner - INFO - Raw DPW for graph_1: {'GHI': np.float64(0.2568620495335465), 'Ambient_Temp': np.float64(0.2003241899779219), 'Panel_Temp': np.float64(0.32610167883871227), 'Wind_Speed': np.float64(0.025581563663868715), 'Humidity': np.float64(0.012882706843811306), 'Pressure': np.float64(0.0), 'SunShine': np.float64(0.14512289424947833), 'Hour': np.float64(0.03160626209923311), 'Month': np.float64(0.0015186547934278182)}
2026-09-13 13:55:17,692 - experiments.runner - INFO - R² used for intrinsic γ: {'GHI': 0.013653082575271758, 'DC_Power': 0.8212201343982459, 'Panel_Temp': 0.8695267881976556, 'Ambient_Temp': 0.27150220660700397, 'Humidity': 0.48376455345814096, 'Wind_Speed': 0.0, 'Hour': 0.0, 'Month': 0.0, 'SunShine': 0.0}
2026-09-13 13:55:17,694 - experiments.runner - INFO - Filtered DPW (pre-smooth) for graph_1: {'GHI': np.float64(0.2568620495335465), 'Ambient_Temp': np.float64(0.2003241899779219), 'Panel_Temp': np.float64(0.32610167883871227), 'Wind_Speed': np.float64(0.025581563663868715), 'Humidity': np.float64(0.012882706843811306), 'Pressure': np.float64(0.0), 'SunShine': np.float64(0.14512289424947833), 'Hour': np.float64(0.03160626209923311), 'Month': np.float64(0.0015186547934278182)}
2026-09-13 13:55:17,703 - experiments.runner - INFO - Training sampling P (α=0.3) for graph_1: {'GHI': 0.21313676800681589, 'Ambient_Temp': 0.17356026631787863, 'Panel_Temp': 0.26160450852043193, 'Wind_Speed': 0.05124042789804143, 'Humidity': 0.042351228124001244, 'Pressure': 0.03333333333333333, 'SunShine': 0.13491935930796817, 'Hour': 0.055457716802796514, 'Month': 0.034396391688732805}
2026-09-13 13:55:17,705 - experiments.runner - INFO - ============================================================
2026-09-13 13:55:17,707 - experiments.runner - INFO - Processing graph: graph_2
2026-09-13 13:55:17,710 - experiments.runner - INFO - ============================================================
2026-09-13 13:55:17,713 - experiments.runner - INFO - Exact match: 'GHI' -> 'GHI'
2026-09-13 13:55:17,717 - experiments.runner - INFO - Exact match: 'DC_Power' -> 'DC_Power'
2026-09-13 13:55:17,720 - experiments.runner - INFO - Exact match: 'Panel_Temp' -> 'Panel_Temp'
2026-09-13 13:55:17,722 - experiments.runner - INFO - Exact match: 'Ambient_Temp' -> 'Ambient_Temp'
2026-09-13 13:55:17,725 - experiments.runner - INFO - Exact match: 'Humidity' -> 'Humidity'
2026-09-13 13:55:17,728 - experiments.runner - INFO - Exact match: 'Wind_Speed' -> 'Wind_Speed'
2026-09-13 13:55:17,731 - experiments.runner - INFO - Exact match: 'Hour' -> 'Hour'
2026-09-13 13:55:17,734 - experiments.runner - INFO - Exact match: 'Month' -> 'Month'
2026-09-13 13:55:17,737 - experiments.runner - INFO - Estimating DRWs with alpha=0.001...
2026-09-13 13:55:17,747 - graph.ridge_estimator - INFO - DRW coefficients for GHI (parents ['Hour', 'Month']): {'Hour': np.float64(0.09191525046233252), 'Month': np.float64(-0.0702043234618354)}
2026-09-13 13:55:17,754 - graph.ridge_estimator - INFO - R² for node GHI: 0.0137
2026-09-13 13:55:17,766 - graph.ridge_estimator - INFO - DRW coefficients for DC_Power (parents ['GHI', 'Panel_Temp', 'Humidity']): {'GHI': np.float64(0.3804491661695964), 'Panel_Temp': np.float64(0.6744658906065989), 'Humidity': np.float64(0.20322399319262252)}
2026-09-13 13:55:17,774 - graph.ridge_estimator - INFO - R² for node DC_Power: 0.7582
2026-09-13 13:55:17,784 - graph.ridge_estimator - INFO - DRW coefficients for Panel_Temp (parents ['GHI', 'Ambient_Temp']): {'GHI': np.float64(0.3283308196366098), 'Ambient_Temp': np.float64(0.7218487637709391)}
2026-09-13 13:55:17,791 - graph.ridge_estimator - INFO - R² for node Panel_Temp: 0.8695
2026-09-13 13:55:17,800 - graph.ridge_estimator - INFO - DRW coefficients for Ambient_Temp (parents ['Wind_Speed', 'Hour']): {'Wind_Speed': np.float64(0.32398615695559935), 'Hour': np.float64(0.3873885407511019)}
2026-09-13 13:55:17,807 - graph.ridge_estimator - INFO - R² for node Ambient_Temp: 0.2715
2026-09-13 13:55:17,814 - graph.ridge_estimator - INFO - DRW coefficients for Humidity (parents ['Ambient_Temp']): {'Ambient_Temp': np.float64(-0.6894408405502239)}
2026-09-13 13:55:17,820 - graph.ridge_estimator - INFO - R² for node Humidity: 0.4753
2026-09-13 13:55:17,822 - graph.ridge_estimator - INFO - DRW estimation complete for 5 nodes
2026-09-13 13:55:17,824 - graph.ridge_estimator - INFO - DRW dictionary: {'GHI': {'Hour': np.float64(0.5669596103510995), 'Month': np.float64(0.43304038964890046)}, 'DC_Power': {'GHI': np.float64(0.3023903964979273), 'Panel_Temp': np.float64(0.5360821529411356), 'Humidity': np.float64(0.16152745056093704)}, 'Panel_Temp': {'GHI': np.float64(0.31264254687875864), 'Ambient_Temp': np.float64(0.6873574531212414)}, 'Ambient_Temp': {'Wind_Speed': np.float64(0.45543671710569944), 'Hour': np.float64(0.5445632828943006)}, 'Humidity': {'Ambient_Temp': np.float64(1.0)}}
2026-09-13 13:55:17,832 - graph.ridge_estimator - INFO - R² scores: {'GHI': 0.013653082575271758, 'DC_Power': 0.7581584922917597, 'Panel_Temp': 0.8695267881976556, 'Ambient_Temp': 0.27150220660700397, 'Humidity': 0.4753288710442609, 'Wind_Speed': 0.0, 'Hour': 0.0, 'Month': 0.0}
2026-09-13 13:55:17,835 - experiments.runner - INFO - DRW estimation complete for 5 nodes
2026-09-13 13:55:17,838 - experiments.runner - INFO - Computing DPWs for target: DC_Power
2026-09-13 13:55:17,840 - graph.domain_prior - INFO - Final DPW for input features (with intrinsic): {'GHI': np.float64(0.270464649611155), 'Ambient_Temp': np.float64(0.23971815731815185), 'Panel_Temp': np.float64(0.3235510247827767), 'Wind_Speed': np.float64(0.029641647247313774), 'Humidity': np.float64(0.0974894834174402), 'Pressure': np.float64(0.0), 'SunShine': np.float64(0.0), 'Hour': np.float64(0.037535959684904696), 'Month': np.float64(0.0015990779382577195)}
2026-09-13 13:55:17,847 - experiments.runner - INFO - Raw DPW for graph_2: {'GHI': np.float64(0.270464649611155), 'Ambient_Temp': np.float64(0.23971815731815185), 'Panel_Temp': np.float64(0.3235510247827767), 'Wind_Speed': np.float64(0.029641647247313774), 'Humidity': np.float64(0.0974894834174402), 'Pressure': np.float64(0.0), 'SunShine': np.float64(0.0), 'Hour': np.float64(0.037535959684904696), 'Month': np.float64(0.0015990779382577195)}
2026-09-13 13:55:17,853 - experiments.runner - INFO - R² used for intrinsic γ: {'GHI': 0.013653082575271758, 'DC_Power': 0.7581584922917597, 'Panel_Temp': 0.8695267881976556, 'Ambient_Temp': 0.27150220660700397, 'Humidity': 0.4753288710442609, 'Wind_Speed': 0.0, 'Hour': 0.0, 'Month': 0.0}
2026-09-13 13:55:17,857 - experiments.runner - INFO - Filtered DPW (pre-smooth) for graph_2: {'GHI': np.float64(0.270464649611155), 'Ambient_Temp': np.float64(0.23971815731815185), 'Panel_Temp': np.float64(0.3235510247827767), 'Wind_Speed': np.float64(0.029641647247313774), 'Humidity': np.float64(0.0974894834174402), 'Pressure': np.float64(0.0), 'SunShine': np.float64(0.0), 'Hour': np.float64(0.037535959684904696), 'Month': np.float64(0.0015990779382577195)}
2026-09-13 13:55:17,861 - experiments.runner - INFO - Training sampling P (α=0.3) for graph_2: {'GHI': 0.22265858806114183, 'Ambient_Temp': 0.2011360434560396, 'Panel_Temp': 0.25981905068127703, 'Wind_Speed': 0.054082486406452975, 'Humidity': 0.10157597172554148, 'Pressure': 0.03333333333333333, 'SunShine': 0.03333333333333333, 'Hour': 0.05960850511276662, 'Month': 0.034452687890113735}
2026-09-13 13:55:17,864 - experiments.runner - INFO - ============================================================
2026-09-13 13:55:17,867 - experiments.runner - INFO - Processing graph: graph_3
2026-09-13 13:55:17,869 - experiments.runner - INFO - ============================================================
2026-09-13 13:55:17,872 - experiments.runner - INFO - Exact match: 'GHI' -> 'GHI'
2026-09-13 13:55:17,875 - experiments.runner - INFO - Exact match: 'DC_Power' -> 'DC_Power'
2026-09-13 13:55:17,884 - experiments.runner - INFO - Exact match: 'Panel_Temp' -> 'Panel_Temp'
2026-09-13 13:55:17,889 - experiments.runner - INFO - Exact match: 'Ambient_Temp' -> 'Ambient_Temp'
2026-09-13 13:55:17,893 - experiments.runner - INFO - Exact match: 'Humidity' -> 'Humidity'
2026-09-13 13:55:17,899 - experiments.runner - INFO - Exact match: 'Wind_Speed' -> 'Wind_Speed'
2026-09-13 13:55:17,903 - experiments.runner - INFO - Exact match: 'Hour' -> 'Hour'
2026-09-13 13:55:17,905 - experiments.runner - INFO - Exact match: 'Month' -> 'Month'
2026-09-13 13:55:17,908 - experiments.runner - INFO - Estimating DRWs with alpha=0.001...
2026-09-13 13:55:17,923 - graph.ridge_estimator - INFO - DRW coefficients for DC_Power (parents ['GHI', 'Panel_Temp', 'Ambient_Temp', 'Wind_Speed', 'Humidity']): {'GHI': np.float64(0.204480637446251), 'Panel_Temp': np.float64(1.3289315321446737), 'Ambient_Temp': np.float64(-0.7457558162888255), 'Wind_Speed': np.float64(0.03448776848683779), 'Humidity': np.float64(0.015102642108431685)}
2026-09-13 13:55:17,932 - graph.ridge_estimator - INFO - R² for node DC_Power: 0.8445
2026-09-13 13:55:17,942 - graph.ridge_estimator - INFO - DRW coefficients for Panel_Temp (parents ['GHI', 'Ambient_Temp', 'Wind_Speed']): {'GHI': np.float64(0.3025342658600985), 'Ambient_Temp': np.float64(0.6901831211685034), 'Wind_Speed': np.float64(0.1281146428945451)}
2026-09-13 13:55:17,949 - graph.ridge_estimator - INFO - R² for node Panel_Temp: 0.8834
2026-09-13 13:55:17,959 - graph.ridge_estimator - INFO - DRW coefficients for Ambient_Temp (parents ['Wind_Speed', 'Hour', 'Month']): {'Wind_Speed': np.float64(0.29163078029434875), 'Hour': np.float64(0.3955494906933935), 'Month': np.float64(0.282348148432042)}
2026-09-13 13:55:17,967 - graph.ridge_estimator - INFO - R² for node Ambient_Temp: 0.3501
2026-09-13 13:55:17,975 - graph.ridge_estimator - INFO - DRW coefficients for Humidity (parents ['Ambient_Temp', 'Wind_Speed', 'Month']): {'Ambient_Temp': np.float64(-0.7529004640516184), 'Wind_Speed': np.float64(-0.10004078680741665), 'Month': np.float64(0.32082160804206583)}
2026-09-13 13:55:17,983 - graph.ridge_estimator - INFO - R² for node Humidity: 0.5770
2026-09-13 13:55:17,985 - graph.ridge_estimator - INFO - DRW estimation complete for 4 nodes
2026-09-13 13:55:17,990 - graph.ridge_estimator - INFO - DRW dictionary: {'DC_Power': {'GHI': np.float64(0.08780672042053311), 'Panel_Temp': np.float64(0.5706609728841956), 'Ambient_Temp': np.float64(0.320237521169073), 'Wind_Speed': np.float64(0.014809509023796123), 'Humidity': np.float64(0.006485276502402379)}, 'Panel_Temp': {'GHI': np.float64(0.26991936149508733), 'Ambient_Temp': np.float64(0.6157774784646614), 'Wind_Speed': np.float64(0.11430316004025119)}, 'Ambient_Temp': {'Wind_Speed': np.float64(0.3007965258706657), 'Hour': np.float64(0.40798132656091785), 'Month': np.float64(0.29122214756841647)}, 'Humidity': {'Ambient_Temp': np.float64(0.6414417174151328), 'Wind_Speed': np.float64(0.08523083351016639), 'Month': np.float64(0.27332744907470075)}}
2026-09-13 13:55:17,993 - graph.ridge_estimator - INFO - R² scores: {'GHI': 0.0, 'DC_Power': 0.8444608702250931, 'Panel_Temp': 0.8834425082770287, 'Ambient_Temp': 0.350143882471891, 'Humidity': 0.5770023350339799, 'Wind_Speed': 0.0, 'Hour': 0.0, 'Month': 0.0}
2026-09-13 13:55:17,996 - experiments.runner - INFO - DRW estimation complete for 4 nodes
2026-09-13 13:55:18,001 - experiments.runner - INFO - Computing DPWs for target: DC_Power
2026-09-13 13:55:18,004 - graph.domain_prior - INFO - Final DPW for input features (with intrinsic): {'GHI': np.float64(0.1294467373958688), 'Ambient_Temp': np.float64(0.3660356989105594), 'Panel_Temp': np.float64(0.3299462943296303), 'Wind_Speed': np.float64(0.08061670578130667), 'Humidity': np.float64(0.003749674590249085), 'Pressure': np.float64(0.0), 'SunShine': np.float64(0.0), 'Hour': np.float64(0.05228899229753947), 'Month': np.float64(0.03791589669484631)}
2026-09-13 13:55:18,008 - experiments.runner - INFO - Raw DPW for graph_3: {'GHI': np.float64(0.1294467373958688), 'Ambient_Temp': np.float64(0.3660356989105594), 'Panel_Temp': np.float64(0.3299462943296303), 'Wind_Speed': np.float64(0.08061670578130667), 'Humidity': np.float64(0.003749674590249085), 'Pressure': np.float64(0.0), 'SunShine': np.float64(0.0), 'Hour': np.float64(0.05228899229753947), 'Month': np.float64(0.03791589669484631)}
2026-09-13 13:55:18,010 - experiments.runner - INFO - R² used for intrinsic γ: {'GHI': 0.0, 'DC_Power': 0.8444608702250931, 'Panel_Temp': 0.8834425082770287, 'Ambient_Temp': 0.350143882471891, 'Humidity': 0.5770023350339799, 'Wind_Speed': 0.0, 'Hour': 0.0, 'Month': 0.0}
2026-09-13 13:55:18,014 - experiments.runner - INFO - Filtered DPW (pre-smooth) for graph_3: {'GHI': np.float64(0.1294467373958688), 'Ambient_Temp': np.float64(0.3660356989105594), 'Panel_Temp': np.float64(0.3299462943296303), 'Wind_Speed': np.float64(0.08061670578130667), 'Humidity': np.float64(0.003749674590249085), 'Pressure': np.float64(0.0), 'SunShine': np.float64(0.0), 'Hour': np.float64(0.05228899229753947), 'Month': np.float64(0.03791589669484631)}
2026-09-13 13:55:18,020 - experiments.runner - INFO - Training sampling P (α=0.3) for graph_3: {'GHI': 0.12394604951044147, 'Ambient_Temp': 0.2895583225707249, 'Panel_Temp': 0.2642957393640745, 'Wind_Speed': 0.089765027380248, 'Humidity': 0.03595810554650769, 'Pressure': 0.03333333333333333, 'SunShine': 0.03333333333333333, 'Hour': 0.06993562794161096, 'Month': 0.05987446101972575}
2026-09-13 13:55:18,023 - experiments.runner - INFO - Baselines: RF + XGBoost always | Domain-weighted experimental: ['bagging'] (bagging.enabled=True, boosting.enabled=False, experiment_type=AlgorithmType.COMPARISON)
2026-09-13 13:55:18,025 - experiments.runner - INFO - Total tasks: 15
2026-09-13 13:56:50,628 - experiments.runner - INFO - Valid results: 15 / 15
2026-09-13 13:56:50,643 - experiments.runner - INFO - RF predictions averaged over 5 runs (physical units)
2026-09-13 13:56:50,652 - experiments.runner - INFO - XGBoost predictions averaged over 5 runs (physical units)
2026-09-13 13:56:50,660 - experiments.runner - INFO - DARF predictions averaged over 5 runs (physical units)
2026-09-13 13:56:50,669 - experiments.runner - INFO - Average timing: {'Preprocessing': 0.12094283103942871, 'Training': {'RF': 6.348902893332221, 'XGBoost': 3.6407859066675883, 'DARF': 6.3260672866657846}, 'Inference': {'RF': 0.9507126066678514, 'XGBoost': 0.04460562000167556, 'DARF': 1.2290204866653462}}
2026-09-13 13:56:50,685 - experiments.runner - INFO - Model result keys: ['graph_1_bagging_rf', 'graph_1_bagging_dwrf', 'graph_1_bagging_xgb', 'graph_2_bagging_rf', 'graph_2_bagging_dwrf', 'graph_2_bagging_xgb', 'graph_3_bagging_rf', 'graph_3_bagging_dwrf', 'graph_3_bagging_xgb']
2026-09-13 13:57:00,847 - analysis.sensitivity - WARNING - full_df_scaled / graphs missing from data_dict – λ-sensitivity will reuse the original DPW (incomplete).
2026-09-13 13:57:00,852 - analysis.sensitivity - INFO - λ-sensitivity: estimating DRW/DPW with λ=0.01
2026-09-13 13:57:08,919 - analysis.sensitivity - INFO - λ=0.01 (seed=10042) → MAE=0.3552, MAPE=77.5527
2026-09-13 13:57:08,923 - analysis.sensitivity - INFO - λ-sensitivity: estimating DRW/DPW with λ=0.05
2026-09-13 13:57:14,413 - analysis.sensitivity - INFO - λ=0.05 (seed=50042) → MAE=0.3726, MAPE=80.0229
2026-09-13 13:57:14,417 - analysis.sensitivity - INFO - λ-sensitivity: estimating DRW/DPW with λ=0.1
2026-09-13 13:57:19,180 - analysis.sensitivity - INFO - λ=0.1 (seed=100042) → MAE=0.3586, MAPE=75.7810
2026-09-13 13:57:19,182 - analysis.sensitivity - INFO - λ-sensitivity: estimating DRW/DPW with λ=0.5
2026-09-13 13:57:23,083 - analysis.sensitivity - INFO - λ=0.5 (seed=500042) → MAE=0.3656, MAPE=79.6570
2026-09-13 13:57:23,086 - analysis.sensitivity - INFO - λ-sensitivity: estimating DRW/DPW with λ=1.0
2026-09-13 13:57:27,416 - analysis.sensitivity - INFO - λ=1.0 (seed=1000042) → MAE=0.3634, MAPE=79.0872
2026-09-13 13:57:27,420 - analysis.sensitivity - INFO - λ-sensitivity: estimating DRW/DPW with λ=2.0
2026-09-13 13:57:32,225 - analysis.sensitivity - INFO - λ=2.0 (seed=2000042) → MAE=0.3672, MAPE=79.7476
2026-09-13 13:57:32,233 - analysis.sensitivity - INFO - λ-sensitivity: estimating DRW/DPW with λ=5.0
2026-09-13 13:57:36,535 - analysis.sensitivity - INFO - λ=5.0 (seed=5000042) → MAE=0.3708, MAPE=81.7319
2026-09-13 13:57:36,539 - analysis.sensitivity - INFO - λ-sensitivity: estimating DRW/DPW with λ=7.0
2026-09-13 13:57:40,244 - analysis.sensitivity - INFO - λ=7.0 (seed=7000042) → MAE=0.3561, MAPE=78.1523
2026-09-13 13:57:40,247 - analysis.sensitivity - INFO - λ-sensitivity: estimating DRW/DPW with λ=10.0
2026-09-13 13:57:44,084 - analysis.sensitivity - INFO - λ=10.0 (seed=10000042) → MAE=0.3687, MAPE=82.6128
2026-09-13 13:57:48,845 - analysis.sensitivity - INFO - α=0.01 (seed=10010042) → MAE=0.3662
2026-09-13 13:57:52,737 - analysis.sensitivity - INFO - α=0.05 (seed=10050042) → MAE=0.3655
2026-09-13 13:57:56,417 - analysis.sensitivity - INFO - α=0.1 (seed=10100042) → MAE=0.3744
2026-09-13 13:58:00,789 - analysis.sensitivity - INFO - α=0.2 (seed=10200042) → MAE=0.3616
2026-09-13 13:58:05,951 - analysis.sensitivity - INFO - α=0.3 (seed=10300042) → MAE=0.3411
2026-09-13 13:58:09,989 - analysis.sensitivity - INFO - α=0.4 (seed=10400042) → MAE=0.3470
2026-09-13 13:58:14,224 - analysis.sensitivity - INFO - α=0.5 (seed=10500042) → MAE=0.3441
2026-09-13 13:58:18,436 - analysis.sensitivity - INFO - α=0.7 (seed=10700042) → MAE=0.3579
2026-09-13 13:58:22,839 - analysis.sensitivity - INFO - α=1.0 (seed=11000042) → MAE=0.3625
2026-09-13 13:58:28,725 - evaluation.metrics - WARNING - mape_threshold=5.1 excluded all 11 points (max |y|=0.08). Falling back to full-set MAPE. Use a smaller floor in the same units as y, or ensure y is inverse-scaled to physical units before metrics.
2026-09-13 13:58:28,731 - evaluation.metrics - WARNING - mape_threshold=5.1 excluded all 11 points (max |y|=0.08). Falling back to full-set MAPE. Use a smaller floor in the same units as y, or ensure y is inverse-scaled to physical units before metrics.
2026-09-13 13:58:28,737 - evaluation.metrics - WARNING - mape_threshold=5.1 excluded all 11 points (max |y|=0.08). Falling back to full-set MAPE. Use a smaller floor in the same units as y, or ensure y is inverse-scaled to physical units before metrics.
2026-09-13 13:58:28,743 - evaluation.metrics - WARNING - mape_threshold=5.1 excluded all 52 points (max |y|=2.75). Falling back to full-set MAPE. Use a smaller floor in the same units as y, or ensure y is inverse-scaled to physical units before metrics.
2026-09-13 13:58:28,751 - evaluation.metrics - WARNING - mape_threshold=5.1 excluded all 52 points (max |y|=2.75). Falling back to full-set MAPE. Use a smaller floor in the same units as y, or ensure y is inverse-scaled to physical units before metrics.
2026-09-13 13:58:28,756 - evaluation.metrics - WARNING - mape_threshold=5.1 excluded all 52 points (max |y|=2.75). Falling back to full-set MAPE. Use a smaller floor in the same units as y, or ensure y is inverse-scaled to physical units before metrics.
2026-09-13 13:58:28,832 - evaluation.metrics - WARNING - mape_threshold=5.1 excluded all 50 points (max |y|=0.85). Falling back to full-set MAPE. Use a smaller floor in the same units as y, or ensure y is inverse-scaled to physical units before metrics.
2026-09-13 13:58:28,845 - evaluation.metrics - WARNING - mape_threshold=5.1 excluded all 50 points (max |y|=0.85). Falling back to full-set MAPE. Use a smaller floor in the same units as y, or ensure y is inverse-scaled to physical units before metrics.
2026-09-13 13:58:28,852 - evaluation.metrics - WARNING - mape_threshold=5.1 excluded all 50 points (max |y|=0.85). Falling back to full-set MAPE. Use a smaller floor in the same units as y, or ensure y is inverse-scaled to physical units before metrics.
2026-09-13 13:58:28,855 - experiments.runner - INFO - Temporal analysis completed (RF, XGBoost, experimental).
2026-09-13 13:58:28,858 - experiments.runner - INFO - Viz keys: rf=graph_1_bagging_rf, dwrf=graph_1_bagging_dwrf, xgb=graph_1_bagging_xgb
2026-09-13 13:58:28,885 - visualization.plots - INFO - Generating all plots...
2026-09-13 13:58:43,218 - visualization.plots - INFO - All plots generated.
2026-09-13 13:58:43,223 - experiments.runner - INFO - Visualizations generated.
2026-09-13 13:58:43,254 - experiments.runner - INFO - Results saved to dwrf_output\results_summary.json
2026-09-13 13:58:43,257 - experiments.runner - INFO - Experiment completed successfully.
2026-09-13 14:01:40,346 - experiments.runner - INFO - Starting DARF V4 experiment: DARF
2026-09-13 14:01:40,352 - experiments.runner - INFO - MAPE near-zero floor (mape_threshold) set to: 5.1 (physical units after inverse-scaling y)
2026-09-13 14:01:40,357 - data.loader - INFO - Loading data from C:/Users/User/OneDrive/Personal/Masters/MPhil Electrical Engineering/MPhil/Research Papers/3_Technical paper/Riverside_data_dwrf.csv
2026-09-13 14:01:40,401 - experiments.runner - INFO - Preprocessing time: 0.045 seconds
2026-09-13 14:01:40,417 - experiments.runner - INFO - Data shapes: X_train=(3353, 9), X_test=(719, 9)
2026-09-13 14:01:40,420 - experiments.runner - INFO - Feature names: ['GHI', 'Ambient_Temp', 'Panel_Temp', 'Wind_Speed', 'Humidity', 'Pressure', 'SunShine', 'Hour', 'Month']
2026-09-13 14:01:40,424 - experiments.runner - INFO - Target column: DC_Power
2026-09-13 14:01:40,431 - experiments.runner - INFO - Full DataFrame columns: ['timestamp', 'Ambient_Temp', 'Humidity', 'Pressure', 'Wind_Speed', 'SunShine', 'GHI', 'Panel_Temp', 'DC_Power', 'Month', 'Hour', 'DC_Power_Level']
2026-09-13 14:01:40,435 - graph.multi_graph - INFO - Graph graph_1 edges: {'GHI': ['DC_Power', 'Panel_Temp'], 'Ambient_Temp': ['Panel_Temp', 'Humidity'], 'Panel_Temp': ['DC_Power'], 'Wind_Speed': ['Ambient_Temp', 'Humidity'], 'Hour': ['GHI', 'Ambient_Temp'], 'Month': ['GHI'], 'SunShine': ['DC_Power'], 'Pressure': [], 'Humidity': ['DC_Power']}
2026-09-13 14:01:40,441 - graph.multi_graph - INFO - Graph graph_2 edges: {'GHI': ['DC_Power', 'Panel_Temp'], 'Ambient_Temp': ['Panel_Temp', 'Humidity'], 'Panel_Temp': ['DC_Power'], 'Wind_Speed': ['Ambient_Temp'], 'Hour': ['GHI', 'Ambient_Temp'], 'Month': ['GHI'], 'Humidity': ['DC_Power']}
2026-09-13 14:01:40,446 - graph.multi_graph - INFO - Graph graph_3 edges: {'GHI': ['DC_Power', 'Panel_Temp'], 'Panel_Temp': ['DC_Power'], 'Ambient_Temp': ['DC_Power', 'Panel_Temp', 'Humidity'], 'Wind_Speed': ['DC_Power', 'Panel_Temp', 'Ambient_Temp', 'Humidity'], 'Humidity': ['DC_Power'], 'Hour': ['Ambient_Temp'], 'Month': ['Ambient_Temp', 'Humidity']}
2026-09-13 14:01:40,450 - experiments.runner - INFO - ============================================================
2026-09-13 14:01:40,453 - experiments.runner - INFO - Processing graph: graph_1
2026-09-13 14:01:40,463 - experiments.runner - INFO - ============================================================
2026-09-13 14:01:40,467 - experiments.runner - INFO - Exact match: 'GHI' -> 'GHI'
2026-09-13 14:01:40,471 - experiments.runner - INFO - Exact match: 'DC_Power' -> 'DC_Power'
2026-09-13 14:01:40,475 - experiments.runner - INFO - Exact match: 'Panel_Temp' -> 'Panel_Temp'
2026-09-13 14:01:40,479 - experiments.runner - INFO - Exact match: 'Ambient_Temp' -> 'Ambient_Temp'
2026-09-13 14:01:40,483 - experiments.runner - INFO - Exact match: 'Humidity' -> 'Humidity'
2026-09-13 14:01:40,487 - experiments.runner - INFO - Exact match: 'Wind_Speed' -> 'Wind_Speed'
2026-09-13 14:01:40,491 - experiments.runner - INFO - Exact match: 'Hour' -> 'Hour'
2026-09-13 14:01:40,494 - experiments.runner - INFO - Exact match: 'Month' -> 'Month'
2026-09-13 14:01:40,498 - experiments.runner - INFO - Exact match: 'SunShine' -> 'SunShine'
2026-09-13 14:01:40,501 - experiments.runner - INFO - Estimating DRWs with alpha=0.001...
2026-09-13 14:01:40,510 - graph.ridge_estimator - INFO - DRW coefficients for GHI (parents ['Hour', 'Month']): {'Hour': np.float64(0.09191525046233252), 'Month': np.float64(-0.0702043234618354)}
2026-09-13 14:01:40,516 - graph.ridge_estimator - INFO - R² for node GHI: 0.0137
2026-09-13 14:01:40,527 - graph.ridge_estimator - INFO - DRW coefficients for DC_Power (parents ['GHI', 'Panel_Temp', 'SunShine', 'Humidity']): {'GHI': np.float64(0.34626309261009086), 'Panel_Temp': np.float64(0.6712819204539988), 'SunShine': np.float64(-0.29873619633161985), 'Humidity': np.float64(0.026519115821653703)}
2026-09-13 14:01:40,537 - graph.ridge_estimator - INFO - R² for node DC_Power: 0.8212
2026-09-13 14:01:40,546 - graph.ridge_estimator - INFO - DRW coefficients for Panel_Temp (parents ['GHI', 'Ambient_Temp']): {'GHI': np.float64(0.3283308196366098), 'Ambient_Temp': np.float64(0.7218487637709391)}
2026-09-13 14:01:40,555 - graph.ridge_estimator - INFO - R² for node Panel_Temp: 0.8695
2026-09-13 14:01:40,564 - graph.ridge_estimator - INFO - DRW coefficients for Ambient_Temp (parents ['Wind_Speed', 'Hour']): {'Wind_Speed': np.float64(0.32398615695559935), 'Hour': np.float64(0.3873885407511019)}
2026-09-13 14:01:40,570 - graph.ridge_estimator - INFO - R² for node Ambient_Temp: 0.2715
2026-09-13 14:01:40,581 - graph.ridge_estimator - INFO - DRW coefficients for Humidity (parents ['Ambient_Temp', 'Wind_Speed']): {'Ambient_Temp': np.float64(-0.6551916119343523), 'Wind_Speed': np.float64(-0.09802396605255873)}
2026-09-13 14:01:40,588 - graph.ridge_estimator - INFO - R² for node Humidity: 0.4838
2026-09-13 14:01:40,592 - graph.ridge_estimator - INFO - DRW estimation complete for 5 nodes
2026-09-13 14:01:40,596 - graph.ridge_estimator - INFO - DRW dictionary: {'GHI': {'Hour': np.float64(0.5669596103510995), 'Month': np.float64(0.43304038964890046)}, 'DC_Power': {'GHI': np.float64(0.25786640508449393), 'Panel_Temp': np.float64(0.4999119436058643), 'SunShine': np.float64(0.22247253796521269), 'Humidity': np.float64(0.0197491133444289)}, 'Panel_Temp': {'GHI': np.float64(0.31264254687875864), 'Ambient_Temp': np.float64(0.6873574531212414)}, 'Ambient_Temp': {'Wind_Speed': np.float64(0.45543671710569944), 'Hour': np.float64(0.5445632828943006)}, 'Humidity': {'Ambient_Temp': np.float64(0.8698593484822188), 'Wind_Speed': np.float64(0.1301406515177812)}}
2026-09-13 14:01:40,600 - graph.ridge_estimator - INFO - R² scores: {'GHI': 0.013653082575271758, 'DC_Power': 0.8212201343982459, 'Panel_Temp': 0.8695267881976556, 'Ambient_Temp': 0.27150220660700397, 'Humidity': 0.48376455345814096, 'Wind_Speed': 0.0, 'Hour': 0.0, 'Month': 0.0, 'SunShine': 0.0}
2026-09-13 14:01:40,603 - experiments.runner - INFO - DRW estimation complete for 5 nodes
2026-09-13 14:01:40,608 - experiments.runner - INFO - Computing DPWs for target: DC_Power
2026-09-13 14:01:40,612 - graph.domain_prior - INFO - Final DPW for input features (with intrinsic): {'GHI': np.float64(0.2568620495335465), 'Ambient_Temp': np.float64(0.2003241899779219), 'Panel_Temp': np.float64(0.32610167883871227), 'Wind_Speed': np.float64(0.025581563663868715), 'Humidity': np.float64(0.012882706843811306), 'Pressure': np.float64(0.0), 'SunShine': np.float64(0.14512289424947833), 'Hour': np.float64(0.03160626209923311), 'Month': np.float64(0.0015186547934278182)}
2026-09-13 14:01:40,615 - experiments.runner - INFO - Raw DPW for graph_1: {'GHI': np.float64(0.2568620495335465), 'Ambient_Temp': np.float64(0.2003241899779219), 'Panel_Temp': np.float64(0.32610167883871227), 'Wind_Speed': np.float64(0.025581563663868715), 'Humidity': np.float64(0.012882706843811306), 'Pressure': np.float64(0.0), 'SunShine': np.float64(0.14512289424947833), 'Hour': np.float64(0.03160626209923311), 'Month': np.float64(0.0015186547934278182)}
2026-09-13 14:01:40,619 - experiments.runner - INFO - R² used for intrinsic γ: {'GHI': 0.013653082575271758, 'DC_Power': 0.8212201343982459, 'Panel_Temp': 0.8695267881976556, 'Ambient_Temp': 0.27150220660700397, 'Humidity': 0.48376455345814096, 'Wind_Speed': 0.0, 'Hour': 0.0, 'Month': 0.0, 'SunShine': 0.0}
2026-09-13 14:01:40,623 - experiments.runner - INFO - Filtered DPW (pre-smooth) for graph_1: {'GHI': np.float64(0.2568620495335465), 'Ambient_Temp': np.float64(0.2003241899779219), 'Panel_Temp': np.float64(0.32610167883871227), 'Wind_Speed': np.float64(0.025581563663868715), 'Humidity': np.float64(0.012882706843811306), 'Pressure': np.float64(0.0), 'SunShine': np.float64(0.14512289424947833), 'Hour': np.float64(0.03160626209923311), 'Month': np.float64(0.0015186547934278182)}
2026-09-13 14:01:40,626 - experiments.runner - INFO - Training sampling P (α=0.3) for graph_1: {'GHI': 0.21313676800681589, 'Ambient_Temp': 0.17356026631787863, 'Panel_Temp': 0.26160450852043193, 'Wind_Speed': 0.05124042789804143, 'Humidity': 0.042351228124001244, 'Pressure': 0.03333333333333333, 'SunShine': 0.13491935930796817, 'Hour': 0.055457716802796514, 'Month': 0.034396391688732805}
2026-09-13 14:01:40,630 - experiments.runner - INFO - ============================================================
2026-09-13 14:01:40,633 - experiments.runner - INFO - Processing graph: graph_2
2026-09-13 14:01:40,636 - experiments.runner - INFO - ============================================================
2026-09-13 14:01:40,640 - experiments.runner - INFO - Exact match: 'GHI' -> 'GHI'
2026-09-13 14:01:40,644 - experiments.runner - INFO - Exact match: 'DC_Power' -> 'DC_Power'
2026-09-13 14:01:40,648 - experiments.runner - INFO - Exact match: 'Panel_Temp' -> 'Panel_Temp'
2026-09-13 14:01:40,651 - experiments.runner - INFO - Exact match: 'Ambient_Temp' -> 'Ambient_Temp'
2026-09-13 14:01:40,655 - experiments.runner - INFO - Exact match: 'Humidity' -> 'Humidity'
2026-09-13 14:01:40,659 - experiments.runner - INFO - Exact match: 'Wind_Speed' -> 'Wind_Speed'
2026-09-13 14:01:40,662 - experiments.runner - INFO - Exact match: 'Hour' -> 'Hour'
2026-09-13 14:01:40,665 - experiments.runner - INFO - Exact match: 'Month' -> 'Month'
2026-09-13 14:01:40,667 - experiments.runner - INFO - Estimating DRWs with alpha=0.001...
2026-09-13 14:01:40,676 - graph.ridge_estimator - INFO - DRW coefficients for GHI (parents ['Hour', 'Month']): {'Hour': np.float64(0.09191525046233252), 'Month': np.float64(-0.0702043234618354)}
2026-09-13 14:01:40,683 - graph.ridge_estimator - INFO - R² for node GHI: 0.0137
2026-09-13 14:01:40,697 - graph.ridge_estimator - INFO - DRW coefficients for DC_Power (parents ['GHI', 'Panel_Temp', 'Humidity']): {'GHI': np.float64(0.3804491661695964), 'Panel_Temp': np.float64(0.6744658906065989), 'Humidity': np.float64(0.20322399319262252)}
2026-09-13 14:01:40,705 - graph.ridge_estimator - INFO - R² for node DC_Power: 0.7582
2026-09-13 14:01:40,717 - graph.ridge_estimator - INFO - DRW coefficients for Panel_Temp (parents ['GHI', 'Ambient_Temp']): {'GHI': np.float64(0.3283308196366098), 'Ambient_Temp': np.float64(0.7218487637709391)}
2026-09-13 14:01:40,725 - graph.ridge_estimator - INFO - R² for node Panel_Temp: 0.8695
2026-09-13 14:01:40,736 - graph.ridge_estimator - INFO - DRW coefficients for Ambient_Temp (parents ['Wind_Speed', 'Hour']): {'Wind_Speed': np.float64(0.32398615695559935), 'Hour': np.float64(0.3873885407511019)}
2026-09-13 14:01:40,750 - graph.ridge_estimator - INFO - R² for node Ambient_Temp: 0.2715
2026-09-13 14:01:40,756 - graph.ridge_estimator - INFO - DRW coefficients for Humidity (parents ['Ambient_Temp']): {'Ambient_Temp': np.float64(-0.6894408405502239)}
2026-09-13 14:01:40,767 - graph.ridge_estimator - INFO - R² for node Humidity: 0.4753
2026-09-13 14:01:40,772 - graph.ridge_estimator - INFO - DRW estimation complete for 5 nodes
2026-09-13 14:01:40,776 - graph.ridge_estimator - INFO - DRW dictionary: {'GHI': {'Hour': np.float64(0.5669596103510995), 'Month': np.float64(0.43304038964890046)}, 'DC_Power': {'GHI': np.float64(0.3023903964979273), 'Panel_Temp': np.float64(0.5360821529411356), 'Humidity': np.float64(0.16152745056093704)}, 'Panel_Temp': {'GHI': np.float64(0.31264254687875864), 'Ambient_Temp': np.float64(0.6873574531212414)}, 'Ambient_Temp': {'Wind_Speed': np.float64(0.45543671710569944), 'Hour': np.float64(0.5445632828943006)}, 'Humidity': {'Ambient_Temp': np.float64(1.0)}}
2026-09-13 14:01:40,783 - graph.ridge_estimator - INFO - R² scores: {'GHI': 0.013653082575271758, 'DC_Power': 0.7581584922917597, 'Panel_Temp': 0.8695267881976556, 'Ambient_Temp': 0.27150220660700397, 'Humidity': 0.4753288710442609, 'Wind_Speed': 0.0, 'Hour': 0.0, 'Month': 0.0}
2026-09-13 14:01:40,791 - experiments.runner - INFO - DRW estimation complete for 5 nodes
2026-09-13 14:01:40,800 - experiments.runner - INFO - Computing DPWs for target: DC_Power
2026-09-13 14:01:40,804 - graph.domain_prior - INFO - Final DPW for input features (with intrinsic): {'GHI': np.float64(0.270464649611155), 'Ambient_Temp': np.float64(0.23971815731815185), 'Panel_Temp': np.float64(0.3235510247827767), 'Wind_Speed': np.float64(0.029641647247313774), 'Humidity': np.float64(0.0974894834174402), 'Pressure': np.float64(0.0), 'SunShine': np.float64(0.0), 'Hour': np.float64(0.037535959684904696), 'Month': np.float64(0.0015990779382577195)}
2026-09-13 14:01:40,809 - experiments.runner - INFO - Raw DPW for graph_2: {'GHI': np.float64(0.270464649611155), 'Ambient_Temp': np.float64(0.23971815731815185), 'Panel_Temp': np.float64(0.3235510247827767), 'Wind_Speed': np.float64(0.029641647247313774), 'Humidity': np.float64(0.0974894834174402), 'Pressure': np.float64(0.0), 'SunShine': np.float64(0.0), 'Hour': np.float64(0.037535959684904696), 'Month': np.float64(0.0015990779382577195)}
2026-09-13 14:01:40,813 - experiments.runner - INFO - R² used for intrinsic γ: {'GHI': 0.013653082575271758, 'DC_Power': 0.7581584922917597, 'Panel_Temp': 0.8695267881976556, 'Ambient_Temp': 0.27150220660700397, 'Humidity': 0.4753288710442609, 'Wind_Speed': 0.0, 'Hour': 0.0, 'Month': 0.0}
2026-09-13 14:01:40,816 - experiments.runner - INFO - Filtered DPW (pre-smooth) for graph_2: {'GHI': np.float64(0.270464649611155), 'Ambient_Temp': np.float64(0.23971815731815185), 'Panel_Temp': np.float64(0.3235510247827767), 'Wind_Speed': np.float64(0.029641647247313774), 'Humidity': np.float64(0.0974894834174402), 'Pressure': np.float64(0.0), 'SunShine': np.float64(0.0), 'Hour': np.float64(0.037535959684904696), 'Month': np.float64(0.0015990779382577195)}
2026-09-13 14:01:40,820 - experiments.runner - INFO - Training sampling P (α=0.3) for graph_2: {'GHI': 0.22265858806114183, 'Ambient_Temp': 0.2011360434560396, 'Panel_Temp': 0.25981905068127703, 'Wind_Speed': 0.054082486406452975, 'Humidity': 0.10157597172554148, 'Pressure': 0.03333333333333333, 'SunShine': 0.03333333333333333, 'Hour': 0.05960850511276662, 'Month': 0.034452687890113735}
2026-09-13 14:01:40,823 - experiments.runner - INFO - ============================================================
2026-09-13 14:01:40,826 - experiments.runner - INFO - Processing graph: graph_3
2026-09-13 14:01:40,830 - experiments.runner - INFO - ============================================================
2026-09-13 14:01:40,833 - experiments.runner - INFO - Exact match: 'GHI' -> 'GHI'
2026-09-13 14:01:40,836 - experiments.runner - INFO - Exact match: 'DC_Power' -> 'DC_Power'
2026-09-13 14:01:40,839 - experiments.runner - INFO - Exact match: 'Panel_Temp' -> 'Panel_Temp'
2026-09-13 14:01:40,843 - experiments.runner - INFO - Exact match: 'Ambient_Temp' -> 'Ambient_Temp'
2026-09-13 14:01:40,847 - experiments.runner - INFO - Exact match: 'Humidity' -> 'Humidity'
2026-09-13 14:01:40,851 - experiments.runner - INFO - Exact match: 'Wind_Speed' -> 'Wind_Speed'
2026-09-13 14:01:40,854 - experiments.runner - INFO - Exact match: 'Hour' -> 'Hour'
2026-09-13 14:01:40,859 - experiments.runner - INFO - Exact match: 'Month' -> 'Month'
2026-09-13 14:01:40,863 - experiments.runner - INFO - Estimating DRWs with alpha=0.001...
2026-09-13 14:01:40,873 - graph.ridge_estimator - INFO - DRW coefficients for DC_Power (parents ['GHI', 'Panel_Temp', 'Ambient_Temp', 'Wind_Speed', 'Humidity']): {'GHI': np.float64(0.204480637446251), 'Panel_Temp': np.float64(1.3289315321446737), 'Ambient_Temp': np.float64(-0.7457558162888255), 'Wind_Speed': np.float64(0.03448776848683779), 'Humidity': np.float64(0.015102642108431685)}
2026-09-13 14:01:40,881 - graph.ridge_estimator - INFO - R² for node DC_Power: 0.8445
2026-09-13 14:01:40,892 - graph.ridge_estimator - INFO - DRW coefficients for Panel_Temp (parents ['GHI', 'Ambient_Temp', 'Wind_Speed']): {'GHI': np.float64(0.3025342658600985), 'Ambient_Temp': np.float64(0.6901831211685034), 'Wind_Speed': np.float64(0.1281146428945451)}
2026-09-13 14:01:40,899 - graph.ridge_estimator - INFO - R² for node Panel_Temp: 0.8834
2026-09-13 14:01:40,909 - graph.ridge_estimator - INFO - DRW coefficients for Ambient_Temp (parents ['Wind_Speed', 'Hour', 'Month']): {'Wind_Speed': np.float64(0.29163078029434875), 'Hour': np.float64(0.3955494906933935), 'Month': np.float64(0.282348148432042)}
2026-09-13 14:01:40,916 - graph.ridge_estimator - INFO - R² for node Ambient_Temp: 0.3501
2026-09-13 14:01:40,929 - graph.ridge_estimator - INFO - DRW coefficients for Humidity (parents ['Ambient_Temp', 'Wind_Speed', 'Month']): {'Ambient_Temp': np.float64(-0.7529004640516184), 'Wind_Speed': np.float64(-0.10004078680741665), 'Month': np.float64(0.32082160804206583)}
2026-09-13 14:01:40,936 - graph.ridge_estimator - INFO - R² for node Humidity: 0.5770
2026-09-13 14:01:40,943 - graph.ridge_estimator - INFO - DRW estimation complete for 4 nodes
2026-09-13 14:01:40,946 - graph.ridge_estimator - INFO - DRW dictionary: {'DC_Power': {'GHI': np.float64(0.08780672042053311), 'Panel_Temp': np.float64(0.5706609728841956), 'Ambient_Temp': np.float64(0.320237521169073), 'Wind_Speed': np.float64(0.014809509023796123), 'Humidity': np.float64(0.006485276502402379)}, 'Panel_Temp': {'GHI': np.float64(0.26991936149508733), 'Ambient_Temp': np.float64(0.6157774784646614), 'Wind_Speed': np.float64(0.11430316004025119)}, 'Ambient_Temp': {'Wind_Speed': np.float64(0.3007965258706657), 'Hour': np.float64(0.40798132656091785), 'Month': np.float64(0.29122214756841647)}, 'Humidity': {'Ambient_Temp': np.float64(0.6414417174151328), 'Wind_Speed': np.float64(0.08523083351016639), 'Month': np.float64(0.27332744907470075)}}
2026-09-13 14:01:40,950 - graph.ridge_estimator - INFO - R² scores: {'GHI': 0.0, 'DC_Power': 0.8444608702250931, 'Panel_Temp': 0.8834425082770287, 'Ambient_Temp': 0.350143882471891, 'Humidity': 0.5770023350339799, 'Wind_Speed': 0.0, 'Hour': 0.0, 'Month': 0.0}
2026-09-13 14:01:40,953 - experiments.runner - INFO - DRW estimation complete for 4 nodes
2026-09-13 14:01:40,957 - experiments.runner - INFO - Computing DPWs for target: DC_Power
2026-09-13 14:01:40,961 - graph.domain_prior - INFO - Final DPW for input features (with intrinsic): {'GHI': np.float64(0.1294467373958688), 'Ambient_Temp': np.float64(0.3660356989105594), 'Panel_Temp': np.float64(0.3299462943296303), 'Wind_Speed': np.float64(0.08061670578130667), 'Humidity': np.float64(0.003749674590249085), 'Pressure': np.float64(0.0), 'SunShine': np.float64(0.0), 'Hour': np.float64(0.05228899229753947), 'Month': np.float64(0.03791589669484631)}
2026-09-13 14:01:40,964 - experiments.runner - INFO - Raw DPW for graph_3: {'GHI': np.float64(0.1294467373958688), 'Ambient_Temp': np.float64(0.3660356989105594), 'Panel_Temp': np.float64(0.3299462943296303), 'Wind_Speed': np.float64(0.08061670578130667), 'Humidity': np.float64(0.003749674590249085), 'Pressure': np.float64(0.0), 'SunShine': np.float64(0.0), 'Hour': np.float64(0.05228899229753947), 'Month': np.float64(0.03791589669484631)}
2026-09-13 14:01:40,967 - experiments.runner - INFO - R² used for intrinsic γ: {'GHI': 0.0, 'DC_Power': 0.8444608702250931, 'Panel_Temp': 0.8834425082770287, 'Ambient_Temp': 0.350143882471891, 'Humidity': 0.5770023350339799, 'Wind_Speed': 0.0, 'Hour': 0.0, 'Month': 0.0}
2026-09-13 14:01:40,972 - experiments.runner - INFO - Filtered DPW (pre-smooth) for graph_3: {'GHI': np.float64(0.1294467373958688), 'Ambient_Temp': np.float64(0.3660356989105594), 'Panel_Temp': np.float64(0.3299462943296303), 'Wind_Speed': np.float64(0.08061670578130667), 'Humidity': np.float64(0.003749674590249085), 'Pressure': np.float64(0.0), 'SunShine': np.float64(0.0), 'Hour': np.float64(0.05228899229753947), 'Month': np.float64(0.03791589669484631)}
2026-09-13 14:01:40,978 - experiments.runner - INFO - Training sampling P (α=0.3) for graph_3: {'GHI': 0.12394604951044147, 'Ambient_Temp': 0.2895583225707249, 'Panel_Temp': 0.2642957393640745, 'Wind_Speed': 0.089765027380248, 'Humidity': 0.03595810554650769, 'Pressure': 0.03333333333333333, 'SunShine': 0.03333333333333333, 'Hour': 0.06993562794161096, 'Month': 0.05987446101972575}
2026-09-13 14:01:40,981 - experiments.runner - INFO - Baselines: RF + XGBoost always | Domain-weighted experimental: ['bagging'] (bagging.enabled=True, boosting.enabled=False, experiment_type=AlgorithmType.COMPARISON)
2026-09-13 14:01:40,985 - experiments.runner - INFO - Total tasks: 180
2026-09-13 14:16:11,742 - experiments.runner - INFO - Valid results: 180 / 180
2026-09-13 14:16:11,780 - experiments.runner - INFO - RF predictions averaged over 60 runs (physical units)
2026-09-13 14:16:11,788 - experiments.runner - INFO - XGBoost predictions averaged over 60 runs (physical units)
2026-09-13 14:16:11,795 - experiments.runner - INFO - DARF predictions averaged over 60 runs (physical units)
2026-09-13 14:16:11,819 - experiments.runner - INFO - Average timing: {'Preprocessing': 0.04487442970275879, 'Training': {'RF': 5.5690206244434295, 'XGBoost': 5.175064388889101, 'DARF': 5.959739822221713}, 'Inference': {'RF': 1.142090836665496, 'XGBoost': 0.05019213222339103, 'DARF': 1.2291508577783437}}
2026-09-13 14:16:11,836 - experiments.runner - INFO - Model result keys: ['graph_1_bagging_rf', 'graph_1_bagging_dwrf', 'graph_1_bagging_xgb', 'graph_2_bagging_rf', 'graph_2_bagging_dwrf', 'graph_2_bagging_xgb', 'graph_3_bagging_rf', 'graph_3_bagging_dwrf', 'graph_3_bagging_xgb']
2026-09-13 14:16:21,969 - analysis.sensitivity - WARNING - full_df_scaled / graphs missing from data_dict – λ-sensitivity will reuse the original DPW (incomplete).
2026-09-13 14:16:21,975 - analysis.sensitivity - INFO - λ-sensitivity: estimating DRW/DPW with λ=0.01
2026-09-13 14:16:29,694 - analysis.sensitivity - INFO - λ=0.01 (seed=10042) → MAE=0.3552, MAPE=77.5527
2026-09-13 14:16:29,701 - analysis.sensitivity - INFO - λ-sensitivity: estimating DRW/DPW with λ=0.05
2026-09-13 14:16:35,947 - analysis.sensitivity - INFO - λ=0.05 (seed=50042) → MAE=0.3726, MAPE=80.0229
2026-09-13 14:16:35,953 - analysis.sensitivity - INFO - λ-sensitivity: estimating DRW/DPW with λ=0.1
2026-09-13 14:16:40,232 - analysis.sensitivity - INFO - λ=0.1 (seed=100042) → MAE=0.3586, MAPE=75.7810
2026-09-13 14:16:40,241 - analysis.sensitivity - INFO - λ-sensitivity: estimating DRW/DPW with λ=0.5
2026-09-13 14:16:45,983 - analysis.sensitivity - INFO - λ=0.5 (seed=500042) → MAE=0.3656, MAPE=79.6570
2026-09-13 14:16:45,987 - analysis.sensitivity - INFO - λ-sensitivity: estimating DRW/DPW with λ=1.0
2026-09-13 14:16:50,029 - analysis.sensitivity - INFO - λ=1.0 (seed=1000042) → MAE=0.3634, MAPE=79.0872
2026-09-13 14:16:50,034 - analysis.sensitivity - INFO - λ-sensitivity: estimating DRW/DPW with λ=2.0
2026-09-13 14:16:53,794 - analysis.sensitivity - INFO - λ=2.0 (seed=2000042) → MAE=0.3672, MAPE=79.7476
2026-09-13 14:16:53,798 - analysis.sensitivity - INFO - λ-sensitivity: estimating DRW/DPW with λ=5.0
2026-09-13 14:16:58,250 - analysis.sensitivity - INFO - λ=5.0 (seed=5000042) → MAE=0.3708, MAPE=81.7319
2026-09-13 14:16:58,254 - analysis.sensitivity - INFO - λ-sensitivity: estimating DRW/DPW with λ=7.0
2026-09-13 14:17:03,792 - analysis.sensitivity - INFO - λ=7.0 (seed=7000042) → MAE=0.3561, MAPE=78.1523
2026-09-13 14:17:03,797 - analysis.sensitivity - INFO - λ-sensitivity: estimating DRW/DPW with λ=10.0
2026-09-13 14:17:07,585 - analysis.sensitivity - INFO - λ=10.0 (seed=10000042) → MAE=0.3687, MAPE=82.6128
2026-09-13 14:17:11,453 - analysis.sensitivity - INFO - α=0.01 (seed=10010042) → MAE=0.3662
2026-09-13 14:17:16,280 - analysis.sensitivity - INFO - α=0.05 (seed=10050042) → MAE=0.3655
2026-09-13 14:17:20,381 - analysis.sensitivity - INFO - α=0.1 (seed=10100042) → MAE=0.3744
2026-09-13 14:17:24,123 - analysis.sensitivity - INFO - α=0.2 (seed=10200042) → MAE=0.3616
2026-09-13 14:17:27,836 - analysis.sensitivity - INFO - α=0.3 (seed=10300042) → MAE=0.3411
2026-09-13 14:17:32,594 - analysis.sensitivity - INFO - α=0.4 (seed=10400042) → MAE=0.3470
2026-09-13 14:17:36,574 - analysis.sensitivity - INFO - α=0.5 (seed=10500042) → MAE=0.3441
2026-09-13 14:17:40,262 - analysis.sensitivity - INFO - α=0.7 (seed=10700042) → MAE=0.3579
2026-09-13 14:17:44,015 - analysis.sensitivity - INFO - α=1.0 (seed=11000042) → MAE=0.3625
2026-09-13 14:17:51,005 - evaluation.metrics - WARNING - mape_threshold=5.1 excluded all 11 points (max |y|=0.08). Falling back to full-set MAPE. Use a smaller floor in the same units as y, or ensure y is inverse-scaled to physical units before metrics.
2026-09-13 14:17:51,020 - evaluation.metrics - WARNING - mape_threshold=5.1 excluded all 11 points (max |y|=0.08). Falling back to full-set MAPE. Use a smaller floor in the same units as y, or ensure y is inverse-scaled to physical units before metrics.
2026-09-13 14:17:51,035 - evaluation.metrics - WARNING - mape_threshold=5.1 excluded all 11 points (max |y|=0.08). Falling back to full-set MAPE. Use a smaller floor in the same units as y, or ensure y is inverse-scaled to physical units before metrics.
2026-09-13 14:17:51,054 - evaluation.metrics - WARNING - mape_threshold=5.1 excluded all 52 points (max |y|=2.75). Falling back to full-set MAPE. Use a smaller floor in the same units as y, or ensure y is inverse-scaled to physical units before metrics.
2026-09-13 14:17:51,090 - evaluation.metrics - WARNING - mape_threshold=5.1 excluded all 52 points (max |y|=2.75). Falling back to full-set MAPE. Use a smaller floor in the same units as y, or ensure y is inverse-scaled to physical units before metrics.
2026-09-13 14:17:51,127 - evaluation.metrics - WARNING - mape_threshold=5.1 excluded all 52 points (max |y|=2.75). Falling back to full-set MAPE. Use a smaller floor in the same units as y, or ensure y is inverse-scaled to physical units before metrics.
2026-09-13 14:17:51,413 - evaluation.metrics - WARNING - mape_threshold=5.1 excluded all 50 points (max |y|=0.85). Falling back to full-set MAPE. Use a smaller floor in the same units as y, or ensure y is inverse-scaled to physical units before metrics.
2026-09-13 14:17:51,432 - evaluation.metrics - WARNING - mape_threshold=5.1 excluded all 50 points (max |y|=0.85). Falling back to full-set MAPE. Use a smaller floor in the same units as y, or ensure y is inverse-scaled to physical units before metrics.
2026-09-13 14:17:51,468 - evaluation.metrics - WARNING - mape_threshold=5.1 excluded all 50 points (max |y|=0.85). Falling back to full-set MAPE. Use a smaller floor in the same units as y, or ensure y is inverse-scaled to physical units before metrics.
2026-09-13 14:17:51,480 - experiments.runner - INFO - Temporal analysis completed (RF, XGBoost, experimental).
2026-09-13 14:17:51,491 - experiments.runner - INFO - Viz keys: rf=graph_1_bagging_rf, dwrf=graph_1_bagging_dwrf, xgb=graph_1_bagging_xgb
2026-09-13 14:17:51,513 - visualization.plots - INFO - Generating all plots...
2026-09-13 14:18:13,553 - visualization.plots - INFO - All plots generated.
2026-09-13 14:18:13,559 - experiments.runner - INFO - Visualizations generated.
2026-09-13 14:18:13,597 - experiments.runner - INFO - Results saved to dwrf_output\results_summary.json
2026-09-13 14:18:13,601 - experiments.runner - INFO - Experiment completed successfully.
2026-09-13 15:20:58,289 - experiments.runner - INFO - Starting DARF V4 experiment: DARF
2026-09-13 15:20:58,298 - experiments.runner - INFO - MAPE near-zero floor (mape_threshold) set to: 5.1 (physical units after inverse-scaling y)
2026-09-13 15:20:58,305 - data.loader - INFO - Loading data from C:/Users/User/OneDrive/Personal/Masters/MPhil Electrical Engineering/MPhil/Research Papers/3_Technical paper/Riverside_data_dwrf.csv
2026-09-13 15:20:58,446 - experiments.runner - INFO - Preprocessing time: 0.140 seconds
2026-09-13 15:20:58,475 - experiments.runner - INFO - Data shapes: X_train=(3353, 9), X_test=(719, 9)
2026-09-13 15:20:58,480 - experiments.runner - INFO - Feature names: ['GHI', 'Ambient_Temp', 'Panel_Temp', 'Wind_Speed', 'Humidity', 'Pressure', 'SunShine', 'Hour', 'Month']
2026-09-13 15:20:58,490 - experiments.runner - INFO - Target column: DC_Power
2026-09-13 15:20:58,497 - experiments.runner - INFO - Full DataFrame columns: ['timestamp', 'Ambient_Temp', 'Humidity', 'Pressure', 'Wind_Speed', 'SunShine', 'GHI', 'Panel_Temp', 'DC_Power', 'Month', 'Hour', 'DC_Power_Level']
2026-09-13 15:20:58,508 - graph.multi_graph - INFO - Graph graph_1 edges: {'GHI': ['DC_Power', 'Panel_Temp'], 'Ambient_Temp': ['Panel_Temp', 'Humidity'], 'Panel_Temp': ['DC_Power'], 'Wind_Speed': ['Ambient_Temp', 'Humidity'], 'Hour': ['GHI', 'Ambient_Temp'], 'Month': ['GHI'], 'SunShine': ['DC_Power'], 'Pressure': [], 'Humidity': ['DC_Power']}
2026-09-13 15:20:58,518 - graph.multi_graph - INFO - Graph graph_2 edges: {'GHI': ['DC_Power', 'Panel_Temp'], 'Ambient_Temp': ['Panel_Temp', 'Humidity'], 'Panel_Temp': ['DC_Power'], 'Wind_Speed': ['Ambient_Temp'], 'Hour': ['GHI', 'Ambient_Temp'], 'Month': ['GHI'], 'Humidity': ['DC_Power']}
2026-09-13 15:20:58,527 - graph.multi_graph - INFO - Graph graph_3 edges: {'GHI': ['DC_Power', 'Panel_Temp'], 'Panel_Temp': ['DC_Power'], 'Ambient_Temp': ['DC_Power', 'Panel_Temp', 'Humidity'], 'Wind_Speed': ['DC_Power', 'Panel_Temp', 'Ambient_Temp', 'Humidity'], 'Humidity': ['DC_Power'], 'Hour': ['Ambient_Temp'], 'Month': ['Ambient_Temp', 'Humidity']}
2026-09-13 15:20:58,538 - experiments.runner - INFO - ============================================================
2026-09-13 15:20:58,543 - experiments.runner - INFO - Processing graph: graph_1
2026-09-13 15:20:58,549 - experiments.runner - INFO - ============================================================
2026-09-13 15:20:58,554 - experiments.runner - INFO - Exact match: 'GHI' -> 'GHI'
2026-09-13 15:20:58,560 - experiments.runner - INFO - Exact match: 'DC_Power' -> 'DC_Power'
2026-09-13 15:20:58,566 - experiments.runner - INFO - Exact match: 'Panel_Temp' -> 'Panel_Temp'
2026-09-13 15:20:58,571 - experiments.runner - INFO - Exact match: 'Ambient_Temp' -> 'Ambient_Temp'
2026-09-13 15:20:58,577 - experiments.runner - INFO - Exact match: 'Humidity' -> 'Humidity'
2026-09-13 15:20:58,582 - experiments.runner - INFO - Exact match: 'Wind_Speed' -> 'Wind_Speed'
2026-09-13 15:20:58,588 - experiments.runner - INFO - Exact match: 'Hour' -> 'Hour'
2026-09-13 15:20:58,594 - experiments.runner - INFO - Exact match: 'Month' -> 'Month'
2026-09-13 15:20:58,599 - experiments.runner - INFO - Exact match: 'SunShine' -> 'SunShine'
2026-09-13 15:20:58,604 - experiments.runner - INFO - Estimating DRWs with alpha=0.001...
2026-09-13 15:20:58,636 - graph.ridge_estimator - INFO - DRW coefficients for GHI (parents ['Hour', 'Month']): {'Hour': np.float64(0.09191525046233252), 'Month': np.float64(-0.0702043234618354)}
2026-09-13 15:20:58,648 - graph.ridge_estimator - INFO - R² for node GHI: 0.0137
2026-09-13 15:20:58,662 - graph.ridge_estimator - INFO - DRW coefficients for DC_Power (parents ['GHI', 'Panel_Temp', 'SunShine', 'Humidity']): {'GHI': np.float64(0.34626309261009086), 'Panel_Temp': np.float64(0.6712819204539988), 'SunShine': np.float64(-0.29873619633161985), 'Humidity': np.float64(0.026519115821653703)}
2026-09-13 15:20:58,671 - graph.ridge_estimator - INFO - R² for node DC_Power: 0.8212
2026-09-13 15:20:58,683 - graph.ridge_estimator - INFO - DRW coefficients for Panel_Temp (parents ['GHI', 'Ambient_Temp']): {'GHI': np.float64(0.3283308196366098), 'Ambient_Temp': np.float64(0.7218487637709391)}
2026-09-13 15:20:58,697 - graph.ridge_estimator - INFO - R² for node Panel_Temp: 0.8695
2026-09-13 15:20:58,714 - graph.ridge_estimator - INFO - DRW coefficients for Ambient_Temp (parents ['Wind_Speed', 'Hour']): {'Wind_Speed': np.float64(0.32398615695559935), 'Hour': np.float64(0.3873885407511019)}
2026-09-13 15:20:58,735 - graph.ridge_estimator - INFO - R² for node Ambient_Temp: 0.2715
2026-09-13 15:20:58,751 - graph.ridge_estimator - INFO - DRW coefficients for Humidity (parents ['Ambient_Temp', 'Wind_Speed']): {'Ambient_Temp': np.float64(-0.6551916119343523), 'Wind_Speed': np.float64(-0.09802396605255873)}
2026-09-13 15:20:58,763 - graph.ridge_estimator - INFO - R² for node Humidity: 0.4838
2026-09-13 15:20:58,767 - graph.ridge_estimator - INFO - DRW estimation complete for 5 nodes
2026-09-13 15:20:58,774 - graph.ridge_estimator - INFO - DRW dictionary: {'GHI': {'Hour': np.float64(0.5669596103510995), 'Month': np.float64(0.43304038964890046)}, 'DC_Power': {'GHI': np.float64(0.25786640508449393), 'Panel_Temp': np.float64(0.4999119436058643), 'SunShine': np.float64(0.22247253796521269), 'Humidity': np.float64(0.0197491133444289)}, 'Panel_Temp': {'GHI': np.float64(0.31264254687875864), 'Ambient_Temp': np.float64(0.6873574531212414)}, 'Ambient_Temp': {'Wind_Speed': np.float64(0.45543671710569944), 'Hour': np.float64(0.5445632828943006)}, 'Humidity': {'Ambient_Temp': np.float64(0.8698593484822188), 'Wind_Speed': np.float64(0.1301406515177812)}}
2026-09-13 15:20:58,779 - graph.ridge_estimator - INFO - R² scores: {'GHI': 0.013653082575271758, 'DC_Power': 0.8212201343982459, 'Panel_Temp': 0.8695267881976556, 'Ambient_Temp': 0.27150220660700397, 'Humidity': 0.48376455345814096, 'Wind_Speed': 0.0, 'Hour': 0.0, 'Month': 0.0, 'SunShine': 0.0}
2026-09-13 15:20:58,786 - experiments.runner - INFO - DRW estimation complete for 5 nodes
2026-09-13 15:20:58,792 - experiments.runner - INFO - Computing DPWs for target: DC_Power
2026-09-13 15:20:58,797 - graph.domain_prior - INFO - Final DPW for input features (with intrinsic): {'GHI': np.float64(0.2568620495335465), 'Ambient_Temp': np.float64(0.2003241899779219), 'Panel_Temp': np.float64(0.32610167883871227), 'Wind_Speed': np.float64(0.025581563663868715), 'Humidity': np.float64(0.012882706843811306), 'Pressure': np.float64(0.0), 'SunShine': np.float64(0.14512289424947833), 'Hour': np.float64(0.03160626209923311), 'Month': np.float64(0.0015186547934278182)}
2026-09-13 15:20:58,802 - experiments.runner - INFO - Raw DPW for graph_1: {'GHI': np.float64(0.2568620495335465), 'Ambient_Temp': np.float64(0.2003241899779219), 'Panel_Temp': np.float64(0.32610167883871227), 'Wind_Speed': np.float64(0.025581563663868715), 'Humidity': np.float64(0.012882706843811306), 'Pressure': np.float64(0.0), 'SunShine': np.float64(0.14512289424947833), 'Hour': np.float64(0.03160626209923311), 'Month': np.float64(0.0015186547934278182)}
2026-09-13 15:20:58,808 - experiments.runner - INFO - R² used for intrinsic γ: {'GHI': 0.013653082575271758, 'DC_Power': 0.8212201343982459, 'Panel_Temp': 0.8695267881976556, 'Ambient_Temp': 0.27150220660700397, 'Humidity': 0.48376455345814096, 'Wind_Speed': 0.0, 'Hour': 0.0, 'Month': 0.0, 'SunShine': 0.0}
2026-09-13 15:20:58,814 - experiments.runner - INFO - Filtered DPW (pre-smooth) for graph_1: {'GHI': np.float64(0.2568620495335465), 'Ambient_Temp': np.float64(0.2003241899779219), 'Panel_Temp': np.float64(0.32610167883871227), 'Wind_Speed': np.float64(0.025581563663868715), 'Humidity': np.float64(0.012882706843811306), 'Pressure': np.float64(0.0), 'SunShine': np.float64(0.14512289424947833), 'Hour': np.float64(0.03160626209923311), 'Month': np.float64(0.0015186547934278182)}
2026-09-13 15:20:58,819 - experiments.runner - INFO - Training sampling P (α=0.3) for graph_1: {'GHI': 0.21313676800681589, 'Ambient_Temp': 0.17356026631787863, 'Panel_Temp': 0.26160450852043193, 'Wind_Speed': 0.05124042789804143, 'Humidity': 0.042351228124001244, 'Pressure': 0.03333333333333333, 'SunShine': 0.13491935930796817, 'Hour': 0.055457716802796514, 'Month': 0.034396391688732805}
2026-09-13 15:20:58,825 - experiments.runner - INFO - ============================================================
2026-09-13 15:20:58,831 - experiments.runner - INFO - Processing graph: graph_2
2026-09-13 15:20:58,836 - experiments.runner - INFO - ============================================================
2026-09-13 15:20:58,841 - experiments.runner - INFO - Exact match: 'GHI' -> 'GHI'
2026-09-13 15:20:58,846 - experiments.runner - INFO - Exact match: 'DC_Power' -> 'DC_Power'
2026-09-13 15:20:58,852 - experiments.runner - INFO - Exact match: 'Panel_Temp' -> 'Panel_Temp'
2026-09-13 15:20:58,857 - experiments.runner - INFO - Exact match: 'Ambient_Temp' -> 'Ambient_Temp'
2026-09-13 15:20:58,863 - experiments.runner - INFO - Exact match: 'Humidity' -> 'Humidity'
2026-09-13 15:20:58,870 - experiments.runner - INFO - Exact match: 'Wind_Speed' -> 'Wind_Speed'
2026-09-13 15:20:58,877 - experiments.runner - INFO - Exact match: 'Hour' -> 'Hour'
2026-09-13 15:20:58,885 - experiments.runner - INFO - Exact match: 'Month' -> 'Month'
2026-09-13 15:20:58,895 - experiments.runner - INFO - Estimating DRWs with alpha=0.001...
2026-09-13 15:20:58,909 - graph.ridge_estimator - INFO - DRW coefficients for GHI (parents ['Hour', 'Month']): {'Hour': np.float64(0.09191525046233252), 'Month': np.float64(-0.0702043234618354)}
2026-09-13 15:20:58,924 - graph.ridge_estimator - INFO - R² for node GHI: 0.0137
2026-09-13 15:20:58,939 - graph.ridge_estimator - INFO - DRW coefficients for DC_Power (parents ['GHI', 'Panel_Temp', 'Humidity']): {'GHI': np.float64(0.3804491661695964), 'Panel_Temp': np.float64(0.6744658906065989), 'Humidity': np.float64(0.20322399319262252)}
2026-09-13 15:20:58,958 - graph.ridge_estimator - INFO - R² for node DC_Power: 0.7582
2026-09-13 15:20:59,001 - graph.ridge_estimator - INFO - DRW coefficients for Panel_Temp (parents ['GHI', 'Ambient_Temp']): {'GHI': np.float64(0.3283308196366098), 'Ambient_Temp': np.float64(0.7218487637709391)}
2026-09-13 15:20:59,015 - graph.ridge_estimator - INFO - R² for node Panel_Temp: 0.8695
2026-09-13 15:20:59,072 - graph.ridge_estimator - INFO - DRW coefficients for Ambient_Temp (parents ['Wind_Speed', 'Hour']): {'Wind_Speed': np.float64(0.32398615695559935), 'Hour': np.float64(0.3873885407511019)}
2026-09-13 15:20:59,084 - graph.ridge_estimator - INFO - R² for node Ambient_Temp: 0.2715
2026-09-13 15:20:59,097 - graph.ridge_estimator - INFO - DRW coefficients for Humidity (parents ['Ambient_Temp']): {'Ambient_Temp': np.float64(-0.6894408405502239)}
2026-09-13 15:20:59,109 - graph.ridge_estimator - INFO - R² for node Humidity: 0.4753
2026-09-13 15:20:59,118 - graph.ridge_estimator - INFO - DRW estimation complete for 5 nodes
2026-09-13 15:20:59,133 - graph.ridge_estimator - INFO - DRW dictionary: {'GHI': {'Hour': np.float64(0.5669596103510995), 'Month': np.float64(0.43304038964890046)}, 'DC_Power': {'GHI': np.float64(0.3023903964979273), 'Panel_Temp': np.float64(0.5360821529411356), 'Humidity': np.float64(0.16152745056093704)}, 'Panel_Temp': {'GHI': np.float64(0.31264254687875864), 'Ambient_Temp': np.float64(0.6873574531212414)}, 'Ambient_Temp': {'Wind_Speed': np.float64(0.45543671710569944), 'Hour': np.float64(0.5445632828943006)}, 'Humidity': {'Ambient_Temp': np.float64(1.0)}}
2026-09-13 15:20:59,141 - graph.ridge_estimator - INFO - R² scores: {'GHI': 0.013653082575271758, 'DC_Power': 0.7581584922917597, 'Panel_Temp': 0.8695267881976556, 'Ambient_Temp': 0.27150220660700397, 'Humidity': 0.4753288710442609, 'Wind_Speed': 0.0, 'Hour': 0.0, 'Month': 0.0}
2026-09-13 15:20:59,195 - experiments.runner - INFO - DRW estimation complete for 5 nodes
2026-09-13 15:20:59,201 - experiments.runner - INFO - Computing DPWs for target: DC_Power
2026-09-13 15:20:59,213 - graph.domain_prior - INFO - Final DPW for input features (with intrinsic): {'GHI': np.float64(0.270464649611155), 'Ambient_Temp': np.float64(0.23971815731815185), 'Panel_Temp': np.float64(0.3235510247827767), 'Wind_Speed': np.float64(0.029641647247313774), 'Humidity': np.float64(0.0974894834174402), 'Pressure': np.float64(0.0), 'SunShine': np.float64(0.0), 'Hour': np.float64(0.037535959684904696), 'Month': np.float64(0.0015990779382577195)}
2026-09-13 15:20:59,219 - experiments.runner - INFO - Raw DPW for graph_2: {'GHI': np.float64(0.270464649611155), 'Ambient_Temp': np.float64(0.23971815731815185), 'Panel_Temp': np.float64(0.3235510247827767), 'Wind_Speed': np.float64(0.029641647247313774), 'Humidity': np.float64(0.0974894834174402), 'Pressure': np.float64(0.0), 'SunShine': np.float64(0.0), 'Hour': np.float64(0.037535959684904696), 'Month': np.float64(0.0015990779382577195)}
2026-09-13 15:20:59,245 - experiments.runner - INFO - R² used for intrinsic γ: {'GHI': 0.013653082575271758, 'DC_Power': 0.7581584922917597, 'Panel_Temp': 0.8695267881976556, 'Ambient_Temp': 0.27150220660700397, 'Humidity': 0.4753288710442609, 'Wind_Speed': 0.0, 'Hour': 0.0, 'Month': 0.0}
2026-09-13 15:20:59,257 - experiments.runner - INFO - Filtered DPW (pre-smooth) for graph_2: {'GHI': np.float64(0.270464649611155), 'Ambient_Temp': np.float64(0.23971815731815185), 'Panel_Temp': np.float64(0.3235510247827767), 'Wind_Speed': np.float64(0.029641647247313774), 'Humidity': np.float64(0.0974894834174402), 'Pressure': np.float64(0.0), 'SunShine': np.float64(0.0), 'Hour': np.float64(0.037535959684904696), 'Month': np.float64(0.0015990779382577195)}
2026-09-13 15:20:59,262 - experiments.runner - INFO - Training sampling P (α=0.3) for graph_2: {'GHI': 0.22265858806114183, 'Ambient_Temp': 0.2011360434560396, 'Panel_Temp': 0.25981905068127703, 'Wind_Speed': 0.054082486406452975, 'Humidity': 0.10157597172554148, 'Pressure': 0.03333333333333333, 'SunShine': 0.03333333333333333, 'Hour': 0.05960850511276662, 'Month': 0.034452687890113735}
2026-09-13 15:20:59,267 - experiments.runner - INFO - ============================================================
2026-09-13 15:20:59,278 - experiments.runner - INFO - Processing graph: graph_3
2026-09-13 15:20:59,283 - experiments.runner - INFO - ============================================================
2026-09-13 15:20:59,294 - experiments.runner - INFO - Exact match: 'GHI' -> 'GHI'
2026-09-13 15:20:59,324 - experiments.runner - INFO - Exact match: 'DC_Power' -> 'DC_Power'
2026-09-13 15:20:59,329 - experiments.runner - INFO - Exact match: 'Panel_Temp' -> 'Panel_Temp'
2026-09-13 15:20:59,335 - experiments.runner - INFO - Exact match: 'Ambient_Temp' -> 'Ambient_Temp'
2026-09-13 15:20:59,340 - experiments.runner - INFO - Exact match: 'Humidity' -> 'Humidity'
2026-09-13 15:20:59,346 - experiments.runner - INFO - Exact match: 'Wind_Speed' -> 'Wind_Speed'
2026-09-13 15:20:59,352 - experiments.runner - INFO - Exact match: 'Hour' -> 'Hour'
2026-09-13 15:20:59,360 - experiments.runner - INFO - Exact match: 'Month' -> 'Month'
2026-09-13 15:20:59,368 - experiments.runner - INFO - Estimating DRWs with alpha=0.001...
2026-09-13 15:20:59,389 - graph.ridge_estimator - INFO - DRW coefficients for DC_Power (parents ['GHI', 'Panel_Temp', 'Ambient_Temp', 'Wind_Speed', 'Humidity']): {'GHI': np.float64(0.204480637446251), 'Panel_Temp': np.float64(1.3289315321446737), 'Ambient_Temp': np.float64(-0.7457558162888255), 'Wind_Speed': np.float64(0.03448776848683779), 'Humidity': np.float64(0.015102642108431685)}
2026-09-13 15:20:59,408 - graph.ridge_estimator - INFO - R² for node DC_Power: 0.8445
2026-09-13 15:20:59,426 - graph.ridge_estimator - INFO - DRW coefficients for Panel_Temp (parents ['GHI', 'Ambient_Temp', 'Wind_Speed']): {'GHI': np.float64(0.3025342658600985), 'Ambient_Temp': np.float64(0.6901831211685034), 'Wind_Speed': np.float64(0.1281146428945451)}
2026-09-13 15:20:59,436 - graph.ridge_estimator - INFO - R² for node Panel_Temp: 0.8834
2026-09-13 15:20:59,449 - graph.ridge_estimator - INFO - DRW coefficients for Ambient_Temp (parents ['Wind_Speed', 'Hour', 'Month']): {'Wind_Speed': np.float64(0.29163078029434875), 'Hour': np.float64(0.3955494906933935), 'Month': np.float64(0.282348148432042)}
2026-09-13 15:20:59,461 - graph.ridge_estimator - INFO - R² for node Ambient_Temp: 0.3501
2026-09-13 15:20:59,479 - graph.ridge_estimator - INFO - DRW coefficients for Humidity (parents ['Ambient_Temp', 'Wind_Speed', 'Month']): {'Ambient_Temp': np.float64(-0.7529004640516184), 'Wind_Speed': np.float64(-0.10004078680741665), 'Month': np.float64(0.32082160804206583)}
2026-09-13 15:20:59,490 - graph.ridge_estimator - INFO - R² for node Humidity: 0.5770
2026-09-13 15:20:59,497 - graph.ridge_estimator - INFO - DRW estimation complete for 4 nodes
2026-09-13 15:20:59,506 - graph.ridge_estimator - INFO - DRW dictionary: {'DC_Power': {'GHI': np.float64(0.08780672042053311), 'Panel_Temp': np.float64(0.5706609728841956), 'Ambient_Temp': np.float64(0.320237521169073), 'Wind_Speed': np.float64(0.014809509023796123), 'Humidity': np.float64(0.006485276502402379)}, 'Panel_Temp': {'GHI': np.float64(0.26991936149508733), 'Ambient_Temp': np.float64(0.6157774784646614), 'Wind_Speed': np.float64(0.11430316004025119)}, 'Ambient_Temp': {'Wind_Speed': np.float64(0.3007965258706657), 'Hour': np.float64(0.40798132656091785), 'Month': np.float64(0.29122214756841647)}, 'Humidity': {'Ambient_Temp': np.float64(0.6414417174151328), 'Wind_Speed': np.float64(0.08523083351016639), 'Month': np.float64(0.27332744907470075)}}
2026-09-13 15:20:59,513 - graph.ridge_estimator - INFO - R² scores: {'GHI': 0.0, 'DC_Power': 0.8444608702250931, 'Panel_Temp': 0.8834425082770287, 'Ambient_Temp': 0.350143882471891, 'Humidity': 0.5770023350339799, 'Wind_Speed': 0.0, 'Hour': 0.0, 'Month': 0.0}
2026-09-13 15:20:59,519 - experiments.runner - INFO - DRW estimation complete for 4 nodes
2026-09-13 15:20:59,525 - experiments.runner - INFO - Computing DPWs for target: DC_Power
2026-09-13 15:20:59,531 - graph.domain_prior - INFO - Final DPW for input features (with intrinsic): {'GHI': np.float64(0.1294467373958688), 'Ambient_Temp': np.float64(0.3660356989105594), 'Panel_Temp': np.float64(0.3299462943296303), 'Wind_Speed': np.float64(0.08061670578130667), 'Humidity': np.float64(0.003749674590249085), 'Pressure': np.float64(0.0), 'SunShine': np.float64(0.0), 'Hour': np.float64(0.05228899229753947), 'Month': np.float64(0.03791589669484631)}
2026-09-13 15:20:59,537 - experiments.runner - INFO - Raw DPW for graph_3: {'GHI': np.float64(0.1294467373958688), 'Ambient_Temp': np.float64(0.3660356989105594), 'Panel_Temp': np.float64(0.3299462943296303), 'Wind_Speed': np.float64(0.08061670578130667), 'Humidity': np.float64(0.003749674590249085), 'Pressure': np.float64(0.0), 'SunShine': np.float64(0.0), 'Hour': np.float64(0.05228899229753947), 'Month': np.float64(0.03791589669484631)}
2026-09-13 15:20:59,543 - experiments.runner - INFO - R² used for intrinsic γ: {'GHI': 0.0, 'DC_Power': 0.8444608702250931, 'Panel_Temp': 0.8834425082770287, 'Ambient_Temp': 0.350143882471891, 'Humidity': 0.5770023350339799, 'Wind_Speed': 0.0, 'Hour': 0.0, 'Month': 0.0}
2026-09-13 15:20:59,550 - experiments.runner - INFO - Filtered DPW (pre-smooth) for graph_3: {'GHI': np.float64(0.1294467373958688), 'Ambient_Temp': np.float64(0.3660356989105594), 'Panel_Temp': np.float64(0.3299462943296303), 'Wind_Speed': np.float64(0.08061670578130667), 'Humidity': np.float64(0.003749674590249085), 'Pressure': np.float64(0.0), 'SunShine': np.float64(0.0), 'Hour': np.float64(0.05228899229753947), 'Month': np.float64(0.03791589669484631)}
2026-09-13 15:20:59,556 - experiments.runner - INFO - Training sampling P (α=0.3) for graph_3: {'GHI': 0.12394604951044147, 'Ambient_Temp': 0.2895583225707249, 'Panel_Temp': 0.2642957393640745, 'Wind_Speed': 0.089765027380248, 'Humidity': 0.03595810554650769, 'Pressure': 0.03333333333333333, 'SunShine': 0.03333333333333333, 'Hour': 0.06993562794161096, 'Month': 0.05987446101972575}
2026-09-13 15:20:59,561 - experiments.runner - INFO - Baselines: RF + XGBoost always | Domain-weighted experimental: ['bagging'] (bagging.enabled=True, boosting.enabled=False, experiment_type=AlgorithmType.COMPARISON)
2026-09-13 15:20:59,567 - experiments.runner - INFO - Total tasks: 18
2026-09-13 15:22:44,261 - experiments.runner - INFO - Valid results: 18 / 18
2026-09-13 15:22:44,277 - experiments.runner - INFO - RF predictions averaged over 6 runs (physical units)
2026-09-13 15:22:44,287 - experiments.runner - INFO - XGBoost predictions averaged over 6 runs (physical units)
2026-09-13 15:22:44,298 - experiments.runner - INFO - DARF predictions averaged over 6 runs (physical units)
2026-09-13 15:22:44,307 - experiments.runner - INFO - Average timing: {'Preprocessing': 0.14049601554870605, 'Training': {'RF': 6.369334011112288, 'XGBoost': 3.1040186555538742, 'DARF': 6.5219788888918835}, 'Inference': {'RF': 1.1321784000012687, 'XGBoost': 0.03784618332994998, 'DARF': 1.1238829777818562}}
2026-09-13 15:22:44,340 - experiments.runner - INFO - Model result keys: ['graph_1_bagging_rf', 'graph_1_bagging_dwrf', 'graph_1_bagging_xgb', 'graph_2_bagging_rf', 'graph_2_bagging_dwrf', 'graph_2_bagging_xgb', 'graph_3_bagging_rf', 'graph_3_bagging_dwrf', 'graph_3_bagging_xgb']
2026-09-13 15:22:55,103 - analysis.sensitivity - WARNING - full_df_scaled / graphs missing from data_dict – λ-sensitivity will reuse the original DPW (incomplete).
2026-09-13 15:22:55,112 - analysis.sensitivity - INFO - λ-sensitivity: estimating DRW/DPW with λ=0.01
2026-09-13 15:23:03,532 - analysis.sensitivity - INFO - λ=0.01 (seed=10042) → MAE=0.3552, MAPE=77.5527
2026-09-13 15:23:03,539 - analysis.sensitivity - INFO - λ-sensitivity: estimating DRW/DPW with λ=0.05
2026-09-13 15:23:10,488 - analysis.sensitivity - INFO - λ=0.05 (seed=50042) → MAE=0.3726, MAPE=80.0229
2026-09-13 15:23:10,497 - analysis.sensitivity - INFO - λ-sensitivity: estimating DRW/DPW with λ=0.1
2026-09-13 15:23:15,669 - analysis.sensitivity - INFO - λ=0.1 (seed=100042) → MAE=0.3586, MAPE=75.7810
2026-09-13 15:23:15,675 - analysis.sensitivity - INFO - λ-sensitivity: estimating DRW/DPW with λ=0.5
2026-09-13 15:23:19,406 - analysis.sensitivity - INFO - λ=0.5 (seed=500042) → MAE=0.3656, MAPE=79.6570
2026-09-13 15:23:19,411 - analysis.sensitivity - INFO - λ-sensitivity: estimating DRW/DPW with λ=1.0
2026-09-13 15:23:24,088 - analysis.sensitivity - INFO - λ=1.0 (seed=1000042) → MAE=0.3634, MAPE=79.0872
2026-09-13 15:23:24,093 - analysis.sensitivity - INFO - λ-sensitivity: estimating DRW/DPW with λ=2.0
2026-09-13 15:23:28,239 - analysis.sensitivity - INFO - λ=2.0 (seed=2000042) → MAE=0.3672, MAPE=79.7476
2026-09-13 15:23:28,244 - analysis.sensitivity - INFO - λ-sensitivity: estimating DRW/DPW with λ=5.0
2026-09-13 15:23:31,954 - analysis.sensitivity - INFO - λ=5.0 (seed=5000042) → MAE=0.3708, MAPE=81.7319
2026-09-13 15:23:31,960 - analysis.sensitivity - INFO - λ-sensitivity: estimating DRW/DPW with λ=7.0
2026-09-13 15:23:35,727 - analysis.sensitivity - INFO - λ=7.0 (seed=7000042) → MAE=0.3561, MAPE=78.1523
2026-09-13 15:23:35,732 - analysis.sensitivity - INFO - λ-sensitivity: estimating DRW/DPW with λ=10.0
2026-09-13 15:23:40,717 - analysis.sensitivity - INFO - λ=10.0 (seed=10000042) → MAE=0.3687, MAPE=82.6128
2026-09-13 15:23:44,945 - analysis.sensitivity - INFO - α=0.01 (seed=10010042) → MAE=0.3662
2026-09-13 15:23:48,630 - analysis.sensitivity - INFO - α=0.05 (seed=10050042) → MAE=0.3655
2026-09-13 15:23:52,390 - analysis.sensitivity - INFO - α=0.1 (seed=10100042) → MAE=0.3744
2026-09-13 15:23:57,980 - analysis.sensitivity - INFO - α=0.2 (seed=10200042) → MAE=0.3616
2026-09-13 15:24:02,840 - analysis.sensitivity - INFO - α=0.3 (seed=10300042) → MAE=0.3411
2026-09-13 15:24:06,568 - analysis.sensitivity - INFO - α=0.4 (seed=10400042) → MAE=0.3470
2026-09-13 15:24:10,854 - analysis.sensitivity - INFO - α=0.5 (seed=10500042) → MAE=0.3441
2026-09-13 15:24:15,188 - analysis.sensitivity - INFO - α=0.7 (seed=10700042) → MAE=0.3579
2026-09-13 15:24:18,701 - analysis.sensitivity - INFO - α=1.0 (seed=11000042) → MAE=0.3625
2026-09-13 15:24:24,349 - evaluation.metrics - WARNING - mape_threshold=5.1 excluded all 11 points (max |y|=0.08). Falling back to full-set MAPE. Use a smaller floor in the same units as y, or ensure y is inverse-scaled to physical units before metrics.
2026-09-13 15:24:24,362 - evaluation.metrics - WARNING - mape_threshold=5.1 excluded all 11 points (max |y|=0.08). Falling back to full-set MAPE. Use a smaller floor in the same units as y, or ensure y is inverse-scaled to physical units before metrics.
2026-09-13 15:24:24,374 - evaluation.metrics - WARNING - mape_threshold=5.1 excluded all 11 points (max |y|=0.08). Falling back to full-set MAPE. Use a smaller floor in the same units as y, or ensure y is inverse-scaled to physical units before metrics.
2026-09-13 15:24:24,386 - evaluation.metrics - WARNING - mape_threshold=5.1 excluded all 52 points (max |y|=2.75). Falling back to full-set MAPE. Use a smaller floor in the same units as y, or ensure y is inverse-scaled to physical units before metrics.
2026-09-13 15:24:24,399 - evaluation.metrics - WARNING - mape_threshold=5.1 excluded all 52 points (max |y|=2.75). Falling back to full-set MAPE. Use a smaller floor in the same units as y, or ensure y is inverse-scaled to physical units before metrics.
2026-09-13 15:24:24,410 - evaluation.metrics - WARNING - mape_threshold=5.1 excluded all 52 points (max |y|=2.75). Falling back to full-set MAPE. Use a smaller floor in the same units as y, or ensure y is inverse-scaled to physical units before metrics.
2026-09-13 15:24:24,545 - evaluation.metrics - WARNING - mape_threshold=5.1 excluded all 50 points (max |y|=0.85). Falling back to full-set MAPE. Use a smaller floor in the same units as y, or ensure y is inverse-scaled to physical units before metrics.
2026-09-13 15:24:24,554 - evaluation.metrics - WARNING - mape_threshold=5.1 excluded all 50 points (max |y|=0.85). Falling back to full-set MAPE. Use a smaller floor in the same units as y, or ensure y is inverse-scaled to physical units before metrics.
2026-09-13 15:24:24,563 - evaluation.metrics - WARNING - mape_threshold=5.1 excluded all 50 points (max |y|=0.85). Falling back to full-set MAPE. Use a smaller floor in the same units as y, or ensure y is inverse-scaled to physical units before metrics.
2026-09-13 15:24:24,569 - experiments.runner - INFO - Temporal analysis completed (RF, XGBoost, experimental).
2026-09-13 15:24:24,579 - experiments.runner - INFO - Viz keys: rf=graph_1_bagging_rf, dwrf=graph_1_bagging_dwrf, xgb=graph_1_bagging_xgb
2026-09-13 15:24:24,606 - visualization.plots - INFO - Generating all plots...
2026-09-13 15:24:41,490 - visualization.plots - INFO - All plots generated.
2026-09-13 15:24:41,498 - experiments.runner - INFO - Visualizations generated.
2026-09-13 15:24:41,555 - experiments.runner - INFO - Results saved to dwrf_output\results_summary.json
2026-09-13 15:24:41,572 - experiments.runner - INFO - Experiment completed successfully.
2026-09-13 15:30:07,107 - autoreload - ERROR - Failed to reload module 'visualization.plots' from file 'C:\Users\User\Documents\Machine_Learning\ML_Models\DARF\v4-1-2_Pre_Plots\visualization\plots.py'
Traceback (most recent call last):
  File "C:\ProgramData\anaconda3\envs\learning\Lib\site-packages\IPython\extensions\autoreload.py", line 325, in check
    superreload(m, reload, self.old_objects)
    ~~~~~~~~~~~^^^^^^^^^^^^^^^^^^^^^^^^^^^^^
  File "C:\ProgramData\anaconda3\envs\learning\Lib\site-packages\IPython\extensions\autoreload.py", line 584, in superreload
    module = reload(module)
  File "C:\ProgramData\anaconda3\envs\learning\Lib\importlib\__init__.py", line 129, in reload
    _bootstrap._exec(spec, module)
    ~~~~~~~~~~~~~~~~^^^^^^^^^^^^^^
  File "<frozen importlib._bootstrap>", line 869, in _exec
  File "<frozen importlib._bootstrap_external>", line 755, in exec_module
  File "<frozen importlib._bootstrap_external>", line 893, in get_code
  File "<frozen importlib._bootstrap_external>", line 823, in source_to_code
  File "<frozen importlib._bootstrap>", line 491, in _call_with_frames_removed
  File "C:\Users\User\Documents\Machine_Learning\ML_Models\DARF\v4-1-2_Pre_Plots\visualization\plots.py", line 2189
    def plot_metrics_comparison(self):
                                      ^
IndentationError: unindent does not match any outer indentation level
2026-09-13 15:30:53,993 - experiments.runner - INFO - Starting DARF V4 experiment: DARF
2026-09-13 15:30:53,999 - experiments.runner - INFO - MAPE near-zero floor (mape_threshold) set to: 5.1 (physical units after inverse-scaling y)
2026-09-13 15:30:54,007 - data.loader - INFO - Loading data from C:/Users/User/OneDrive/Personal/Masters/MPhil Electrical Engineering/MPhil/Research Papers/3_Technical paper/Riverside_data_dwrf.csv
2026-09-13 15:30:54,091 - experiments.runner - INFO - Preprocessing time: 0.084 seconds
2026-09-13 15:30:54,112 - experiments.runner - INFO - Data shapes: X_train=(3353, 9), X_test=(719, 9)
2026-09-13 15:30:54,119 - experiments.runner - INFO - Feature names: ['GHI', 'Ambient_Temp', 'Panel_Temp', 'Wind_Speed', 'Humidity', 'Pressure', 'SunShine', 'Hour', 'Month']
2026-09-13 15:30:54,125 - experiments.runner - INFO - Target column: DC_Power
2026-09-13 15:30:54,133 - experiments.runner - INFO - Full DataFrame columns: ['timestamp', 'Ambient_Temp', 'Humidity', 'Pressure', 'Wind_Speed', 'SunShine', 'GHI', 'Panel_Temp', 'DC_Power', 'Month', 'Hour', 'DC_Power_Level']
2026-09-13 15:30:54,142 - graph.multi_graph - INFO - Graph graph_1 edges: {'GHI': ['DC_Power', 'Panel_Temp'], 'Ambient_Temp': ['Panel_Temp', 'Humidity'], 'Panel_Temp': ['DC_Power'], 'Wind_Speed': ['Ambient_Temp', 'Humidity'], 'Hour': ['GHI', 'Ambient_Temp'], 'Month': ['GHI'], 'SunShine': ['DC_Power'], 'Pressure': [], 'Humidity': ['DC_Power']}
2026-09-13 15:30:54,150 - graph.multi_graph - INFO - Graph graph_2 edges: {'GHI': ['DC_Power', 'Panel_Temp'], 'Ambient_Temp': ['Panel_Temp', 'Humidity'], 'Panel_Temp': ['DC_Power'], 'Wind_Speed': ['Ambient_Temp'], 'Hour': ['GHI', 'Ambient_Temp'], 'Month': ['GHI'], 'Humidity': ['DC_Power']}
2026-09-13 15:30:54,156 - graph.multi_graph - INFO - Graph graph_3 edges: {'GHI': ['DC_Power', 'Panel_Temp'], 'Panel_Temp': ['DC_Power'], 'Ambient_Temp': ['DC_Power', 'Panel_Temp', 'Humidity'], 'Wind_Speed': ['DC_Power', 'Panel_Temp', 'Ambient_Temp', 'Humidity'], 'Humidity': ['DC_Power'], 'Hour': ['Ambient_Temp'], 'Month': ['Ambient_Temp', 'Humidity']}
2026-09-13 15:30:54,162 - experiments.runner - INFO - ============================================================
2026-09-13 15:30:54,168 - experiments.runner - INFO - Processing graph: graph_1
2026-09-13 15:30:54,173 - experiments.runner - INFO - ============================================================
2026-09-13 15:30:54,180 - experiments.runner - INFO - Exact match: 'GHI' -> 'GHI'
2026-09-13 15:30:54,185 - experiments.runner - INFO - Exact match: 'DC_Power' -> 'DC_Power'
2026-09-13 15:30:54,192 - experiments.runner - INFO - Exact match: 'Panel_Temp' -> 'Panel_Temp'
2026-09-13 15:30:54,198 - experiments.runner - INFO - Exact match: 'Ambient_Temp' -> 'Ambient_Temp'
2026-09-13 15:30:54,203 - experiments.runner - INFO - Exact match: 'Humidity' -> 'Humidity'
2026-09-13 15:30:54,211 - experiments.runner - INFO - Exact match: 'Wind_Speed' -> 'Wind_Speed'
2026-09-13 15:30:54,217 - experiments.runner - INFO - Exact match: 'Hour' -> 'Hour'
2026-09-13 15:30:54,222 - experiments.runner - INFO - Exact match: 'Month' -> 'Month'
2026-09-13 15:30:54,229 - experiments.runner - INFO - Exact match: 'SunShine' -> 'SunShine'
2026-09-13 15:30:54,234 - experiments.runner - INFO - Estimating DRWs with alpha=0.001...
2026-09-13 15:30:54,251 - graph.ridge_estimator - INFO - DRW coefficients for GHI (parents ['Hour', 'Month']): {'Hour': np.float64(0.09191525046233252), 'Month': np.float64(-0.0702043234618354)}
2026-09-13 15:30:54,259 - graph.ridge_estimator - INFO - R² for node GHI: 0.0137
2026-09-13 15:30:54,278 - graph.ridge_estimator - INFO - DRW coefficients for DC_Power (parents ['GHI', 'Panel_Temp', 'SunShine', 'Humidity']): {'GHI': np.float64(0.34626309261009086), 'Panel_Temp': np.float64(0.6712819204539988), 'SunShine': np.float64(-0.29873619633161985), 'Humidity': np.float64(0.026519115821653703)}
2026-09-13 15:30:54,292 - graph.ridge_estimator - INFO - R² for node DC_Power: 0.8212
2026-09-13 15:30:54,305 - graph.ridge_estimator - INFO - DRW coefficients for Panel_Temp (parents ['GHI', 'Ambient_Temp']): {'GHI': np.float64(0.3283308196366098), 'Ambient_Temp': np.float64(0.7218487637709391)}
2026-09-13 15:30:54,314 - graph.ridge_estimator - INFO - R² for node Panel_Temp: 0.8695
2026-09-13 15:30:54,326 - graph.ridge_estimator - INFO - DRW coefficients for Ambient_Temp (parents ['Wind_Speed', 'Hour']): {'Wind_Speed': np.float64(0.32398615695559935), 'Hour': np.float64(0.3873885407511019)}
2026-09-13 15:30:54,344 - graph.ridge_estimator - INFO - R² for node Ambient_Temp: 0.2715
2026-09-13 15:30:54,362 - graph.ridge_estimator - INFO - DRW coefficients for Humidity (parents ['Ambient_Temp', 'Wind_Speed']): {'Ambient_Temp': np.float64(-0.6551916119343523), 'Wind_Speed': np.float64(-0.09802396605255873)}
2026-09-13 15:30:54,373 - graph.ridge_estimator - INFO - R² for node Humidity: 0.4838
2026-09-13 15:30:54,382 - graph.ridge_estimator - INFO - DRW estimation complete for 5 nodes
2026-09-13 15:30:54,387 - graph.ridge_estimator - INFO - DRW dictionary: {'GHI': {'Hour': np.float64(0.5669596103510995), 'Month': np.float64(0.43304038964890046)}, 'DC_Power': {'GHI': np.float64(0.25786640508449393), 'Panel_Temp': np.float64(0.4999119436058643), 'SunShine': np.float64(0.22247253796521269), 'Humidity': np.float64(0.0197491133444289)}, 'Panel_Temp': {'GHI': np.float64(0.31264254687875864), 'Ambient_Temp': np.float64(0.6873574531212414)}, 'Ambient_Temp': {'Wind_Speed': np.float64(0.45543671710569944), 'Hour': np.float64(0.5445632828943006)}, 'Humidity': {'Ambient_Temp': np.float64(0.8698593484822188), 'Wind_Speed': np.float64(0.1301406515177812)}}
2026-09-13 15:30:54,392 - graph.ridge_estimator - INFO - R² scores: {'GHI': 0.013653082575271758, 'DC_Power': 0.8212201343982459, 'Panel_Temp': 0.8695267881976556, 'Ambient_Temp': 0.27150220660700397, 'Humidity': 0.48376455345814096, 'Wind_Speed': 0.0, 'Hour': 0.0, 'Month': 0.0, 'SunShine': 0.0}
2026-09-13 15:30:54,398 - experiments.runner - INFO - DRW estimation complete for 5 nodes
2026-09-13 15:30:54,407 - experiments.runner - INFO - Computing DPWs for target: DC_Power
2026-09-13 15:30:54,413 - graph.domain_prior - INFO - Final DPW for input features (with intrinsic): {'GHI': np.float64(0.2568620495335465), 'Ambient_Temp': np.float64(0.2003241899779219), 'Panel_Temp': np.float64(0.32610167883871227), 'Wind_Speed': np.float64(0.025581563663868715), 'Humidity': np.float64(0.012882706843811306), 'Pressure': np.float64(0.0), 'SunShine': np.float64(0.14512289424947833), 'Hour': np.float64(0.03160626209923311), 'Month': np.float64(0.0015186547934278182)}
2026-09-13 15:30:54,419 - experiments.runner - INFO - Raw DPW for graph_1: {'GHI': np.float64(0.2568620495335465), 'Ambient_Temp': np.float64(0.2003241899779219), 'Panel_Temp': np.float64(0.32610167883871227), 'Wind_Speed': np.float64(0.025581563663868715), 'Humidity': np.float64(0.012882706843811306), 'Pressure': np.float64(0.0), 'SunShine': np.float64(0.14512289424947833), 'Hour': np.float64(0.03160626209923311), 'Month': np.float64(0.0015186547934278182)}
2026-09-13 15:30:54,425 - experiments.runner - INFO - R² used for intrinsic γ: {'GHI': 0.013653082575271758, 'DC_Power': 0.8212201343982459, 'Panel_Temp': 0.8695267881976556, 'Ambient_Temp': 0.27150220660700397, 'Humidity': 0.48376455345814096, 'Wind_Speed': 0.0, 'Hour': 0.0, 'Month': 0.0, 'SunShine': 0.0}
2026-09-13 15:30:54,430 - experiments.runner - INFO - Filtered DPW (pre-smooth) for graph_1: {'GHI': np.float64(0.2568620495335465), 'Ambient_Temp': np.float64(0.2003241899779219), 'Panel_Temp': np.float64(0.32610167883871227), 'Wind_Speed': np.float64(0.025581563663868715), 'Humidity': np.float64(0.012882706843811306), 'Pressure': np.float64(0.0), 'SunShine': np.float64(0.14512289424947833), 'Hour': np.float64(0.03160626209923311), 'Month': np.float64(0.0015186547934278182)}
2026-09-13 15:30:54,434 - experiments.runner - INFO - Training sampling P (α=0.3) for graph_1: {'GHI': 0.21313676800681589, 'Ambient_Temp': 0.17356026631787863, 'Panel_Temp': 0.26160450852043193, 'Wind_Speed': 0.05124042789804143, 'Humidity': 0.042351228124001244, 'Pressure': 0.03333333333333333, 'SunShine': 0.13491935930796817, 'Hour': 0.055457716802796514, 'Month': 0.034396391688732805}
2026-09-13 15:30:54,445 - experiments.runner - INFO - ============================================================
2026-09-13 15:30:54,450 - experiments.runner - INFO - Processing graph: graph_2
2026-09-13 15:30:54,455 - experiments.runner - INFO - ============================================================
2026-09-13 15:30:54,464 - experiments.runner - INFO - Exact match: 'GHI' -> 'GHI'
2026-09-13 15:30:54,469 - experiments.runner - INFO - Exact match: 'DC_Power' -> 'DC_Power'
2026-09-13 15:30:54,474 - experiments.runner - INFO - Exact match: 'Panel_Temp' -> 'Panel_Temp'
2026-09-13 15:30:54,481 - experiments.runner - INFO - Exact match: 'Ambient_Temp' -> 'Ambient_Temp'
2026-09-13 15:30:54,487 - experiments.runner - INFO - Exact match: 'Humidity' -> 'Humidity'
2026-09-13 15:30:54,493 - experiments.runner - INFO - Exact match: 'Wind_Speed' -> 'Wind_Speed'
2026-09-13 15:30:54,498 - experiments.runner - INFO - Exact match: 'Hour' -> 'Hour'
2026-09-13 15:30:54,506 - experiments.runner - INFO - Exact match: 'Month' -> 'Month'
2026-09-13 15:30:54,512 - experiments.runner - INFO - Estimating DRWs with alpha=0.001...
2026-09-13 15:30:54,522 - graph.ridge_estimator - INFO - DRW coefficients for GHI (parents ['Hour', 'Month']): {'Hour': np.float64(0.09191525046233252), 'Month': np.float64(-0.0702043234618354)}
2026-09-13 15:30:54,531 - graph.ridge_estimator - INFO - R² for node GHI: 0.0137
2026-09-13 15:30:54,545 - graph.ridge_estimator - INFO - DRW coefficients for DC_Power (parents ['GHI', 'Panel_Temp', 'Humidity']): {'GHI': np.float64(0.3804491661695964), 'Panel_Temp': np.float64(0.6744658906065989), 'Humidity': np.float64(0.20322399319262252)}
2026-09-13 15:30:54,566 - graph.ridge_estimator - INFO - R² for node DC_Power: 0.7582
2026-09-13 15:30:54,582 - graph.ridge_estimator - INFO - DRW coefficients for Panel_Temp (parents ['GHI', 'Ambient_Temp']): {'GHI': np.float64(0.3283308196366098), 'Ambient_Temp': np.float64(0.7218487637709391)}
2026-09-13 15:30:54,593 - graph.ridge_estimator - INFO - R² for node Panel_Temp: 0.8695
2026-09-13 15:30:54,607 - graph.ridge_estimator - INFO - DRW coefficients for Ambient_Temp (parents ['Wind_Speed', 'Hour']): {'Wind_Speed': np.float64(0.32398615695559935), 'Hour': np.float64(0.3873885407511019)}
2026-09-13 15:30:54,615 - graph.ridge_estimator - INFO - R² for node Ambient_Temp: 0.2715
2026-09-13 15:30:54,624 - graph.ridge_estimator - INFO - DRW coefficients for Humidity (parents ['Ambient_Temp']): {'Ambient_Temp': np.float64(-0.6894408405502239)}
2026-09-13 15:30:54,635 - graph.ridge_estimator - INFO - R² for node Humidity: 0.4753
2026-09-13 15:30:54,640 - graph.ridge_estimator - INFO - DRW estimation complete for 5 nodes
2026-09-13 15:30:54,645 - graph.ridge_estimator - INFO - DRW dictionary: {'GHI': {'Hour': np.float64(0.5669596103510995), 'Month': np.float64(0.43304038964890046)}, 'DC_Power': {'GHI': np.float64(0.3023903964979273), 'Panel_Temp': np.float64(0.5360821529411356), 'Humidity': np.float64(0.16152745056093704)}, 'Panel_Temp': {'GHI': np.float64(0.31264254687875864), 'Ambient_Temp': np.float64(0.6873574531212414)}, 'Ambient_Temp': {'Wind_Speed': np.float64(0.45543671710569944), 'Hour': np.float64(0.5445632828943006)}, 'Humidity': {'Ambient_Temp': np.float64(1.0)}}
2026-09-13 15:30:54,651 - graph.ridge_estimator - INFO - R² scores: {'GHI': 0.013653082575271758, 'DC_Power': 0.7581584922917597, 'Panel_Temp': 0.8695267881976556, 'Ambient_Temp': 0.27150220660700397, 'Humidity': 0.4753288710442609, 'Wind_Speed': 0.0, 'Hour': 0.0, 'Month': 0.0}
2026-09-13 15:30:54,656 - experiments.runner - INFO - DRW estimation complete for 5 nodes
2026-09-13 15:30:54,661 - experiments.runner - INFO - Computing DPWs for target: DC_Power
2026-09-13 15:30:54,666 - graph.domain_prior - INFO - Final DPW for input features (with intrinsic): {'GHI': np.float64(0.270464649611155), 'Ambient_Temp': np.float64(0.23971815731815185), 'Panel_Temp': np.float64(0.3235510247827767), 'Wind_Speed': np.float64(0.029641647247313774), 'Humidity': np.float64(0.0974894834174402), 'Pressure': np.float64(0.0), 'SunShine': np.float64(0.0), 'Hour': np.float64(0.037535959684904696), 'Month': np.float64(0.0015990779382577195)}
2026-09-13 15:30:54,673 - experiments.runner - INFO - Raw DPW for graph_2: {'GHI': np.float64(0.270464649611155), 'Ambient_Temp': np.float64(0.23971815731815185), 'Panel_Temp': np.float64(0.3235510247827767), 'Wind_Speed': np.float64(0.029641647247313774), 'Humidity': np.float64(0.0974894834174402), 'Pressure': np.float64(0.0), 'SunShine': np.float64(0.0), 'Hour': np.float64(0.037535959684904696), 'Month': np.float64(0.0015990779382577195)}
2026-09-13 15:30:54,679 - experiments.runner - INFO - R² used for intrinsic γ: {'GHI': 0.013653082575271758, 'DC_Power': 0.7581584922917597, 'Panel_Temp': 0.8695267881976556, 'Ambient_Temp': 0.27150220660700397, 'Humidity': 0.4753288710442609, 'Wind_Speed': 0.0, 'Hour': 0.0, 'Month': 0.0}
2026-09-13 15:30:54,687 - experiments.runner - INFO - Filtered DPW (pre-smooth) for graph_2: {'GHI': np.float64(0.270464649611155), 'Ambient_Temp': np.float64(0.23971815731815185), 'Panel_Temp': np.float64(0.3235510247827767), 'Wind_Speed': np.float64(0.029641647247313774), 'Humidity': np.float64(0.0974894834174402), 'Pressure': np.float64(0.0), 'SunShine': np.float64(0.0), 'Hour': np.float64(0.037535959684904696), 'Month': np.float64(0.0015990779382577195)}
2026-09-13 15:30:54,693 - experiments.runner - INFO - Training sampling P (α=0.3) for graph_2: {'GHI': 0.22265858806114183, 'Ambient_Temp': 0.2011360434560396, 'Panel_Temp': 0.25981905068127703, 'Wind_Speed': 0.054082486406452975, 'Humidity': 0.10157597172554148, 'Pressure': 0.03333333333333333, 'SunShine': 0.03333333333333333, 'Hour': 0.05960850511276662, 'Month': 0.034452687890113735}
2026-09-13 15:30:54,704 - experiments.runner - INFO - ============================================================
2026-09-13 15:30:54,712 - experiments.runner - INFO - Processing graph: graph_3
2026-09-13 15:30:54,717 - experiments.runner - INFO - ============================================================
2026-09-13 15:30:54,722 - experiments.runner - INFO - Exact match: 'GHI' -> 'GHI'
2026-09-13 15:30:54,728 - experiments.runner - INFO - Exact match: 'DC_Power' -> 'DC_Power'
2026-09-13 15:30:54,732 - experiments.runner - INFO - Exact match: 'Panel_Temp' -> 'Panel_Temp'
2026-09-13 15:30:54,739 - experiments.runner - INFO - Exact match: 'Ambient_Temp' -> 'Ambient_Temp'
2026-09-13 15:30:54,745 - experiments.runner - INFO - Exact match: 'Humidity' -> 'Humidity'
2026-09-13 15:30:54,753 - experiments.runner - INFO - Exact match: 'Wind_Speed' -> 'Wind_Speed'
2026-09-13 15:30:54,759 - experiments.runner - INFO - Exact match: 'Hour' -> 'Hour'
2026-09-13 15:30:54,763 - experiments.runner - INFO - Exact match: 'Month' -> 'Month'
2026-09-13 15:30:54,768 - experiments.runner - INFO - Estimating DRWs with alpha=0.001...
2026-09-13 15:30:54,790 - graph.ridge_estimator - INFO - DRW coefficients for DC_Power (parents ['GHI', 'Panel_Temp', 'Ambient_Temp', 'Wind_Speed', 'Humidity']): {'GHI': np.float64(0.204480637446251), 'Panel_Temp': np.float64(1.3289315321446737), 'Ambient_Temp': np.float64(-0.7457558162888255), 'Wind_Speed': np.float64(0.03448776848683779), 'Humidity': np.float64(0.015102642108431685)}
2026-09-13 15:30:54,802 - graph.ridge_estimator - INFO - R² for node DC_Power: 0.8445
2026-09-13 15:30:54,816 - graph.ridge_estimator - INFO - DRW coefficients for Panel_Temp (parents ['GHI', 'Ambient_Temp', 'Wind_Speed']): {'GHI': np.float64(0.3025342658600985), 'Ambient_Temp': np.float64(0.6901831211685034), 'Wind_Speed': np.float64(0.1281146428945451)}
2026-09-13 15:30:54,829 - graph.ridge_estimator - INFO - R² for node Panel_Temp: 0.8834
2026-09-13 15:30:54,846 - graph.ridge_estimator - INFO - DRW coefficients for Ambient_Temp (parents ['Wind_Speed', 'Hour', 'Month']): {'Wind_Speed': np.float64(0.29163078029434875), 'Hour': np.float64(0.3955494906933935), 'Month': np.float64(0.282348148432042)}
2026-09-13 15:30:54,854 - graph.ridge_estimator - INFO - R² for node Ambient_Temp: 0.3501
2026-09-13 15:30:54,865 - graph.ridge_estimator - INFO - DRW coefficients for Humidity (parents ['Ambient_Temp', 'Wind_Speed', 'Month']): {'Ambient_Temp': np.float64(-0.7529004640516184), 'Wind_Speed': np.float64(-0.10004078680741665), 'Month': np.float64(0.32082160804206583)}
2026-09-13 15:30:54,875 - graph.ridge_estimator - INFO - R² for node Humidity: 0.5770
2026-09-13 15:30:54,879 - graph.ridge_estimator - INFO - DRW estimation complete for 4 nodes
2026-09-13 15:30:54,885 - graph.ridge_estimator - INFO - DRW dictionary: {'DC_Power': {'GHI': np.float64(0.08780672042053311), 'Panel_Temp': np.float64(0.5706609728841956), 'Ambient_Temp': np.float64(0.320237521169073), 'Wind_Speed': np.float64(0.014809509023796123), 'Humidity': np.float64(0.006485276502402379)}, 'Panel_Temp': {'GHI': np.float64(0.26991936149508733), 'Ambient_Temp': np.float64(0.6157774784646614), 'Wind_Speed': np.float64(0.11430316004025119)}, 'Ambient_Temp': {'Wind_Speed': np.float64(0.3007965258706657), 'Hour': np.float64(0.40798132656091785), 'Month': np.float64(0.29122214756841647)}, 'Humidity': {'Ambient_Temp': np.float64(0.6414417174151328), 'Wind_Speed': np.float64(0.08523083351016639), 'Month': np.float64(0.27332744907470075)}}
2026-09-13 15:30:54,892 - graph.ridge_estimator - INFO - R² scores: {'GHI': 0.0, 'DC_Power': 0.8444608702250931, 'Panel_Temp': 0.8834425082770287, 'Ambient_Temp': 0.350143882471891, 'Humidity': 0.5770023350339799, 'Wind_Speed': 0.0, 'Hour': 0.0, 'Month': 0.0}
2026-09-13 15:30:54,898 - experiments.runner - INFO - DRW estimation complete for 4 nodes
2026-09-13 15:30:54,906 - experiments.runner - INFO - Computing DPWs for target: DC_Power
2026-09-13 15:30:54,911 - graph.domain_prior - INFO - Final DPW for input features (with intrinsic): {'GHI': np.float64(0.1294467373958688), 'Ambient_Temp': np.float64(0.3660356989105594), 'Panel_Temp': np.float64(0.3299462943296303), 'Wind_Speed': np.float64(0.08061670578130667), 'Humidity': np.float64(0.003749674590249085), 'Pressure': np.float64(0.0), 'SunShine': np.float64(0.0), 'Hour': np.float64(0.05228899229753947), 'Month': np.float64(0.03791589669484631)}
2026-09-13 15:30:54,916 - experiments.runner - INFO - Raw DPW for graph_3: {'GHI': np.float64(0.1294467373958688), 'Ambient_Temp': np.float64(0.3660356989105594), 'Panel_Temp': np.float64(0.3299462943296303), 'Wind_Speed': np.float64(0.08061670578130667), 'Humidity': np.float64(0.003749674590249085), 'Pressure': np.float64(0.0), 'SunShine': np.float64(0.0), 'Hour': np.float64(0.05228899229753947), 'Month': np.float64(0.03791589669484631)}
2026-09-13 15:30:54,922 - experiments.runner - INFO - R² used for intrinsic γ: {'GHI': 0.0, 'DC_Power': 0.8444608702250931, 'Panel_Temp': 0.8834425082770287, 'Ambient_Temp': 0.350143882471891, 'Humidity': 0.5770023350339799, 'Wind_Speed': 0.0, 'Hour': 0.0, 'Month': 0.0}
2026-09-13 15:30:54,932 - experiments.runner - INFO - Filtered DPW (pre-smooth) for graph_3: {'GHI': np.float64(0.1294467373958688), 'Ambient_Temp': np.float64(0.3660356989105594), 'Panel_Temp': np.float64(0.3299462943296303), 'Wind_Speed': np.float64(0.08061670578130667), 'Humidity': np.float64(0.003749674590249085), 'Pressure': np.float64(0.0), 'SunShine': np.float64(0.0), 'Hour': np.float64(0.05228899229753947), 'Month': np.float64(0.03791589669484631)}
2026-09-13 15:30:54,945 - experiments.runner - INFO - Training sampling P (α=0.3) for graph_3: {'GHI': 0.12394604951044147, 'Ambient_Temp': 0.2895583225707249, 'Panel_Temp': 0.2642957393640745, 'Wind_Speed': 0.089765027380248, 'Humidity': 0.03595810554650769, 'Pressure': 0.03333333333333333, 'SunShine': 0.03333333333333333, 'Hour': 0.06993562794161096, 'Month': 0.05987446101972575}
2026-09-13 15:30:54,951 - experiments.runner - INFO - Baselines: RF + XGBoost always | Domain-weighted experimental: ['bagging'] (bagging.enabled=True, boosting.enabled=False, experiment_type=AlgorithmType.COMPARISON)
2026-09-13 15:30:54,956 - experiments.runner - INFO - Total tasks: 18
2026-09-13 15:32:31,642 - experiments.runner - INFO - Valid results: 18 / 18
2026-09-13 15:32:31,655 - experiments.runner - INFO - RF predictions averaged over 6 runs (physical units)
2026-09-13 15:32:31,668 - experiments.runner - INFO - XGBoost predictions averaged over 6 runs (physical units)
2026-09-13 15:32:31,681 - experiments.runner - INFO - DARF predictions averaged over 6 runs (physical units)
2026-09-13 15:32:31,688 - experiments.runner - INFO - Average timing: {'Preprocessing': 0.08443760871887207, 'Training': {'RF': 5.422810372220637, 'XGBoost': 3.577677722218343, 'DARF': 5.8864667166667966}, 'Inference': {'RF': 0.820580477776174, 'XGBoost': 0.046518944444768645, 'DARF': 1.1610384222246164}}
2026-09-13 15:32:31,709 - experiments.runner - INFO - Model result keys: ['graph_1_bagging_rf', 'graph_1_bagging_dwrf', 'graph_1_bagging_xgb', 'graph_2_bagging_rf', 'graph_2_bagging_dwrf', 'graph_2_bagging_xgb', 'graph_3_bagging_rf', 'graph_3_bagging_dwrf', 'graph_3_bagging_xgb']
2026-09-13 15:32:42,593 - analysis.sensitivity - WARNING - full_df_scaled / graphs missing from data_dict – λ-sensitivity will reuse the original DPW (incomplete).
2026-09-13 15:32:42,603 - analysis.sensitivity - INFO - λ-sensitivity: estimating DRW/DPW with λ=0.01
2026-09-13 15:32:49,915 - analysis.sensitivity - INFO - λ=0.01 (seed=10042) → MAE=0.3552, MAPE=77.5527
2026-09-13 15:32:49,922 - analysis.sensitivity - INFO - λ-sensitivity: estimating DRW/DPW with λ=0.05
2026-09-13 15:32:55,827 - analysis.sensitivity - INFO - λ=0.05 (seed=50042) → MAE=0.3726, MAPE=80.0229
2026-09-13 15:32:55,841 - analysis.sensitivity - INFO - λ-sensitivity: estimating DRW/DPW with λ=0.1
2026-09-13 15:33:01,291 - analysis.sensitivity - INFO - λ=0.1 (seed=100042) → MAE=0.3586, MAPE=75.7810
2026-09-13 15:33:01,299 - analysis.sensitivity - INFO - λ-sensitivity: estimating DRW/DPW with λ=0.5
2026-09-13 15:33:06,273 - analysis.sensitivity - INFO - λ=0.5 (seed=500042) → MAE=0.3656, MAPE=79.6570
2026-09-13 15:33:06,281 - analysis.sensitivity - INFO - λ-sensitivity: estimating DRW/DPW with λ=1.0
2026-09-13 15:33:10,791 - analysis.sensitivity - INFO - λ=1.0 (seed=1000042) → MAE=0.3634, MAPE=79.0872
2026-09-13 15:33:10,801 - analysis.sensitivity - INFO - λ-sensitivity: estimating DRW/DPW with λ=2.0
2026-09-13 15:33:16,259 - analysis.sensitivity - INFO - λ=2.0 (seed=2000042) → MAE=0.3672, MAPE=79.7476
2026-09-13 15:33:16,266 - analysis.sensitivity - INFO - λ-sensitivity: estimating DRW/DPW with λ=5.0
2026-09-13 15:33:20,481 - analysis.sensitivity - INFO - λ=5.0 (seed=5000042) → MAE=0.3708, MAPE=81.7319
2026-09-13 15:33:20,489 - analysis.sensitivity - INFO - λ-sensitivity: estimating DRW/DPW with λ=7.0
2026-09-13 15:33:24,313 - analysis.sensitivity - INFO - λ=7.0 (seed=7000042) → MAE=0.3561, MAPE=78.1523
2026-09-13 15:33:24,318 - analysis.sensitivity - INFO - λ-sensitivity: estimating DRW/DPW with λ=10.0
2026-09-13 15:33:28,101 - analysis.sensitivity - INFO - λ=10.0 (seed=10000042) → MAE=0.3687, MAPE=82.6128
2026-09-13 15:33:33,451 - analysis.sensitivity - INFO - α=0.01 (seed=10010042) → MAE=0.3662
2026-09-13 15:33:37,911 - analysis.sensitivity - INFO - α=0.05 (seed=10050042) → MAE=0.3655
2026-09-13 15:33:42,522 - analysis.sensitivity - INFO - α=0.1 (seed=10100042) → MAE=0.3744
2026-09-13 15:33:47,004 - analysis.sensitivity - INFO - α=0.2 (seed=10200042) → MAE=0.3616
2026-09-13 15:33:51,918 - analysis.sensitivity - INFO - α=0.3 (seed=10300042) → MAE=0.3411
2026-09-13 15:33:56,042 - analysis.sensitivity - INFO - α=0.4 (seed=10400042) → MAE=0.3470
2026-09-13 15:34:01,024 - analysis.sensitivity - INFO - α=0.5 (seed=10500042) → MAE=0.3441
2026-09-13 15:34:06,267 - analysis.sensitivity - INFO - α=0.7 (seed=10700042) → MAE=0.3579
2026-09-13 15:34:09,991 - analysis.sensitivity - INFO - α=1.0 (seed=11000042) → MAE=0.3625
2026-09-13 15:34:16,067 - evaluation.metrics - WARNING - mape_threshold=5.1 excluded all 11 points (max |y|=0.08). Falling back to full-set MAPE. Use a smaller floor in the same units as y, or ensure y is inverse-scaled to physical units before metrics.
2026-09-13 15:34:16,075 - evaluation.metrics - WARNING - mape_threshold=5.1 excluded all 11 points (max |y|=0.08). Falling back to full-set MAPE. Use a smaller floor in the same units as y, or ensure y is inverse-scaled to physical units before metrics.
2026-09-13 15:34:16,083 - evaluation.metrics - WARNING - mape_threshold=5.1 excluded all 11 points (max |y|=0.08). Falling back to full-set MAPE. Use a smaller floor in the same units as y, or ensure y is inverse-scaled to physical units before metrics.
2026-09-13 15:34:16,091 - evaluation.metrics - WARNING - mape_threshold=5.1 excluded all 52 points (max |y|=2.75). Falling back to full-set MAPE. Use a smaller floor in the same units as y, or ensure y is inverse-scaled to physical units before metrics.
2026-09-13 15:34:16,101 - evaluation.metrics - WARNING - mape_threshold=5.1 excluded all 52 points (max |y|=2.75). Falling back to full-set MAPE. Use a smaller floor in the same units as y, or ensure y is inverse-scaled to physical units before metrics.
2026-09-13 15:34:16,108 - evaluation.metrics - WARNING - mape_threshold=5.1 excluded all 52 points (max |y|=2.75). Falling back to full-set MAPE. Use a smaller floor in the same units as y, or ensure y is inverse-scaled to physical units before metrics.
2026-09-13 15:34:16,197 - evaluation.metrics - WARNING - mape_threshold=5.1 excluded all 50 points (max |y|=0.85). Falling back to full-set MAPE. Use a smaller floor in the same units as y, or ensure y is inverse-scaled to physical units before metrics.
2026-09-13 15:34:16,206 - evaluation.metrics - WARNING - mape_threshold=5.1 excluded all 50 points (max |y|=0.85). Falling back to full-set MAPE. Use a smaller floor in the same units as y, or ensure y is inverse-scaled to physical units before metrics.
2026-09-13 15:34:16,222 - evaluation.metrics - WARNING - mape_threshold=5.1 excluded all 50 points (max |y|=0.85). Falling back to full-set MAPE. Use a smaller floor in the same units as y, or ensure y is inverse-scaled to physical units before metrics.
2026-09-13 15:34:16,233 - experiments.runner - INFO - Temporal analysis completed (RF, XGBoost, experimental).
2026-09-13 15:34:16,243 - experiments.runner - INFO - Viz keys: rf=graph_1_bagging_rf, dwrf=graph_1_bagging_dwrf, xgb=graph_1_bagging_xgb
2026-09-13 15:34:16,272 - visualization.plots - INFO - Generating all plots...
2026-09-13 15:34:30,831 - visualization.plots - INFO - All plots generated.
2026-09-13 15:34:30,840 - experiments.runner - INFO - Visualizations generated.
2026-09-13 15:34:30,877 - experiments.runner - INFO - Results saved to dwrf_output\results_summary.json
2026-09-13 15:34:30,887 - experiments.runner - INFO - Experiment completed successfully.
2026-09-13 15:40:11,544 - experiments.runner - INFO - Starting DARF V4 experiment: DARF
2026-09-13 15:40:11,552 - experiments.runner - INFO - MAPE near-zero floor (mape_threshold) set to: 5.1 (physical units after inverse-scaling y)
2026-09-13 15:40:11,560 - data.loader - INFO - Loading data from C:/Users/User/OneDrive/Personal/Masters/MPhil Electrical Engineering/MPhil/Research Papers/3_Technical paper/Riverside_data_dwrf.csv
2026-09-13 15:40:11,635 - experiments.runner - INFO - Preprocessing time: 0.075 seconds
2026-09-13 15:40:11,666 - experiments.runner - INFO - Data shapes: X_train=(3353, 9), X_test=(719, 9)
2026-09-13 15:40:11,673 - experiments.runner - INFO - Feature names: ['GHI', 'Ambient_Temp', 'Panel_Temp', 'Wind_Speed', 'Humidity', 'Pressure', 'SunShine', 'Hour', 'Month']
2026-09-13 15:40:11,679 - experiments.runner - INFO - Target column: DC_Power
2026-09-13 15:40:11,687 - experiments.runner - INFO - Full DataFrame columns: ['timestamp', 'Ambient_Temp', 'Humidity', 'Pressure', 'Wind_Speed', 'SunShine', 'GHI', 'Panel_Temp', 'DC_Power', 'Month', 'Hour', 'DC_Power_Level']
2026-09-13 15:40:11,695 - graph.multi_graph - INFO - Graph graph_1 edges: {'GHI': ['DC_Power', 'Panel_Temp'], 'Ambient_Temp': ['Panel_Temp', 'Humidity'], 'Panel_Temp': ['DC_Power'], 'Wind_Speed': ['Ambient_Temp', 'Humidity'], 'Hour': ['GHI', 'Ambient_Temp'], 'Month': ['GHI'], 'SunShine': ['DC_Power'], 'Pressure': [], 'Humidity': ['DC_Power']}
2026-09-13 15:40:11,703 - graph.multi_graph - INFO - Graph graph_2 edges: {'GHI': ['DC_Power', 'Panel_Temp'], 'Ambient_Temp': ['Panel_Temp', 'Humidity'], 'Panel_Temp': ['DC_Power'], 'Wind_Speed': ['Ambient_Temp'], 'Hour': ['GHI', 'Ambient_Temp'], 'Month': ['GHI'], 'Humidity': ['DC_Power']}
2026-09-13 15:40:11,711 - graph.multi_graph - INFO - Graph graph_3 edges: {'GHI': ['DC_Power', 'Panel_Temp'], 'Panel_Temp': ['DC_Power'], 'Ambient_Temp': ['DC_Power', 'Panel_Temp', 'Humidity'], 'Wind_Speed': ['DC_Power', 'Panel_Temp', 'Ambient_Temp', 'Humidity'], 'Humidity': ['DC_Power'], 'Hour': ['Ambient_Temp'], 'Month': ['Ambient_Temp', 'Humidity']}
2026-09-13 15:40:11,721 - experiments.runner - INFO - ============================================================
2026-09-13 15:40:11,730 - experiments.runner - INFO - Processing graph: graph_1
2026-09-13 15:40:11,740 - experiments.runner - INFO - ============================================================
2026-09-13 15:40:11,750 - experiments.runner - INFO - Exact match: 'GHI' -> 'GHI'
2026-09-13 15:40:11,776 - experiments.runner - INFO - Exact match: 'DC_Power' -> 'DC_Power'
2026-09-13 15:40:11,785 - experiments.runner - INFO - Exact match: 'Panel_Temp' -> 'Panel_Temp'
2026-09-13 15:40:11,795 - experiments.runner - INFO - Exact match: 'Ambient_Temp' -> 'Ambient_Temp'
2026-09-13 15:40:11,806 - experiments.runner - INFO - Exact match: 'Humidity' -> 'Humidity'
2026-09-13 15:40:11,813 - experiments.runner - INFO - Exact match: 'Wind_Speed' -> 'Wind_Speed'
2026-09-13 15:40:11,821 - experiments.runner - INFO - Exact match: 'Hour' -> 'Hour'
2026-09-13 15:40:11,828 - experiments.runner - INFO - Exact match: 'Month' -> 'Month'
2026-09-13 15:40:11,837 - experiments.runner - INFO - Exact match: 'SunShine' -> 'SunShine'
2026-09-13 15:40:11,852 - experiments.runner - INFO - Estimating DRWs with alpha=0.001...
2026-09-13 15:40:11,876 - graph.ridge_estimator - INFO - DRW coefficients for GHI (parents ['Hour', 'Month']): {'Hour': np.float64(0.09191525046233252), 'Month': np.float64(-0.0702043234618354)}
2026-09-13 15:40:11,890 - graph.ridge_estimator - INFO - R² for node GHI: 0.0137
2026-09-13 15:40:11,909 - graph.ridge_estimator - INFO - DRW coefficients for DC_Power (parents ['GHI', 'Panel_Temp', 'SunShine', 'Humidity']): {'GHI': np.float64(0.34626309261009086), 'Panel_Temp': np.float64(0.6712819204539988), 'SunShine': np.float64(-0.29873619633161985), 'Humidity': np.float64(0.026519115821653703)}
2026-09-13 15:40:11,923 - graph.ridge_estimator - INFO - R² for node DC_Power: 0.8212
2026-09-13 15:40:11,937 - graph.ridge_estimator - INFO - DRW coefficients for Panel_Temp (parents ['GHI', 'Ambient_Temp']): {'GHI': np.float64(0.3283308196366098), 'Ambient_Temp': np.float64(0.7218487637709391)}
2026-09-13 15:40:11,954 - graph.ridge_estimator - INFO - R² for node Panel_Temp: 0.8695
2026-09-13 15:40:11,969 - graph.ridge_estimator - INFO - DRW coefficients for Ambient_Temp (parents ['Wind_Speed', 'Hour']): {'Wind_Speed': np.float64(0.32398615695559935), 'Hour': np.float64(0.3873885407511019)}
2026-09-13 15:40:11,980 - graph.ridge_estimator - INFO - R² for node Ambient_Temp: 0.2715
2026-09-13 15:40:11,995 - graph.ridge_estimator - INFO - DRW coefficients for Humidity (parents ['Ambient_Temp', 'Wind_Speed']): {'Ambient_Temp': np.float64(-0.6551916119343523), 'Wind_Speed': np.float64(-0.09802396605255873)}
2026-09-13 15:40:12,012 - graph.ridge_estimator - INFO - R² for node Humidity: 0.4838
2026-09-13 15:40:12,021 - graph.ridge_estimator - INFO - DRW estimation complete for 5 nodes
2026-09-13 15:40:12,032 - graph.ridge_estimator - INFO - DRW dictionary: {'GHI': {'Hour': np.float64(0.5669596103510995), 'Month': np.float64(0.43304038964890046)}, 'DC_Power': {'GHI': np.float64(0.25786640508449393), 'Panel_Temp': np.float64(0.4999119436058643), 'SunShine': np.float64(0.22247253796521269), 'Humidity': np.float64(0.0197491133444289)}, 'Panel_Temp': {'GHI': np.float64(0.31264254687875864), 'Ambient_Temp': np.float64(0.6873574531212414)}, 'Ambient_Temp': {'Wind_Speed': np.float64(0.45543671710569944), 'Hour': np.float64(0.5445632828943006)}, 'Humidity': {'Ambient_Temp': np.float64(0.8698593484822188), 'Wind_Speed': np.float64(0.1301406515177812)}}
2026-09-13 15:40:12,041 - graph.ridge_estimator - INFO - R² scores: {'GHI': 0.013653082575271758, 'DC_Power': 0.8212201343982459, 'Panel_Temp': 0.8695267881976556, 'Ambient_Temp': 0.27150220660700397, 'Humidity': 0.48376455345814096, 'Wind_Speed': 0.0, 'Hour': 0.0, 'Month': 0.0, 'SunShine': 0.0}
2026-09-13 15:40:12,053 - experiments.runner - INFO - DRW estimation complete for 5 nodes
2026-09-13 15:40:12,069 - experiments.runner - INFO - Computing DPWs for target: DC_Power
2026-09-13 15:40:12,086 - graph.domain_prior - INFO - Final DPW for input features (with intrinsic): {'GHI': np.float64(0.2568620495335465), 'Ambient_Temp': np.float64(0.2003241899779219), 'Panel_Temp': np.float64(0.32610167883871227), 'Wind_Speed': np.float64(0.025581563663868715), 'Humidity': np.float64(0.012882706843811306), 'Pressure': np.float64(0.0), 'SunShine': np.float64(0.14512289424947833), 'Hour': np.float64(0.03160626209923311), 'Month': np.float64(0.0015186547934278182)}
2026-09-13 15:40:12,095 - experiments.runner - INFO - Raw DPW for graph_1: {'GHI': np.float64(0.2568620495335465), 'Ambient_Temp': np.float64(0.2003241899779219), 'Panel_Temp': np.float64(0.32610167883871227), 'Wind_Speed': np.float64(0.025581563663868715), 'Humidity': np.float64(0.012882706843811306), 'Pressure': np.float64(0.0), 'SunShine': np.float64(0.14512289424947833), 'Hour': np.float64(0.03160626209923311), 'Month': np.float64(0.0015186547934278182)}
2026-09-13 15:40:12,108 - experiments.runner - INFO - R² used for intrinsic γ: {'GHI': 0.013653082575271758, 'DC_Power': 0.8212201343982459, 'Panel_Temp': 0.8695267881976556, 'Ambient_Temp': 0.27150220660700397, 'Humidity': 0.48376455345814096, 'Wind_Speed': 0.0, 'Hour': 0.0, 'Month': 0.0, 'SunShine': 0.0}
2026-09-13 15:40:12,117 - experiments.runner - INFO - Filtered DPW (pre-smooth) for graph_1: {'GHI': np.float64(0.2568620495335465), 'Ambient_Temp': np.float64(0.2003241899779219), 'Panel_Temp': np.float64(0.32610167883871227), 'Wind_Speed': np.float64(0.025581563663868715), 'Humidity': np.float64(0.012882706843811306), 'Pressure': np.float64(0.0), 'SunShine': np.float64(0.14512289424947833), 'Hour': np.float64(0.03160626209923311), 'Month': np.float64(0.0015186547934278182)}
2026-09-13 15:40:12,126 - experiments.runner - INFO - Training sampling P (α=0.3) for graph_1: {'GHI': 0.21313676800681589, 'Ambient_Temp': 0.17356026631787863, 'Panel_Temp': 0.26160450852043193, 'Wind_Speed': 0.05124042789804143, 'Humidity': 0.042351228124001244, 'Pressure': 0.03333333333333333, 'SunShine': 0.13491935930796817, 'Hour': 0.055457716802796514, 'Month': 0.034396391688732805}
2026-09-13 15:40:12,134 - experiments.runner - INFO - ============================================================
2026-09-13 15:40:12,142 - experiments.runner - INFO - Processing graph: graph_2
2026-09-13 15:40:12,151 - experiments.runner - INFO - ============================================================
2026-09-13 15:40:12,159 - experiments.runner - INFO - Exact match: 'GHI' -> 'GHI'
2026-09-13 15:40:12,168 - experiments.runner - INFO - Exact match: 'DC_Power' -> 'DC_Power'
2026-09-13 15:40:12,176 - experiments.runner - INFO - Exact match: 'Panel_Temp' -> 'Panel_Temp'
2026-09-13 15:40:12,184 - experiments.runner - INFO - Exact match: 'Ambient_Temp' -> 'Ambient_Temp'
2026-09-13 15:40:12,192 - experiments.runner - INFO - Exact match: 'Humidity' -> 'Humidity'
2026-09-13 15:40:12,199 - experiments.runner - INFO - Exact match: 'Wind_Speed' -> 'Wind_Speed'
2026-09-13 15:40:12,207 - experiments.runner - INFO - Exact match: 'Hour' -> 'Hour'
2026-09-13 15:40:12,214 - experiments.runner - INFO - Exact match: 'Month' -> 'Month'
2026-09-13 15:40:12,222 - experiments.runner - INFO - Estimating DRWs with alpha=0.001...
2026-09-13 15:40:12,238 - graph.ridge_estimator - INFO - DRW coefficients for GHI (parents ['Hour', 'Month']): {'Hour': np.float64(0.09191525046233252), 'Month': np.float64(-0.0702043234618354)}
2026-09-13 15:40:12,249 - graph.ridge_estimator - INFO - R² for node GHI: 0.0137
2026-09-13 15:40:12,263 - graph.ridge_estimator - INFO - DRW coefficients for DC_Power (parents ['GHI', 'Panel_Temp', 'Humidity']): {'GHI': np.float64(0.3804491661695964), 'Panel_Temp': np.float64(0.6744658906065989), 'Humidity': np.float64(0.20322399319262252)}
2026-09-13 15:40:12,276 - graph.ridge_estimator - INFO - R² for node DC_Power: 0.7582
2026-09-13 15:40:12,291 - graph.ridge_estimator - INFO - DRW coefficients for Panel_Temp (parents ['GHI', 'Ambient_Temp']): {'GHI': np.float64(0.3283308196366098), 'Ambient_Temp': np.float64(0.7218487637709391)}
2026-09-13 15:40:12,303 - graph.ridge_estimator - INFO - R² for node Panel_Temp: 0.8695
2026-09-13 15:40:12,317 - graph.ridge_estimator - INFO - DRW coefficients for Ambient_Temp (parents ['Wind_Speed', 'Hour']): {'Wind_Speed': np.float64(0.32398615695559935), 'Hour': np.float64(0.3873885407511019)}
2026-09-13 15:40:12,331 - graph.ridge_estimator - INFO - R² for node Ambient_Temp: 0.2715
2026-09-13 15:40:12,343 - graph.ridge_estimator - INFO - DRW coefficients for Humidity (parents ['Ambient_Temp']): {'Ambient_Temp': np.float64(-0.6894408405502239)}
2026-09-13 15:40:12,359 - graph.ridge_estimator - INFO - R² for node Humidity: 0.4753
2026-09-13 15:40:12,370 - graph.ridge_estimator - INFO - DRW estimation complete for 5 nodes
2026-09-13 15:40:12,380 - graph.ridge_estimator - INFO - DRW dictionary: {'GHI': {'Hour': np.float64(0.5669596103510995), 'Month': np.float64(0.43304038964890046)}, 'DC_Power': {'GHI': np.float64(0.3023903964979273), 'Panel_Temp': np.float64(0.5360821529411356), 'Humidity': np.float64(0.16152745056093704)}, 'Panel_Temp': {'GHI': np.float64(0.31264254687875864), 'Ambient_Temp': np.float64(0.6873574531212414)}, 'Ambient_Temp': {'Wind_Speed': np.float64(0.45543671710569944), 'Hour': np.float64(0.5445632828943006)}, 'Humidity': {'Ambient_Temp': np.float64(1.0)}}
2026-09-13 15:40:12,388 - graph.ridge_estimator - INFO - R² scores: {'GHI': 0.013653082575271758, 'DC_Power': 0.7581584922917597, 'Panel_Temp': 0.8695267881976556, 'Ambient_Temp': 0.27150220660700397, 'Humidity': 0.4753288710442609, 'Wind_Speed': 0.0, 'Hour': 0.0, 'Month': 0.0}
2026-09-13 15:40:12,395 - experiments.runner - INFO - DRW estimation complete for 5 nodes
2026-09-13 15:40:12,403 - experiments.runner - INFO - Computing DPWs for target: DC_Power
2026-09-13 15:40:12,410 - graph.domain_prior - INFO - Final DPW for input features (with intrinsic): {'GHI': np.float64(0.270464649611155), 'Ambient_Temp': np.float64(0.23971815731815185), 'Panel_Temp': np.float64(0.3235510247827767), 'Wind_Speed': np.float64(0.029641647247313774), 'Humidity': np.float64(0.0974894834174402), 'Pressure': np.float64(0.0), 'SunShine': np.float64(0.0), 'Hour': np.float64(0.037535959684904696), 'Month': np.float64(0.0015990779382577195)}
2026-09-13 15:40:12,421 - experiments.runner - INFO - Raw DPW for graph_2: {'GHI': np.float64(0.270464649611155), 'Ambient_Temp': np.float64(0.23971815731815185), 'Panel_Temp': np.float64(0.3235510247827767), 'Wind_Speed': np.float64(0.029641647247313774), 'Humidity': np.float64(0.0974894834174402), 'Pressure': np.float64(0.0), 'SunShine': np.float64(0.0), 'Hour': np.float64(0.037535959684904696), 'Month': np.float64(0.0015990779382577195)}
2026-09-13 15:40:12,454 - experiments.runner - INFO - R² used for intrinsic γ: {'GHI': 0.013653082575271758, 'DC_Power': 0.7581584922917597, 'Panel_Temp': 0.8695267881976556, 'Ambient_Temp': 0.27150220660700397, 'Humidity': 0.4753288710442609, 'Wind_Speed': 0.0, 'Hour': 0.0, 'Month': 0.0}
2026-09-13 15:40:12,490 - experiments.runner - INFO - Filtered DPW (pre-smooth) for graph_2: {'GHI': np.float64(0.270464649611155), 'Ambient_Temp': np.float64(0.23971815731815185), 'Panel_Temp': np.float64(0.3235510247827767), 'Wind_Speed': np.float64(0.029641647247313774), 'Humidity': np.float64(0.0974894834174402), 'Pressure': np.float64(0.0), 'SunShine': np.float64(0.0), 'Hour': np.float64(0.037535959684904696), 'Month': np.float64(0.0015990779382577195)}
2026-09-13 15:40:12,501 - experiments.runner - INFO - Training sampling P (α=0.3) for graph_2: {'GHI': 0.22265858806114183, 'Ambient_Temp': 0.2011360434560396, 'Panel_Temp': 0.25981905068127703, 'Wind_Speed': 0.054082486406452975, 'Humidity': 0.10157597172554148, 'Pressure': 0.03333333333333333, 'SunShine': 0.03333333333333333, 'Hour': 0.05960850511276662, 'Month': 0.034452687890113735}
2026-09-13 15:40:12,509 - experiments.runner - INFO - ============================================================
2026-09-13 15:40:12,516 - experiments.runner - INFO - Processing graph: graph_3
2026-09-13 15:40:12,524 - experiments.runner - INFO - ============================================================
2026-09-13 15:40:12,531 - experiments.runner - INFO - Exact match: 'GHI' -> 'GHI'
2026-09-13 15:40:12,540 - experiments.runner - INFO - Exact match: 'DC_Power' -> 'DC_Power'
2026-09-13 15:40:12,548 - experiments.runner - INFO - Exact match: 'Panel_Temp' -> 'Panel_Temp'
2026-09-13 15:40:12,556 - experiments.runner - INFO - Exact match: 'Ambient_Temp' -> 'Ambient_Temp'
2026-09-13 15:40:12,564 - experiments.runner - INFO - Exact match: 'Humidity' -> 'Humidity'
2026-09-13 15:40:12,572 - experiments.runner - INFO - Exact match: 'Wind_Speed' -> 'Wind_Speed'
2026-09-13 15:40:12,579 - experiments.runner - INFO - Exact match: 'Hour' -> 'Hour'
2026-09-13 15:40:12,589 - experiments.runner - INFO - Exact match: 'Month' -> 'Month'
2026-09-13 15:40:12,595 - experiments.runner - INFO - Estimating DRWs with alpha=0.001...
2026-09-13 15:40:12,615 - graph.ridge_estimator - INFO - DRW coefficients for DC_Power (parents ['GHI', 'Panel_Temp', 'Ambient_Temp', 'Wind_Speed', 'Humidity']): {'GHI': np.float64(0.204480637446251), 'Panel_Temp': np.float64(1.3289315321446737), 'Ambient_Temp': np.float64(-0.7457558162888255), 'Wind_Speed': np.float64(0.03448776848683779), 'Humidity': np.float64(0.015102642108431685)}
2026-09-13 15:40:12,628 - graph.ridge_estimator - INFO - R² for node DC_Power: 0.8445
2026-09-13 15:40:12,645 - graph.ridge_estimator - INFO - DRW coefficients for Panel_Temp (parents ['GHI', 'Ambient_Temp', 'Wind_Speed']): {'GHI': np.float64(0.3025342658600985), 'Ambient_Temp': np.float64(0.6901831211685034), 'Wind_Speed': np.float64(0.1281146428945451)}
2026-09-13 15:40:12,661 - graph.ridge_estimator - INFO - R² for node Panel_Temp: 0.8834
2026-09-13 15:40:12,683 - graph.ridge_estimator - INFO - DRW coefficients for Ambient_Temp (parents ['Wind_Speed', 'Hour', 'Month']): {'Wind_Speed': np.float64(0.29163078029434875), 'Hour': np.float64(0.3955494906933935), 'Month': np.float64(0.282348148432042)}
2026-09-13 15:40:12,697 - graph.ridge_estimator - INFO - R² for node Ambient_Temp: 0.3501
2026-09-13 15:40:12,725 - graph.ridge_estimator - INFO - DRW coefficients for Humidity (parents ['Ambient_Temp', 'Wind_Speed', 'Month']): {'Ambient_Temp': np.float64(-0.7529004640516184), 'Wind_Speed': np.float64(-0.10004078680741665), 'Month': np.float64(0.32082160804206583)}
2026-09-13 15:40:12,756 - graph.ridge_estimator - INFO - R² for node Humidity: 0.5770
2026-09-13 15:40:12,767 - graph.ridge_estimator - INFO - DRW estimation complete for 4 nodes
2026-09-13 15:40:12,777 - graph.ridge_estimator - INFO - DRW dictionary: {'DC_Power': {'GHI': np.float64(0.08780672042053311), 'Panel_Temp': np.float64(0.5706609728841956), 'Ambient_Temp': np.float64(0.320237521169073), 'Wind_Speed': np.float64(0.014809509023796123), 'Humidity': np.float64(0.006485276502402379)}, 'Panel_Temp': {'GHI': np.float64(0.26991936149508733), 'Ambient_Temp': np.float64(0.6157774784646614), 'Wind_Speed': np.float64(0.11430316004025119)}, 'Ambient_Temp': {'Wind_Speed': np.float64(0.3007965258706657), 'Hour': np.float64(0.40798132656091785), 'Month': np.float64(0.29122214756841647)}, 'Humidity': {'Ambient_Temp': np.float64(0.6414417174151328), 'Wind_Speed': np.float64(0.08523083351016639), 'Month': np.float64(0.27332744907470075)}}
2026-09-13 15:40:12,791 - graph.ridge_estimator - INFO - R² scores: {'GHI': 0.0, 'DC_Power': 0.8444608702250931, 'Panel_Temp': 0.8834425082770287, 'Ambient_Temp': 0.350143882471891, 'Humidity': 0.5770023350339799, 'Wind_Speed': 0.0, 'Hour': 0.0, 'Month': 0.0}
2026-09-13 15:40:12,804 - experiments.runner - INFO - DRW estimation complete for 4 nodes
2026-09-13 15:40:12,813 - experiments.runner - INFO - Computing DPWs for target: DC_Power
2026-09-13 15:40:12,823 - graph.domain_prior - INFO - Final DPW for input features (with intrinsic): {'GHI': np.float64(0.1294467373958688), 'Ambient_Temp': np.float64(0.3660356989105594), 'Panel_Temp': np.float64(0.3299462943296303), 'Wind_Speed': np.float64(0.08061670578130667), 'Humidity': np.float64(0.003749674590249085), 'Pressure': np.float64(0.0), 'SunShine': np.float64(0.0), 'Hour': np.float64(0.05228899229753947), 'Month': np.float64(0.03791589669484631)}
2026-09-13 15:40:12,834 - experiments.runner - INFO - Raw DPW for graph_3: {'GHI': np.float64(0.1294467373958688), 'Ambient_Temp': np.float64(0.3660356989105594), 'Panel_Temp': np.float64(0.3299462943296303), 'Wind_Speed': np.float64(0.08061670578130667), 'Humidity': np.float64(0.003749674590249085), 'Pressure': np.float64(0.0), 'SunShine': np.float64(0.0), 'Hour': np.float64(0.05228899229753947), 'Month': np.float64(0.03791589669484631)}
2026-09-13 15:40:12,844 - experiments.runner - INFO - R² used for intrinsic γ: {'GHI': 0.0, 'DC_Power': 0.8444608702250931, 'Panel_Temp': 0.8834425082770287, 'Ambient_Temp': 0.350143882471891, 'Humidity': 0.5770023350339799, 'Wind_Speed': 0.0, 'Hour': 0.0, 'Month': 0.0}
2026-09-13 15:40:12,858 - experiments.runner - INFO - Filtered DPW (pre-smooth) for graph_3: {'GHI': np.float64(0.1294467373958688), 'Ambient_Temp': np.float64(0.3660356989105594), 'Panel_Temp': np.float64(0.3299462943296303), 'Wind_Speed': np.float64(0.08061670578130667), 'Humidity': np.float64(0.003749674590249085), 'Pressure': np.float64(0.0), 'SunShine': np.float64(0.0), 'Hour': np.float64(0.05228899229753947), 'Month': np.float64(0.03791589669484631)}
2026-09-13 15:40:12,871 - experiments.runner - INFO - Training sampling P (α=0.3) for graph_3: {'GHI': 0.12394604951044147, 'Ambient_Temp': 0.2895583225707249, 'Panel_Temp': 0.2642957393640745, 'Wind_Speed': 0.089765027380248, 'Humidity': 0.03595810554650769, 'Pressure': 0.03333333333333333, 'SunShine': 0.03333333333333333, 'Hour': 0.06993562794161096, 'Month': 0.05987446101972575}
2026-09-13 15:40:12,887 - experiments.runner - INFO - Baselines: RF + XGBoost always | Domain-weighted experimental: ['bagging'] (bagging.enabled=True, boosting.enabled=False, experiment_type=AlgorithmType.COMPARISON)
2026-09-13 15:40:12,903 - experiments.runner - INFO - Total tasks: 180
2026-09-13 15:59:28,895 - experiments.runner - INFO - Valid results: 180 / 180
2026-09-13 15:59:29,039 - experiments.runner - INFO - RF predictions averaged over 60 runs (physical units)
2026-09-13 15:59:29,067 - experiments.runner - INFO - XGBoost predictions averaged over 60 runs (physical units)
2026-09-13 15:59:29,081 - experiments.runner - INFO - DARF predictions averaged over 60 runs (physical units)
2026-09-13 15:59:29,096 - experiments.runner - INFO - Average timing: {'Preprocessing': 0.07521319389343262, 'Training': {'RF': 7.279887436112039, 'XGBoost': 6.68385275166721, 'DARF': 7.945537064444377}, 'Inference': {'RF': 1.4499811411112509, 'XGBoost': 0.06385121055548855, 'DARF': 1.482014713331268}}
2026-09-13 15:59:29,128 - experiments.runner - INFO - Model result keys: ['graph_1_bagging_rf', 'graph_1_bagging_dwrf', 'graph_1_bagging_xgb', 'graph_2_bagging_rf', 'graph_2_bagging_dwrf', 'graph_2_bagging_xgb', 'graph_3_bagging_rf', 'graph_3_bagging_dwrf', 'graph_3_bagging_xgb']
2026-09-13 15:59:40,314 - analysis.sensitivity - WARNING - full_df_scaled / graphs missing from data_dict – λ-sensitivity will reuse the original DPW (incomplete).
2026-09-13 15:59:40,327 - analysis.sensitivity - INFO - λ-sensitivity: estimating DRW/DPW with λ=0.01
2026-09-13 15:59:49,103 - analysis.sensitivity - INFO - λ=0.01 (seed=10042) → MAE=0.3552, MAPE=77.5527
2026-09-13 15:59:49,113 - analysis.sensitivity - INFO - λ-sensitivity: estimating DRW/DPW with λ=0.05
2026-09-13 15:59:56,695 - analysis.sensitivity - INFO - λ=0.05 (seed=50042) → MAE=0.3726, MAPE=80.0229
2026-09-13 15:59:56,705 - analysis.sensitivity - INFO - λ-sensitivity: estimating DRW/DPW with λ=0.1
2026-09-13 16:00:03,135 - analysis.sensitivity - INFO - λ=0.1 (seed=100042) → MAE=0.3586, MAPE=75.7810
2026-09-13 16:00:03,143 - analysis.sensitivity - INFO - λ-sensitivity: estimating DRW/DPW with λ=0.5
2026-09-13 16:00:08,093 - analysis.sensitivity - INFO - λ=0.5 (seed=500042) → MAE=0.3656, MAPE=79.6570
2026-09-13 16:00:08,101 - analysis.sensitivity - INFO - λ-sensitivity: estimating DRW/DPW with λ=1.0
2026-09-13 16:00:13,068 - analysis.sensitivity - INFO - λ=1.0 (seed=1000042) → MAE=0.3634, MAPE=79.0872
2026-09-13 16:00:13,076 - analysis.sensitivity - INFO - λ-sensitivity: estimating DRW/DPW with λ=2.0
2026-09-13 16:00:16,977 - analysis.sensitivity - INFO - λ=2.0 (seed=2000042) → MAE=0.3672, MAPE=79.7476
2026-09-13 16:00:16,989 - analysis.sensitivity - INFO - λ-sensitivity: estimating DRW/DPW with λ=5.0
2026-09-13 16:00:20,673 - analysis.sensitivity - INFO - λ=5.0 (seed=5000042) → MAE=0.3708, MAPE=81.7319
2026-09-13 16:00:20,680 - analysis.sensitivity - INFO - λ-sensitivity: estimating DRW/DPW with λ=7.0
2026-09-13 16:00:24,454 - analysis.sensitivity - INFO - λ=7.0 (seed=7000042) → MAE=0.3561, MAPE=78.1523
2026-09-13 16:00:24,461 - analysis.sensitivity - INFO - λ-sensitivity: estimating DRW/DPW with λ=10.0
2026-09-13 16:00:29,305 - analysis.sensitivity - INFO - λ=10.0 (seed=10000042) → MAE=0.3687, MAPE=82.6128
2026-09-13 16:00:33,568 - analysis.sensitivity - INFO - α=0.01 (seed=10010042) → MAE=0.3662
2026-09-13 16:00:37,297 - analysis.sensitivity - INFO - α=0.05 (seed=10050042) → MAE=0.3655
2026-09-13 16:00:41,197 - analysis.sensitivity - INFO - α=0.1 (seed=10100042) → MAE=0.3744
2026-09-13 16:00:46,042 - analysis.sensitivity - INFO - α=0.2 (seed=10200042) → MAE=0.3616
2026-09-13 16:00:49,748 - analysis.sensitivity - INFO - α=0.3 (seed=10300042) → MAE=0.3411
2026-09-13 16:00:53,595 - analysis.sensitivity - INFO - α=0.4 (seed=10400042) → MAE=0.3470
2026-09-13 16:00:57,513 - analysis.sensitivity - INFO - α=0.5 (seed=10500042) → MAE=0.3441
2026-09-13 16:01:02,805 - analysis.sensitivity - INFO - α=0.7 (seed=10700042) → MAE=0.3579
2026-09-13 16:01:06,477 - analysis.sensitivity - INFO - α=1.0 (seed=11000042) → MAE=0.3625
2026-09-13 16:01:12,127 - evaluation.metrics - WARNING - mape_threshold=5.1 excluded all 11 points (max |y|=0.08). Falling back to full-set MAPE. Use a smaller floor in the same units as y, or ensure y is inverse-scaled to physical units before metrics.
2026-09-13 16:01:12,135 - evaluation.metrics - WARNING - mape_threshold=5.1 excluded all 11 points (max |y|=0.08). Falling back to full-set MAPE. Use a smaller floor in the same units as y, or ensure y is inverse-scaled to physical units before metrics.
2026-09-13 16:01:12,144 - evaluation.metrics - WARNING - mape_threshold=5.1 excluded all 11 points (max |y|=0.08). Falling back to full-set MAPE. Use a smaller floor in the same units as y, or ensure y is inverse-scaled to physical units before metrics.
2026-09-13 16:01:12,154 - evaluation.metrics - WARNING - mape_threshold=5.1 excluded all 52 points (max |y|=2.75). Falling back to full-set MAPE. Use a smaller floor in the same units as y, or ensure y is inverse-scaled to physical units before metrics.
2026-09-13 16:01:12,171 - evaluation.metrics - WARNING - mape_threshold=5.1 excluded all 52 points (max |y|=2.75). Falling back to full-set MAPE. Use a smaller floor in the same units as y, or ensure y is inverse-scaled to physical units before metrics.
2026-09-13 16:01:12,183 - evaluation.metrics - WARNING - mape_threshold=5.1 excluded all 52 points (max |y|=2.75). Falling back to full-set MAPE. Use a smaller floor in the same units as y, or ensure y is inverse-scaled to physical units before metrics.
2026-09-13 16:01:12,268 - evaluation.metrics - WARNING - mape_threshold=5.1 excluded all 50 points (max |y|=0.85). Falling back to full-set MAPE. Use a smaller floor in the same units as y, or ensure y is inverse-scaled to physical units before metrics.
2026-09-13 16:01:12,279 - evaluation.metrics - WARNING - mape_threshold=5.1 excluded all 50 points (max |y|=0.85). Falling back to full-set MAPE. Use a smaller floor in the same units as y, or ensure y is inverse-scaled to physical units before metrics.
2026-09-13 16:01:12,303 - evaluation.metrics - WARNING - mape_threshold=5.1 excluded all 50 points (max |y|=0.85). Falling back to full-set MAPE. Use a smaller floor in the same units as y, or ensure y is inverse-scaled to physical units before metrics.
2026-09-13 16:01:12,315 - experiments.runner - INFO - Temporal analysis completed (RF, XGBoost, experimental).
2026-09-13 16:01:12,325 - experiments.runner - INFO - Viz keys: rf=graph_1_bagging_rf, dwrf=graph_1_bagging_dwrf, xgb=graph_1_bagging_xgb
2026-09-13 16:01:12,369 - visualization.plots - INFO - Generating all plots...
2026-09-13 16:01:27,444 - visualization.plots - INFO - All plots generated.
2026-09-13 16:01:27,450 - experiments.runner - INFO - Visualizations generated.
2026-09-13 16:01:27,516 - experiments.runner - INFO - Results saved to dwrf_output\results_summary.json
2026-09-13 16:01:27,524 - experiments.runner - INFO - Experiment completed successfully.
2026-09-13 16:10:54,790 - experiments.runner - INFO - Starting DARF V4 experiment: DARF
2026-09-13 16:10:54,797 - experiments.runner - INFO - MAPE near-zero floor (mape_threshold) set to: 5.1 (physical units after inverse-scaling y)
2026-09-13 16:10:54,807 - data.loader - INFO - Loading data from C:/Users/User/OneDrive/Personal/Masters/MPhil Electrical Engineering/MPhil/Research Papers/3_Technical paper/Riverside_data_dwrf.csv
2026-09-13 16:10:54,899 - experiments.runner - INFO - Preprocessing time: 0.093 seconds
2026-09-13 16:10:54,949 - experiments.runner - INFO - Data shapes: X_train=(3353, 9), X_test=(719, 9)
2026-09-13 16:10:54,958 - experiments.runner - INFO - Feature names: ['GHI', 'Ambient_Temp', 'Panel_Temp', 'Wind_Speed', 'Humidity', 'Pressure', 'SunShine', 'Hour', 'Month']
2026-09-13 16:10:54,969 - experiments.runner - INFO - Target column: DC_Power
2026-09-13 16:10:54,983 - experiments.runner - INFO - Full DataFrame columns: ['timestamp', 'Ambient_Temp', 'Humidity', 'Pressure', 'Wind_Speed', 'SunShine', 'GHI', 'Panel_Temp', 'DC_Power', 'Month', 'Hour', 'DC_Power_Level']
2026-09-13 16:10:54,994 - graph.multi_graph - INFO - Graph graph_1 edges: {'GHI': ['DC_Power', 'Panel_Temp'], 'Ambient_Temp': ['Panel_Temp', 'Humidity'], 'Panel_Temp': ['DC_Power'], 'Wind_Speed': ['Ambient_Temp', 'Humidity'], 'Hour': ['GHI', 'Ambient_Temp'], 'Month': ['GHI'], 'SunShine': ['DC_Power'], 'Pressure': [], 'Humidity': ['DC_Power']}
2026-09-13 16:10:55,008 - graph.multi_graph - INFO - Graph graph_2 edges: {'GHI': ['DC_Power', 'Panel_Temp'], 'Ambient_Temp': ['Panel_Temp', 'Humidity'], 'Panel_Temp': ['DC_Power'], 'Wind_Speed': ['Ambient_Temp'], 'Hour': ['GHI', 'Ambient_Temp'], 'Month': ['GHI'], 'Humidity': ['DC_Power']}
2026-09-13 16:10:55,020 - graph.multi_graph - INFO - Graph graph_3 edges: {'GHI': ['DC_Power', 'Panel_Temp'], 'Panel_Temp': ['DC_Power'], 'Ambient_Temp': ['DC_Power', 'Panel_Temp', 'Humidity'], 'Wind_Speed': ['DC_Power', 'Panel_Temp', 'Ambient_Temp', 'Humidity'], 'Humidity': ['DC_Power'], 'Hour': ['Ambient_Temp'], 'Month': ['Ambient_Temp', 'Humidity']}
2026-09-13 16:10:55,030 - experiments.runner - INFO - ============================================================
2026-09-13 16:10:55,038 - experiments.runner - INFO - Processing graph: graph_1
2026-09-13 16:10:55,046 - experiments.runner - INFO - ============================================================
2026-09-13 16:10:55,054 - experiments.runner - INFO - Exact match: 'GHI' -> 'GHI'
2026-09-13 16:10:55,063 - experiments.runner - INFO - Exact match: 'DC_Power' -> 'DC_Power'
2026-09-13 16:10:55,072 - experiments.runner - INFO - Exact match: 'Panel_Temp' -> 'Panel_Temp'
2026-09-13 16:10:55,080 - experiments.runner - INFO - Exact match: 'Ambient_Temp' -> 'Ambient_Temp'
2026-09-13 16:10:55,088 - experiments.runner - INFO - Exact match: 'Humidity' -> 'Humidity'
2026-09-13 16:10:55,096 - experiments.runner - INFO - Exact match: 'Wind_Speed' -> 'Wind_Speed'
2026-09-13 16:10:55,108 - experiments.runner - INFO - Exact match: 'Hour' -> 'Hour'
2026-09-13 16:10:55,118 - experiments.runner - INFO - Exact match: 'Month' -> 'Month'
2026-09-13 16:10:55,124 - experiments.runner - INFO - Exact match: 'SunShine' -> 'SunShine'
2026-09-13 16:10:55,129 - experiments.runner - INFO - Estimating DRWs with alpha=0.001...
2026-09-13 16:10:55,167 - graph.ridge_estimator - INFO - DRW coefficients for GHI (parents ['Hour', 'Month']): {'Hour': np.float64(0.09191525046233252), 'Month': np.float64(-0.0702043234618354)}
2026-09-13 16:10:55,180 - graph.ridge_estimator - INFO - R² for node GHI: 0.0137
2026-09-13 16:10:55,201 - graph.ridge_estimator - INFO - DRW coefficients for DC_Power (parents ['GHI', 'Panel_Temp', 'SunShine', 'Humidity']): {'GHI': np.float64(0.34626309261009086), 'Panel_Temp': np.float64(0.6712819204539988), 'SunShine': np.float64(-0.29873619633161985), 'Humidity': np.float64(0.026519115821653703)}
2026-09-13 16:10:55,219 - graph.ridge_estimator - INFO - R² for node DC_Power: 0.8212
2026-09-13 16:10:55,250 - graph.ridge_estimator - INFO - DRW coefficients for Panel_Temp (parents ['GHI', 'Ambient_Temp']): {'GHI': np.float64(0.3283308196366098), 'Ambient_Temp': np.float64(0.7218487637709391)}
2026-09-13 16:10:55,265 - graph.ridge_estimator - INFO - R² for node Panel_Temp: 0.8695
2026-09-13 16:10:55,286 - graph.ridge_estimator - INFO - DRW coefficients for Ambient_Temp (parents ['Wind_Speed', 'Hour']): {'Wind_Speed': np.float64(0.32398615695559935), 'Hour': np.float64(0.3873885407511019)}
2026-09-13 16:10:55,303 - graph.ridge_estimator - INFO - R² for node Ambient_Temp: 0.2715
2026-09-13 16:10:55,321 - graph.ridge_estimator - INFO - DRW coefficients for Humidity (parents ['Ambient_Temp', 'Wind_Speed']): {'Ambient_Temp': np.float64(-0.6551916119343523), 'Wind_Speed': np.float64(-0.09802396605255873)}
2026-09-13 16:10:55,334 - graph.ridge_estimator - INFO - R² for node Humidity: 0.4838
2026-09-13 16:10:55,342 - graph.ridge_estimator - INFO - DRW estimation complete for 5 nodes
2026-09-13 16:10:55,353 - graph.ridge_estimator - INFO - DRW dictionary: {'GHI': {'Hour': np.float64(0.5669596103510995), 'Month': np.float64(0.43304038964890046)}, 'DC_Power': {'GHI': np.float64(0.25786640508449393), 'Panel_Temp': np.float64(0.4999119436058643), 'SunShine': np.float64(0.22247253796521269), 'Humidity': np.float64(0.0197491133444289)}, 'Panel_Temp': {'GHI': np.float64(0.31264254687875864), 'Ambient_Temp': np.float64(0.6873574531212414)}, 'Ambient_Temp': {'Wind_Speed': np.float64(0.45543671710569944), 'Hour': np.float64(0.5445632828943006)}, 'Humidity': {'Ambient_Temp': np.float64(0.8698593484822188), 'Wind_Speed': np.float64(0.1301406515177812)}}
2026-09-13 16:10:55,363 - graph.ridge_estimator - INFO - R² scores: {'GHI': 0.013653082575271758, 'DC_Power': 0.8212201343982459, 'Panel_Temp': 0.8695267881976556, 'Ambient_Temp': 0.27150220660700397, 'Humidity': 0.48376455345814096, 'Wind_Speed': 0.0, 'Hour': 0.0, 'Month': 0.0, 'SunShine': 0.0}
2026-09-13 16:10:55,378 - experiments.runner - INFO - DRW estimation complete for 5 nodes
2026-09-13 16:10:55,387 - experiments.runner - INFO - Computing DPWs for target: DC_Power
2026-09-13 16:10:55,396 - graph.domain_prior - INFO - Final DPW for input features (with intrinsic): {'GHI': np.float64(0.2568620495335465), 'Ambient_Temp': np.float64(0.2003241899779219), 'Panel_Temp': np.float64(0.32610167883871227), 'Wind_Speed': np.float64(0.025581563663868715), 'Humidity': np.float64(0.012882706843811306), 'Pressure': np.float64(0.0), 'SunShine': np.float64(0.14512289424947833), 'Hour': np.float64(0.03160626209923311), 'Month': np.float64(0.0015186547934278182)}
2026-09-13 16:10:55,404 - experiments.runner - INFO - Raw DPW for graph_1: {'GHI': np.float64(0.2568620495335465), 'Ambient_Temp': np.float64(0.2003241899779219), 'Panel_Temp': np.float64(0.32610167883871227), 'Wind_Speed': np.float64(0.025581563663868715), 'Humidity': np.float64(0.012882706843811306), 'Pressure': np.float64(0.0), 'SunShine': np.float64(0.14512289424947833), 'Hour': np.float64(0.03160626209923311), 'Month': np.float64(0.0015186547934278182)}
2026-09-13 16:10:55,417 - experiments.runner - INFO - R² used for intrinsic γ: {'GHI': 0.013653082575271758, 'DC_Power': 0.8212201343982459, 'Panel_Temp': 0.8695267881976556, 'Ambient_Temp': 0.27150220660700397, 'Humidity': 0.48376455345814096, 'Wind_Speed': 0.0, 'Hour': 0.0, 'Month': 0.0, 'SunShine': 0.0}
2026-09-13 16:10:55,428 - experiments.runner - INFO - Filtered DPW (pre-smooth) for graph_1: {'GHI': np.float64(0.2568620495335465), 'Ambient_Temp': np.float64(0.2003241899779219), 'Panel_Temp': np.float64(0.32610167883871227), 'Wind_Speed': np.float64(0.025581563663868715), 'Humidity': np.float64(0.012882706843811306), 'Pressure': np.float64(0.0), 'SunShine': np.float64(0.14512289424947833), 'Hour': np.float64(0.03160626209923311), 'Month': np.float64(0.0015186547934278182)}
2026-09-13 16:10:55,437 - experiments.runner - INFO - Training sampling P (α=0.3) for graph_1: {'GHI': 0.21313676800681589, 'Ambient_Temp': 0.17356026631787863, 'Panel_Temp': 0.26160450852043193, 'Wind_Speed': 0.05124042789804143, 'Humidity': 0.042351228124001244, 'Pressure': 0.03333333333333333, 'SunShine': 0.13491935930796817, 'Hour': 0.055457716802796514, 'Month': 0.034396391688732805}
2026-09-13 16:10:55,447 - experiments.runner - INFO - ============================================================
2026-09-13 16:10:55,454 - experiments.runner - INFO - Processing graph: graph_2
2026-09-13 16:10:55,472 - experiments.runner - INFO - ============================================================
2026-09-13 16:10:55,482 - experiments.runner - INFO - Exact match: 'GHI' -> 'GHI'
2026-09-13 16:10:55,488 - experiments.runner - INFO - Exact match: 'DC_Power' -> 'DC_Power'
2026-09-13 16:10:55,494 - experiments.runner - INFO - Exact match: 'Panel_Temp' -> 'Panel_Temp'
2026-09-13 16:10:55,500 - experiments.runner - INFO - Exact match: 'Ambient_Temp' -> 'Ambient_Temp'
2026-09-13 16:10:55,507 - experiments.runner - INFO - Exact match: 'Humidity' -> 'Humidity'
2026-09-13 16:10:55,513 - experiments.runner - INFO - Exact match: 'Wind_Speed' -> 'Wind_Speed'
2026-09-13 16:10:55,520 - experiments.runner - INFO - Exact match: 'Hour' -> 'Hour'
2026-09-13 16:10:55,527 - experiments.runner - INFO - Exact match: 'Month' -> 'Month'
2026-09-13 16:10:55,538 - experiments.runner - INFO - Estimating DRWs with alpha=0.001...
2026-09-13 16:10:55,552 - graph.ridge_estimator - INFO - DRW coefficients for GHI (parents ['Hour', 'Month']): {'Hour': np.float64(0.09191525046233252), 'Month': np.float64(-0.0702043234618354)}
2026-09-13 16:10:55,563 - graph.ridge_estimator - INFO - R² for node GHI: 0.0137
2026-09-13 16:10:55,581 - graph.ridge_estimator - INFO - DRW coefficients for DC_Power (parents ['GHI', 'Panel_Temp', 'Humidity']): {'GHI': np.float64(0.3804491661695964), 'Panel_Temp': np.float64(0.6744658906065989), 'Humidity': np.float64(0.20322399319262252)}
2026-09-13 16:10:55,593 - graph.ridge_estimator - INFO - R² for node DC_Power: 0.7582
2026-09-13 16:10:55,606 - graph.ridge_estimator - INFO - DRW coefficients for Panel_Temp (parents ['GHI', 'Ambient_Temp']): {'GHI': np.float64(0.3283308196366098), 'Ambient_Temp': np.float64(0.7218487637709391)}
2026-09-13 16:10:55,669 - graph.ridge_estimator - INFO - R² for node Panel_Temp: 0.8695
2026-09-13 16:10:55,697 - graph.ridge_estimator - INFO - DRW coefficients for Ambient_Temp (parents ['Wind_Speed', 'Hour']): {'Wind_Speed': np.float64(0.32398615695559935), 'Hour': np.float64(0.3873885407511019)}
2026-09-13 16:10:55,776 - graph.ridge_estimator - INFO - R² for node Ambient_Temp: 0.2715
2026-09-13 16:10:55,860 - graph.ridge_estimator - INFO - DRW coefficients for Humidity (parents ['Ambient_Temp']): {'Ambient_Temp': np.float64(-0.6894408405502239)}
2026-09-13 16:10:55,876 - graph.ridge_estimator - INFO - R² for node Humidity: 0.4753
2026-09-13 16:10:55,882 - graph.ridge_estimator - INFO - DRW estimation complete for 5 nodes
2026-09-13 16:10:55,888 - graph.ridge_estimator - INFO - DRW dictionary: {'GHI': {'Hour': np.float64(0.5669596103510995), 'Month': np.float64(0.43304038964890046)}, 'DC_Power': {'GHI': np.float64(0.3023903964979273), 'Panel_Temp': np.float64(0.5360821529411356), 'Humidity': np.float64(0.16152745056093704)}, 'Panel_Temp': {'GHI': np.float64(0.31264254687875864), 'Ambient_Temp': np.float64(0.6873574531212414)}, 'Ambient_Temp': {'Wind_Speed': np.float64(0.45543671710569944), 'Hour': np.float64(0.5445632828943006)}, 'Humidity': {'Ambient_Temp': np.float64(1.0)}}
2026-09-13 16:10:55,895 - graph.ridge_estimator - INFO - R² scores: {'GHI': 0.013653082575271758, 'DC_Power': 0.7581584922917597, 'Panel_Temp': 0.8695267881976556, 'Ambient_Temp': 0.27150220660700397, 'Humidity': 0.4753288710442609, 'Wind_Speed': 0.0, 'Hour': 0.0, 'Month': 0.0}
2026-09-13 16:10:55,902 - experiments.runner - INFO - DRW estimation complete for 5 nodes
2026-09-13 16:10:55,908 - experiments.runner - INFO - Computing DPWs for target: DC_Power
2026-09-13 16:10:55,914 - graph.domain_prior - INFO - Final DPW for input features (with intrinsic): {'GHI': np.float64(0.270464649611155), 'Ambient_Temp': np.float64(0.23971815731815185), 'Panel_Temp': np.float64(0.3235510247827767), 'Wind_Speed': np.float64(0.029641647247313774), 'Humidity': np.float64(0.0974894834174402), 'Pressure': np.float64(0.0), 'SunShine': np.float64(0.0), 'Hour': np.float64(0.037535959684904696), 'Month': np.float64(0.0015990779382577195)}
2026-09-13 16:10:55,934 - experiments.runner - INFO - Raw DPW for graph_2: {'GHI': np.float64(0.270464649611155), 'Ambient_Temp': np.float64(0.23971815731815185), 'Panel_Temp': np.float64(0.3235510247827767), 'Wind_Speed': np.float64(0.029641647247313774), 'Humidity': np.float64(0.0974894834174402), 'Pressure': np.float64(0.0), 'SunShine': np.float64(0.0), 'Hour': np.float64(0.037535959684904696), 'Month': np.float64(0.0015990779382577195)}
2026-09-13 16:10:55,944 - experiments.runner - INFO - R² used for intrinsic γ: {'GHI': 0.013653082575271758, 'DC_Power': 0.7581584922917597, 'Panel_Temp': 0.8695267881976556, 'Ambient_Temp': 0.27150220660700397, 'Humidity': 0.4753288710442609, 'Wind_Speed': 0.0, 'Hour': 0.0, 'Month': 0.0}
2026-09-13 16:10:55,951 - experiments.runner - INFO - Filtered DPW (pre-smooth) for graph_2: {'GHI': np.float64(0.270464649611155), 'Ambient_Temp': np.float64(0.23971815731815185), 'Panel_Temp': np.float64(0.3235510247827767), 'Wind_Speed': np.float64(0.029641647247313774), 'Humidity': np.float64(0.0974894834174402), 'Pressure': np.float64(0.0), 'SunShine': np.float64(0.0), 'Hour': np.float64(0.037535959684904696), 'Month': np.float64(0.0015990779382577195)}
2026-09-13 16:10:55,959 - experiments.runner - INFO - Training sampling P (α=0.3) for graph_2: {'GHI': 0.22265858806114183, 'Ambient_Temp': 0.2011360434560396, 'Panel_Temp': 0.25981905068127703, 'Wind_Speed': 0.054082486406452975, 'Humidity': 0.10157597172554148, 'Pressure': 0.03333333333333333, 'SunShine': 0.03333333333333333, 'Hour': 0.05960850511276662, 'Month': 0.034452687890113735}
2026-09-13 16:10:55,966 - experiments.runner - INFO - ============================================================
2026-09-13 16:10:55,973 - experiments.runner - INFO - Processing graph: graph_3
2026-09-13 16:10:55,980 - experiments.runner - INFO - ============================================================
2026-09-13 16:10:55,988 - experiments.runner - INFO - Exact match: 'GHI' -> 'GHI'
2026-09-13 16:10:55,994 - experiments.runner - INFO - Exact match: 'DC_Power' -> 'DC_Power'
2026-09-13 16:10:56,001 - experiments.runner - INFO - Exact match: 'Panel_Temp' -> 'Panel_Temp'
2026-09-13 16:10:56,008 - experiments.runner - INFO - Exact match: 'Ambient_Temp' -> 'Ambient_Temp'
2026-09-13 16:10:56,013 - experiments.runner - INFO - Exact match: 'Humidity' -> 'Humidity'
2026-09-13 16:10:56,019 - experiments.runner - INFO - Exact match: 'Wind_Speed' -> 'Wind_Speed'
2026-09-13 16:10:56,026 - experiments.runner - INFO - Exact match: 'Hour' -> 'Hour'
2026-09-13 16:10:56,032 - experiments.runner - INFO - Exact match: 'Month' -> 'Month'
2026-09-13 16:10:56,039 - experiments.runner - INFO - Estimating DRWs with alpha=0.001...
2026-09-13 16:10:56,057 - graph.ridge_estimator - INFO - DRW coefficients for DC_Power (parents ['GHI', 'Panel_Temp', 'Ambient_Temp', 'Wind_Speed', 'Humidity']): {'GHI': np.float64(0.204480637446251), 'Panel_Temp': np.float64(1.3289315321446737), 'Ambient_Temp': np.float64(-0.7457558162888255), 'Wind_Speed': np.float64(0.03448776848683779), 'Humidity': np.float64(0.015102642108431685)}
2026-09-13 16:10:56,067 - graph.ridge_estimator - INFO - R² for node DC_Power: 0.8445
2026-09-13 16:10:56,079 - graph.ridge_estimator - INFO - DRW coefficients for Panel_Temp (parents ['GHI', 'Ambient_Temp', 'Wind_Speed']): {'GHI': np.float64(0.3025342658600985), 'Ambient_Temp': np.float64(0.6901831211685034), 'Wind_Speed': np.float64(0.1281146428945451)}
2026-09-13 16:10:56,089 - graph.ridge_estimator - INFO - R² for node Panel_Temp: 0.8834
2026-09-13 16:10:56,102 - graph.ridge_estimator - INFO - DRW coefficients for Ambient_Temp (parents ['Wind_Speed', 'Hour', 'Month']): {'Wind_Speed': np.float64(0.29163078029434875), 'Hour': np.float64(0.3955494906933935), 'Month': np.float64(0.282348148432042)}
2026-09-13 16:10:56,118 - graph.ridge_estimator - INFO - R² for node Ambient_Temp: 0.3501
2026-09-13 16:10:56,129 - graph.ridge_estimator - INFO - DRW coefficients for Humidity (parents ['Ambient_Temp', 'Wind_Speed', 'Month']): {'Ambient_Temp': np.float64(-0.7529004640516184), 'Wind_Speed': np.float64(-0.10004078680741665), 'Month': np.float64(0.32082160804206583)}
2026-09-13 16:10:56,139 - graph.ridge_estimator - INFO - R² for node Humidity: 0.5770
2026-09-13 16:10:56,146 - graph.ridge_estimator - INFO - DRW estimation complete for 4 nodes
2026-09-13 16:10:56,152 - graph.ridge_estimator - INFO - DRW dictionary: {'DC_Power': {'GHI': np.float64(0.08780672042053311), 'Panel_Temp': np.float64(0.5706609728841956), 'Ambient_Temp': np.float64(0.320237521169073), 'Wind_Speed': np.float64(0.014809509023796123), 'Humidity': np.float64(0.006485276502402379)}, 'Panel_Temp': {'GHI': np.float64(0.26991936149508733), 'Ambient_Temp': np.float64(0.6157774784646614), 'Wind_Speed': np.float64(0.11430316004025119)}, 'Ambient_Temp': {'Wind_Speed': np.float64(0.3007965258706657), 'Hour': np.float64(0.40798132656091785), 'Month': np.float64(0.29122214756841647)}, 'Humidity': {'Ambient_Temp': np.float64(0.6414417174151328), 'Wind_Speed': np.float64(0.08523083351016639), 'Month': np.float64(0.27332744907470075)}}
2026-09-13 16:10:56,159 - graph.ridge_estimator - INFO - R² scores: {'GHI': 0.0, 'DC_Power': 0.8444608702250931, 'Panel_Temp': 0.8834425082770287, 'Ambient_Temp': 0.350143882471891, 'Humidity': 0.5770023350339799, 'Wind_Speed': 0.0, 'Hour': 0.0, 'Month': 0.0}
2026-09-13 16:10:56,165 - experiments.runner - INFO - DRW estimation complete for 4 nodes
2026-09-13 16:10:56,172 - experiments.runner - INFO - Computing DPWs for target: DC_Power
2026-09-13 16:10:56,178 - graph.domain_prior - INFO - Final DPW for input features (with intrinsic): {'GHI': np.float64(0.1294467373958688), 'Ambient_Temp': np.float64(0.3660356989105594), 'Panel_Temp': np.float64(0.3299462943296303), 'Wind_Speed': np.float64(0.08061670578130667), 'Humidity': np.float64(0.003749674590249085), 'Pressure': np.float64(0.0), 'SunShine': np.float64(0.0), 'Hour': np.float64(0.05228899229753947), 'Month': np.float64(0.03791589669484631)}
2026-09-13 16:10:56,187 - experiments.runner - INFO - Raw DPW for graph_3: {'GHI': np.float64(0.1294467373958688), 'Ambient_Temp': np.float64(0.3660356989105594), 'Panel_Temp': np.float64(0.3299462943296303), 'Wind_Speed': np.float64(0.08061670578130667), 'Humidity': np.float64(0.003749674590249085), 'Pressure': np.float64(0.0), 'SunShine': np.float64(0.0), 'Hour': np.float64(0.05228899229753947), 'Month': np.float64(0.03791589669484631)}
2026-09-13 16:10:56,195 - experiments.runner - INFO - R² used for intrinsic γ: {'GHI': 0.0, 'DC_Power': 0.8444608702250931, 'Panel_Temp': 0.8834425082770287, 'Ambient_Temp': 0.350143882471891, 'Humidity': 0.5770023350339799, 'Wind_Speed': 0.0, 'Hour': 0.0, 'Month': 0.0}
2026-09-13 16:10:56,205 - experiments.runner - INFO - Filtered DPW (pre-smooth) for graph_3: {'GHI': np.float64(0.1294467373958688), 'Ambient_Temp': np.float64(0.3660356989105594), 'Panel_Temp': np.float64(0.3299462943296303), 'Wind_Speed': np.float64(0.08061670578130667), 'Humidity': np.float64(0.003749674590249085), 'Pressure': np.float64(0.0), 'SunShine': np.float64(0.0), 'Hour': np.float64(0.05228899229753947), 'Month': np.float64(0.03791589669484631)}
2026-09-13 16:10:56,211 - experiments.runner - INFO - Training sampling P (α=0.3) for graph_3: {'GHI': 0.12394604951044147, 'Ambient_Temp': 0.2895583225707249, 'Panel_Temp': 0.2642957393640745, 'Wind_Speed': 0.089765027380248, 'Humidity': 0.03595810554650769, 'Pressure': 0.03333333333333333, 'SunShine': 0.03333333333333333, 'Hour': 0.06993562794161096, 'Month': 0.05987446101972575}
2026-09-13 16:10:56,218 - experiments.runner - INFO - Baselines: RF + XGBoost always | Domain-weighted experimental: ['bagging'] (bagging.enabled=True, boosting.enabled=False, experiment_type=AlgorithmType.COMPARISON)
2026-09-13 16:10:56,224 - experiments.runner - INFO - Total tasks: 9
2026-09-13 16:11:15,506 - experiments.runner - INFO - Starting DARF V4 experiment: DARF
2026-09-13 16:11:15,516 - experiments.runner - INFO - MAPE near-zero floor (mape_threshold) set to: 5.1 (physical units after inverse-scaling y)
2026-09-13 16:11:15,526 - data.loader - INFO - Loading data from C:/Users/User/OneDrive/Personal/Masters/MPhil Electrical Engineering/MPhil/Research Papers/3_Technical paper/Riverside_data_dwrf.csv
2026-09-13 16:11:15,592 - experiments.runner - INFO - Preprocessing time: 0.066 seconds
2026-09-13 16:11:15,616 - experiments.runner - INFO - Data shapes: X_train=(3353, 9), X_test=(719, 9)
2026-09-13 16:11:15,624 - experiments.runner - INFO - Feature names: ['GHI', 'Ambient_Temp', 'Panel_Temp', 'Wind_Speed', 'Humidity', 'Pressure', 'SunShine', 'Hour', 'Month']
2026-09-13 16:11:15,631 - experiments.runner - INFO - Target column: DC_Power
2026-09-13 16:11:15,638 - experiments.runner - INFO - Full DataFrame columns: ['timestamp', 'Ambient_Temp', 'Humidity', 'Pressure', 'Wind_Speed', 'SunShine', 'GHI', 'Panel_Temp', 'DC_Power', 'Month', 'Hour', 'DC_Power_Level']
2026-09-13 16:11:15,650 - graph.multi_graph - INFO - Graph graph_1 edges: {'GHI': ['DC_Power', 'Panel_Temp'], 'Ambient_Temp': ['Panel_Temp', 'Humidity'], 'Panel_Temp': ['DC_Power'], 'Wind_Speed': ['Ambient_Temp', 'Humidity'], 'Hour': ['GHI', 'Ambient_Temp'], 'Month': ['GHI'], 'SunShine': ['DC_Power'], 'Pressure': [], 'Humidity': ['DC_Power']}
2026-09-13 16:11:15,663 - graph.multi_graph - INFO - Graph graph_2 edges: {'GHI': ['DC_Power', 'Panel_Temp'], 'Ambient_Temp': ['Panel_Temp', 'Humidity'], 'Panel_Temp': ['DC_Power'], 'Wind_Speed': ['Ambient_Temp'], 'Hour': ['GHI', 'Ambient_Temp'], 'Month': ['GHI'], 'Humidity': ['DC_Power']}
2026-09-13 16:11:15,671 - graph.multi_graph - INFO - Graph graph_3 edges: {'GHI': ['DC_Power', 'Panel_Temp'], 'Panel_Temp': ['DC_Power'], 'Ambient_Temp': ['DC_Power', 'Panel_Temp', 'Humidity'], 'Wind_Speed': ['DC_Power', 'Panel_Temp', 'Ambient_Temp', 'Humidity'], 'Humidity': ['DC_Power'], 'Hour': ['Ambient_Temp'], 'Month': ['Ambient_Temp', 'Humidity']}
2026-09-13 16:11:15,679 - experiments.runner - INFO - ============================================================
2026-09-13 16:11:15,685 - experiments.runner - INFO - Processing graph: graph_1
2026-09-13 16:11:15,697 - experiments.runner - INFO - ============================================================
2026-09-13 16:11:15,704 - experiments.runner - INFO - Exact match: 'GHI' -> 'GHI'
2026-09-13 16:11:15,711 - experiments.runner - INFO - Exact match: 'DC_Power' -> 'DC_Power'
2026-09-13 16:11:15,717 - experiments.runner - INFO - Exact match: 'Panel_Temp' -> 'Panel_Temp'
2026-09-13 16:11:15,724 - experiments.runner - INFO - Exact match: 'Ambient_Temp' -> 'Ambient_Temp'
2026-09-13 16:11:15,735 - experiments.runner - INFO - Exact match: 'Humidity' -> 'Humidity'
2026-09-13 16:11:15,748 - experiments.runner - INFO - Exact match: 'Wind_Speed' -> 'Wind_Speed'
2026-09-13 16:11:15,758 - experiments.runner - INFO - Exact match: 'Hour' -> 'Hour'
2026-09-13 16:11:15,764 - experiments.runner - INFO - Exact match: 'Month' -> 'Month'
2026-09-13 16:11:15,771 - experiments.runner - INFO - Exact match: 'SunShine' -> 'SunShine'
2026-09-13 16:11:15,779 - experiments.runner - INFO - Estimating DRWs with alpha=0.001...
2026-09-13 16:11:15,794 - graph.ridge_estimator - INFO - DRW coefficients for GHI (parents ['Hour', 'Month']): {'Hour': np.float64(0.09191525046233252), 'Month': np.float64(-0.0702043234618354)}
2026-09-13 16:11:15,803 - graph.ridge_estimator - INFO - R² for node GHI: 0.0137
2026-09-13 16:11:15,817 - graph.ridge_estimator - INFO - DRW coefficients for DC_Power (parents ['GHI', 'Panel_Temp', 'SunShine', 'Humidity']): {'GHI': np.float64(0.34626309261009086), 'Panel_Temp': np.float64(0.6712819204539988), 'SunShine': np.float64(-0.29873619633161985), 'Humidity': np.float64(0.026519115821653703)}
2026-09-13 16:11:15,830 - graph.ridge_estimator - INFO - R² for node DC_Power: 0.8212
2026-09-13 16:11:15,844 - graph.ridge_estimator - INFO - DRW coefficients for Panel_Temp (parents ['GHI', 'Ambient_Temp']): {'GHI': np.float64(0.3283308196366098), 'Ambient_Temp': np.float64(0.7218487637709391)}
2026-09-13 16:11:15,854 - graph.ridge_estimator - INFO - R² for node Panel_Temp: 0.8695
2026-09-13 16:11:15,866 - graph.ridge_estimator - INFO - DRW coefficients for Ambient_Temp (parents ['Wind_Speed', 'Hour']): {'Wind_Speed': np.float64(0.32398615695559935), 'Hour': np.float64(0.3873885407511019)}
2026-09-13 16:11:15,882 - graph.ridge_estimator - INFO - R² for node Ambient_Temp: 0.2715
2026-09-13 16:11:15,896 - graph.ridge_estimator - INFO - DRW coefficients for Humidity (parents ['Ambient_Temp', 'Wind_Speed']): {'Ambient_Temp': np.float64(-0.6551916119343523), 'Wind_Speed': np.float64(-0.09802396605255873)}
2026-09-13 16:11:15,908 - graph.ridge_estimator - INFO - R² for node Humidity: 0.4838
2026-09-13 16:11:15,919 - graph.ridge_estimator - INFO - DRW estimation complete for 5 nodes
2026-09-13 16:11:15,932 - graph.ridge_estimator - INFO - DRW dictionary: {'GHI': {'Hour': np.float64(0.5669596103510995), 'Month': np.float64(0.43304038964890046)}, 'DC_Power': {'GHI': np.float64(0.25786640508449393), 'Panel_Temp': np.float64(0.4999119436058643), 'SunShine': np.float64(0.22247253796521269), 'Humidity': np.float64(0.0197491133444289)}, 'Panel_Temp': {'GHI': np.float64(0.31264254687875864), 'Ambient_Temp': np.float64(0.6873574531212414)}, 'Ambient_Temp': {'Wind_Speed': np.float64(0.45543671710569944), 'Hour': np.float64(0.5445632828943006)}, 'Humidity': {'Ambient_Temp': np.float64(0.8698593484822188), 'Wind_Speed': np.float64(0.1301406515177812)}}
2026-09-13 16:11:15,945 - graph.ridge_estimator - INFO - R² scores: {'GHI': 0.013653082575271758, 'DC_Power': 0.8212201343982459, 'Panel_Temp': 0.8695267881976556, 'Ambient_Temp': 0.27150220660700397, 'Humidity': 0.48376455345814096, 'Wind_Speed': 0.0, 'Hour': 0.0, 'Month': 0.0, 'SunShine': 0.0}
2026-09-13 16:11:15,958 - experiments.runner - INFO - DRW estimation complete for 5 nodes
2026-09-13 16:11:15,986 - experiments.runner - INFO - Computing DPWs for target: DC_Power
2026-09-13 16:11:16,003 - graph.domain_prior - INFO - Final DPW for input features (with intrinsic): {'GHI': np.float64(0.2568620495335465), 'Ambient_Temp': np.float64(0.2003241899779219), 'Panel_Temp': np.float64(0.32610167883871227), 'Wind_Speed': np.float64(0.025581563663868715), 'Humidity': np.float64(0.012882706843811306), 'Pressure': np.float64(0.0), 'SunShine': np.float64(0.14512289424947833), 'Hour': np.float64(0.03160626209923311), 'Month': np.float64(0.0015186547934278182)}
2026-09-13 16:11:16,012 - experiments.runner - INFO - Raw DPW for graph_1: {'GHI': np.float64(0.2568620495335465), 'Ambient_Temp': np.float64(0.2003241899779219), 'Panel_Temp': np.float64(0.32610167883871227), 'Wind_Speed': np.float64(0.025581563663868715), 'Humidity': np.float64(0.012882706843811306), 'Pressure': np.float64(0.0), 'SunShine': np.float64(0.14512289424947833), 'Hour': np.float64(0.03160626209923311), 'Month': np.float64(0.0015186547934278182)}
2026-09-13 16:11:16,019 - experiments.runner - INFO - R² used for intrinsic γ: {'GHI': 0.013653082575271758, 'DC_Power': 0.8212201343982459, 'Panel_Temp': 0.8695267881976556, 'Ambient_Temp': 0.27150220660700397, 'Humidity': 0.48376455345814096, 'Wind_Speed': 0.0, 'Hour': 0.0, 'Month': 0.0, 'SunShine': 0.0}
2026-09-13 16:11:16,047 - experiments.runner - INFO - Filtered DPW (pre-smooth) for graph_1: {'GHI': np.float64(0.2568620495335465), 'Ambient_Temp': np.float64(0.2003241899779219), 'Panel_Temp': np.float64(0.32610167883871227), 'Wind_Speed': np.float64(0.025581563663868715), 'Humidity': np.float64(0.012882706843811306), 'Pressure': np.float64(0.0), 'SunShine': np.float64(0.14512289424947833), 'Hour': np.float64(0.03160626209923311), 'Month': np.float64(0.0015186547934278182)}
2026-09-13 16:11:16,059 - experiments.runner - INFO - Training sampling P (α=0.3) for graph_1: {'GHI': 0.21313676800681589, 'Ambient_Temp': 0.17356026631787863, 'Panel_Temp': 0.26160450852043193, 'Wind_Speed': 0.05124042789804143, 'Humidity': 0.042351228124001244, 'Pressure': 0.03333333333333333, 'SunShine': 0.13491935930796817, 'Hour': 0.055457716802796514, 'Month': 0.034396391688732805}
2026-09-13 16:11:16,066 - experiments.runner - INFO - ============================================================
2026-09-13 16:11:16,073 - experiments.runner - INFO - Processing graph: graph_2
2026-09-13 16:11:16,080 - experiments.runner - INFO - ============================================================
2026-09-13 16:11:16,091 - experiments.runner - INFO - Exact match: 'GHI' -> 'GHI'
2026-09-13 16:11:16,101 - experiments.runner - INFO - Exact match: 'DC_Power' -> 'DC_Power'
2026-09-13 16:11:16,113 - experiments.runner - INFO - Exact match: 'Panel_Temp' -> 'Panel_Temp'
2026-09-13 16:11:16,120 - experiments.runner - INFO - Exact match: 'Ambient_Temp' -> 'Ambient_Temp'
2026-09-13 16:11:16,132 - experiments.runner - INFO - Exact match: 'Humidity' -> 'Humidity'
2026-09-13 16:11:16,141 - experiments.runner - INFO - Exact match: 'Wind_Speed' -> 'Wind_Speed'
2026-09-13 16:11:16,161 - experiments.runner - INFO - Exact match: 'Hour' -> 'Hour'
2026-09-13 16:11:16,178 - experiments.runner - INFO - Exact match: 'Month' -> 'Month'
2026-09-13 16:11:16,186 - experiments.runner - INFO - Estimating DRWs with alpha=0.001...
2026-09-13 16:11:16,205 - graph.ridge_estimator - INFO - DRW coefficients for GHI (parents ['Hour', 'Month']): {'Hour': np.float64(0.09191525046233252), 'Month': np.float64(-0.0702043234618354)}
2026-09-13 16:11:16,225 - graph.ridge_estimator - INFO - R² for node GHI: 0.0137
2026-09-13 16:11:16,236 - graph.ridge_estimator - INFO - DRW coefficients for DC_Power (parents ['GHI', 'Panel_Temp', 'Humidity']): {'GHI': np.float64(0.3804491661695964), 'Panel_Temp': np.float64(0.6744658906065989), 'Humidity': np.float64(0.20322399319262252)}
2026-09-13 16:11:16,251 - graph.ridge_estimator - INFO - R² for node DC_Power: 0.7582
2026-09-13 16:11:16,266 - graph.ridge_estimator - INFO - DRW coefficients for Panel_Temp (parents ['GHI', 'Ambient_Temp']): {'GHI': np.float64(0.3283308196366098), 'Ambient_Temp': np.float64(0.7218487637709391)}
2026-09-13 16:11:16,277 - graph.ridge_estimator - INFO - R² for node Panel_Temp: 0.8695
2026-09-13 16:11:16,287 - graph.ridge_estimator - INFO - DRW coefficients for Ambient_Temp (parents ['Wind_Speed', 'Hour']): {'Wind_Speed': np.float64(0.32398615695559935), 'Hour': np.float64(0.3873885407511019)}
2026-09-13 16:11:16,300 - graph.ridge_estimator - INFO - R² for node Ambient_Temp: 0.2715
2026-09-13 16:11:16,311 - graph.ridge_estimator - INFO - DRW coefficients for Humidity (parents ['Ambient_Temp']): {'Ambient_Temp': np.float64(-0.6894408405502239)}
2026-09-13 16:11:16,325 - graph.ridge_estimator - INFO - R² for node Humidity: 0.4753
2026-09-13 16:11:16,332 - graph.ridge_estimator - INFO - DRW estimation complete for 5 nodes
2026-09-13 16:11:16,340 - graph.ridge_estimator - INFO - DRW dictionary: {'GHI': {'Hour': np.float64(0.5669596103510995), 'Month': np.float64(0.43304038964890046)}, 'DC_Power': {'GHI': np.float64(0.3023903964979273), 'Panel_Temp': np.float64(0.5360821529411356), 'Humidity': np.float64(0.16152745056093704)}, 'Panel_Temp': {'GHI': np.float64(0.31264254687875864), 'Ambient_Temp': np.float64(0.6873574531212414)}, 'Ambient_Temp': {'Wind_Speed': np.float64(0.45543671710569944), 'Hour': np.float64(0.5445632828943006)}, 'Humidity': {'Ambient_Temp': np.float64(1.0)}}
2026-09-13 16:11:16,351 - graph.ridge_estimator - INFO - R² scores: {'GHI': 0.013653082575271758, 'DC_Power': 0.7581584922917597, 'Panel_Temp': 0.8695267881976556, 'Ambient_Temp': 0.27150220660700397, 'Humidity': 0.4753288710442609, 'Wind_Speed': 0.0, 'Hour': 0.0, 'Month': 0.0}
2026-09-13 16:11:16,359 - experiments.runner - INFO - DRW estimation complete for 5 nodes
2026-09-13 16:11:16,367 - experiments.runner - INFO - Computing DPWs for target: DC_Power
2026-09-13 16:11:16,375 - graph.domain_prior - INFO - Final DPW for input features (with intrinsic): {'GHI': np.float64(0.270464649611155), 'Ambient_Temp': np.float64(0.23971815731815185), 'Panel_Temp': np.float64(0.3235510247827767), 'Wind_Speed': np.float64(0.029641647247313774), 'Humidity': np.float64(0.0974894834174402), 'Pressure': np.float64(0.0), 'SunShine': np.float64(0.0), 'Hour': np.float64(0.037535959684904696), 'Month': np.float64(0.0015990779382577195)}
2026-09-13 16:11:16,382 - experiments.runner - INFO - Raw DPW for graph_2: {'GHI': np.float64(0.270464649611155), 'Ambient_Temp': np.float64(0.23971815731815185), 'Panel_Temp': np.float64(0.3235510247827767), 'Wind_Speed': np.float64(0.029641647247313774), 'Humidity': np.float64(0.0974894834174402), 'Pressure': np.float64(0.0), 'SunShine': np.float64(0.0), 'Hour': np.float64(0.037535959684904696), 'Month': np.float64(0.0015990779382577195)}
2026-09-13 16:11:16,389 - experiments.runner - INFO - R² used for intrinsic γ: {'GHI': 0.013653082575271758, 'DC_Power': 0.7581584922917597, 'Panel_Temp': 0.8695267881976556, 'Ambient_Temp': 0.27150220660700397, 'Humidity': 0.4753288710442609, 'Wind_Speed': 0.0, 'Hour': 0.0, 'Month': 0.0}
2026-09-13 16:11:16,397 - experiments.runner - INFO - Filtered DPW (pre-smooth) for graph_2: {'GHI': np.float64(0.270464649611155), 'Ambient_Temp': np.float64(0.23971815731815185), 'Panel_Temp': np.float64(0.3235510247827767), 'Wind_Speed': np.float64(0.029641647247313774), 'Humidity': np.float64(0.0974894834174402), 'Pressure': np.float64(0.0), 'SunShine': np.float64(0.0), 'Hour': np.float64(0.037535959684904696), 'Month': np.float64(0.0015990779382577195)}
2026-09-13 16:11:16,405 - experiments.runner - INFO - Training sampling P (α=0.3) for graph_2: {'GHI': 0.22265858806114183, 'Ambient_Temp': 0.2011360434560396, 'Panel_Temp': 0.25981905068127703, 'Wind_Speed': 0.054082486406452975, 'Humidity': 0.10157597172554148, 'Pressure': 0.03333333333333333, 'SunShine': 0.03333333333333333, 'Hour': 0.05960850511276662, 'Month': 0.034452687890113735}
2026-09-13 16:11:16,412 - experiments.runner - INFO - ============================================================
2026-09-13 16:11:16,420 - experiments.runner - INFO - Processing graph: graph_3
2026-09-13 16:11:16,430 - experiments.runner - INFO - ============================================================
2026-09-13 16:11:16,442 - experiments.runner - INFO - Exact match: 'GHI' -> 'GHI'
2026-09-13 16:11:16,449 - experiments.runner - INFO - Exact match: 'DC_Power' -> 'DC_Power'
2026-09-13 16:11:16,459 - experiments.runner - INFO - Exact match: 'Panel_Temp' -> 'Panel_Temp'
2026-09-13 16:11:16,465 - experiments.runner - INFO - Exact match: 'Ambient_Temp' -> 'Ambient_Temp'
2026-09-13 16:11:16,473 - experiments.runner - INFO - Exact match: 'Humidity' -> 'Humidity'
2026-09-13 16:11:16,480 - experiments.runner - INFO - Exact match: 'Wind_Speed' -> 'Wind_Speed'
2026-09-13 16:11:16,487 - experiments.runner - INFO - Exact match: 'Hour' -> 'Hour'
2026-09-13 16:11:16,495 - experiments.runner - INFO - Exact match: 'Month' -> 'Month'
2026-09-13 16:11:16,502 - experiments.runner - INFO - Estimating DRWs with alpha=0.001...
2026-09-13 16:11:16,515 - graph.ridge_estimator - INFO - DRW coefficients for DC_Power (parents ['GHI', 'Panel_Temp', 'Ambient_Temp', 'Wind_Speed', 'Humidity']): {'GHI': np.float64(0.204480637446251), 'Panel_Temp': np.float64(1.3289315321446737), 'Ambient_Temp': np.float64(-0.7457558162888255), 'Wind_Speed': np.float64(0.03448776848683779), 'Humidity': np.float64(0.015102642108431685)}
2026-09-13 16:11:16,528 - graph.ridge_estimator - INFO - R² for node DC_Power: 0.8445
2026-09-13 16:11:16,541 - graph.ridge_estimator - INFO - DRW coefficients for Panel_Temp (parents ['GHI', 'Ambient_Temp', 'Wind_Speed']): {'GHI': np.float64(0.3025342658600985), 'Ambient_Temp': np.float64(0.6901831211685034), 'Wind_Speed': np.float64(0.1281146428945451)}
2026-09-13 16:11:16,553 - graph.ridge_estimator - INFO - R² for node Panel_Temp: 0.8834
2026-09-13 16:11:16,564 - graph.ridge_estimator - INFO - DRW coefficients for Ambient_Temp (parents ['Wind_Speed', 'Hour', 'Month']): {'Wind_Speed': np.float64(0.29163078029434875), 'Hour': np.float64(0.3955494906933935), 'Month': np.float64(0.282348148432042)}
2026-09-13 16:11:16,576 - graph.ridge_estimator - INFO - R² for node Ambient_Temp: 0.3501
2026-09-13 16:11:16,588 - graph.ridge_estimator - INFO - DRW coefficients for Humidity (parents ['Ambient_Temp', 'Wind_Speed', 'Month']): {'Ambient_Temp': np.float64(-0.7529004640516184), 'Wind_Speed': np.float64(-0.10004078680741665), 'Month': np.float64(0.32082160804206583)}
2026-09-13 16:11:16,598 - graph.ridge_estimator - INFO - R² for node Humidity: 0.5770
2026-09-13 16:11:16,607 - graph.ridge_estimator - INFO - DRW estimation complete for 4 nodes
2026-09-13 16:11:16,614 - graph.ridge_estimator - INFO - DRW dictionary: {'DC_Power': {'GHI': np.float64(0.08780672042053311), 'Panel_Temp': np.float64(0.5706609728841956), 'Ambient_Temp': np.float64(0.320237521169073), 'Wind_Speed': np.float64(0.014809509023796123), 'Humidity': np.float64(0.006485276502402379)}, 'Panel_Temp': {'GHI': np.float64(0.26991936149508733), 'Ambient_Temp': np.float64(0.6157774784646614), 'Wind_Speed': np.float64(0.11430316004025119)}, 'Ambient_Temp': {'Wind_Speed': np.float64(0.3007965258706657), 'Hour': np.float64(0.40798132656091785), 'Month': np.float64(0.29122214756841647)}, 'Humidity': {'Ambient_Temp': np.float64(0.6414417174151328), 'Wind_Speed': np.float64(0.08523083351016639), 'Month': np.float64(0.27332744907470075)}}
2026-09-13 16:11:16,621 - graph.ridge_estimator - INFO - R² scores: {'GHI': 0.0, 'DC_Power': 0.8444608702250931, 'Panel_Temp': 0.8834425082770287, 'Ambient_Temp': 0.350143882471891, 'Humidity': 0.5770023350339799, 'Wind_Speed': 0.0, 'Hour': 0.0, 'Month': 0.0}
2026-09-13 16:11:16,629 - experiments.runner - INFO - DRW estimation complete for 4 nodes
2026-09-13 16:11:16,636 - experiments.runner - INFO - Computing DPWs for target: DC_Power
2026-09-13 16:11:16,644 - graph.domain_prior - INFO - Final DPW for input features (with intrinsic): {'GHI': np.float64(0.1294467373958688), 'Ambient_Temp': np.float64(0.3660356989105594), 'Panel_Temp': np.float64(0.3299462943296303), 'Wind_Speed': np.float64(0.08061670578130667), 'Humidity': np.float64(0.003749674590249085), 'Pressure': np.float64(0.0), 'SunShine': np.float64(0.0), 'Hour': np.float64(0.05228899229753947), 'Month': np.float64(0.03791589669484631)}
2026-09-13 16:11:16,653 - experiments.runner - INFO - Raw DPW for graph_3: {'GHI': np.float64(0.1294467373958688), 'Ambient_Temp': np.float64(0.3660356989105594), 'Panel_Temp': np.float64(0.3299462943296303), 'Wind_Speed': np.float64(0.08061670578130667), 'Humidity': np.float64(0.003749674590249085), 'Pressure': np.float64(0.0), 'SunShine': np.float64(0.0), 'Hour': np.float64(0.05228899229753947), 'Month': np.float64(0.03791589669484631)}
2026-09-13 16:11:16,664 - experiments.runner - INFO - R² used for intrinsic γ: {'GHI': 0.0, 'DC_Power': 0.8444608702250931, 'Panel_Temp': 0.8834425082770287, 'Ambient_Temp': 0.350143882471891, 'Humidity': 0.5770023350339799, 'Wind_Speed': 0.0, 'Hour': 0.0, 'Month': 0.0}
2026-09-13 16:11:16,677 - experiments.runner - INFO - Filtered DPW (pre-smooth) for graph_3: {'GHI': np.float64(0.1294467373958688), 'Ambient_Temp': np.float64(0.3660356989105594), 'Panel_Temp': np.float64(0.3299462943296303), 'Wind_Speed': np.float64(0.08061670578130667), 'Humidity': np.float64(0.003749674590249085), 'Pressure': np.float64(0.0), 'SunShine': np.float64(0.0), 'Hour': np.float64(0.05228899229753947), 'Month': np.float64(0.03791589669484631)}
2026-09-13 16:11:16,683 - experiments.runner - INFO - Training sampling P (α=0.3) for graph_3: {'GHI': 0.12394604951044147, 'Ambient_Temp': 0.2895583225707249, 'Panel_Temp': 0.2642957393640745, 'Wind_Speed': 0.089765027380248, 'Humidity': 0.03595810554650769, 'Pressure': 0.03333333333333333, 'SunShine': 0.03333333333333333, 'Hour': 0.06993562794161096, 'Month': 0.05987446101972575}
2026-09-13 16:11:16,692 - experiments.runner - INFO - Baselines: RF + XGBoost always | Domain-weighted experimental: ['bagging'] (bagging.enabled=True, boosting.enabled=False, experiment_type=AlgorithmType.COMPARISON)
2026-09-13 16:11:16,699 - experiments.runner - INFO - Total tasks: 180
2026-09-13 16:28:05,052 - experiments.runner - INFO - Valid results: 180 / 180
2026-09-13 16:28:05,373 - experiments.runner - INFO - RF predictions averaged over 60 runs (physical units)
2026-09-13 16:28:05,411 - experiments.runner - INFO - XGBoost predictions averaged over 60 runs (physical units)
2026-09-13 16:28:05,439 - experiments.runner - INFO - DARF predictions averaged over 60 runs (physical units)
2026-09-13 16:28:05,526 - experiments.runner - INFO - Average timing (median): {'Preprocessing': 0.06609940528869629, 'Training': {'RF': 6.138597699988168, 'XGBoost': 5.442932950012619, 'DARF': 6.12595240000519}, 'Inference': {'RF': 1.1051740499970037, 'XGBoost': 0.04284475000167731, 'DARF': 1.3429441999905976}, 'Training_CPU': {'RF': 5.65625, 'XGBoost': 1.9375, 'DARF': 6.125}, 'Inference_CPU': {'RF': 0.375, 'XGBoost': 0.015625, 'DARF': 0.375}}
2026-09-13 16:28:05,568 - experiments.runner - INFO - Model result keys: ['graph_1_bagging_rf', 'graph_1_bagging_dwrf', 'graph_1_bagging_xgb', 'graph_2_bagging_rf', 'graph_2_bagging_dwrf', 'graph_2_bagging_xgb', 'graph_3_bagging_rf', 'graph_3_bagging_dwrf', 'graph_3_bagging_xgb']
2026-09-13 16:28:24,169 - analysis.sensitivity - WARNING - full_df_scaled / graphs missing from data_dict – λ-sensitivity will reuse the original DPW (incomplete).
2026-09-13 16:28:24,196 - analysis.sensitivity - INFO - λ-sensitivity: estimating DRW/DPW with λ=0.01
2026-09-13 16:28:35,688 - analysis.sensitivity - INFO - λ=0.01 (seed=10042) → MAE=0.3552, MAPE=77.5527
2026-09-13 16:28:35,702 - analysis.sensitivity - INFO - λ-sensitivity: estimating DRW/DPW with λ=0.05
2026-09-13 16:28:44,938 - analysis.sensitivity - INFO - λ=0.05 (seed=50042) → MAE=0.3726, MAPE=80.0229
2026-09-13 16:28:44,957 - analysis.sensitivity - INFO - λ-sensitivity: estimating DRW/DPW with λ=0.1
2026-09-13 16:28:54,949 - analysis.sensitivity - INFO - λ=0.1 (seed=100042) → MAE=0.3586, MAPE=75.7810
2026-09-13 16:28:54,979 - analysis.sensitivity - INFO - λ-sensitivity: estimating DRW/DPW with λ=0.5
2026-09-13 16:29:04,601 - analysis.sensitivity - INFO - λ=0.5 (seed=500042) → MAE=0.3656, MAPE=79.6570
2026-09-13 16:29:04,618 - analysis.sensitivity - INFO - λ-sensitivity: estimating DRW/DPW with λ=1.0
2026-09-13 16:29:11,272 - analysis.sensitivity - INFO - λ=1.0 (seed=1000042) → MAE=0.3634, MAPE=79.0872
2026-09-13 16:29:11,282 - analysis.sensitivity - INFO - λ-sensitivity: estimating DRW/DPW with λ=2.0
2026-09-13 16:29:17,571 - analysis.sensitivity - INFO - λ=2.0 (seed=2000042) → MAE=0.3672, MAPE=79.7476
2026-09-13 16:29:17,589 - analysis.sensitivity - INFO - λ-sensitivity: estimating DRW/DPW with λ=5.0
2026-09-13 16:29:23,066 - analysis.sensitivity - INFO - λ=5.0 (seed=5000042) → MAE=0.3708, MAPE=81.7319
2026-09-13 16:29:23,077 - analysis.sensitivity - INFO - λ-sensitivity: estimating DRW/DPW with λ=7.0
2026-09-13 16:29:28,915 - analysis.sensitivity - INFO - λ=7.0 (seed=7000042) → MAE=0.3561, MAPE=78.1523
2026-09-13 16:29:28,925 - analysis.sensitivity - INFO - λ-sensitivity: estimating DRW/DPW with λ=10.0
2026-09-13 16:29:37,072 - analysis.sensitivity - INFO - λ=10.0 (seed=10000042) → MAE=0.3687, MAPE=82.6128
2026-09-13 16:29:41,803 - analysis.sensitivity - INFO - α=0.01 (seed=10010042) → MAE=0.3662
2026-09-13 16:29:46,846 - analysis.sensitivity - INFO - α=0.05 (seed=10050042) → MAE=0.3655
2026-09-13 16:29:52,057 - analysis.sensitivity - INFO - α=0.1 (seed=10100042) → MAE=0.3744
2026-09-13 16:29:56,491 - analysis.sensitivity - INFO - α=0.2 (seed=10200042) → MAE=0.3616
2026-09-13 16:30:01,954 - analysis.sensitivity - INFO - α=0.3 (seed=10300042) → MAE=0.3411
2026-09-13 16:30:08,113 - analysis.sensitivity - INFO - α=0.4 (seed=10400042) → MAE=0.3470
2026-09-13 16:30:12,414 - analysis.sensitivity - INFO - α=0.5 (seed=10500042) → MAE=0.3441
2026-09-13 16:30:16,631 - analysis.sensitivity - INFO - α=0.7 (seed=10700042) → MAE=0.3579
2026-09-13 16:30:22,157 - analysis.sensitivity - INFO - α=1.0 (seed=11000042) → MAE=0.3625
2026-09-13 16:30:29,148 - evaluation.metrics - WARNING - mape_threshold=5.1 excluded all 11 points (max |y|=0.08). Falling back to full-set MAPE. Use a smaller floor in the same units as y, or ensure y is inverse-scaled to physical units before metrics.
2026-09-13 16:30:29,161 - evaluation.metrics - WARNING - mape_threshold=5.1 excluded all 11 points (max |y|=0.08). Falling back to full-set MAPE. Use a smaller floor in the same units as y, or ensure y is inverse-scaled to physical units before metrics.
2026-09-13 16:30:29,178 - evaluation.metrics - WARNING - mape_threshold=5.1 excluded all 11 points (max |y|=0.08). Falling back to full-set MAPE. Use a smaller floor in the same units as y, or ensure y is inverse-scaled to physical units before metrics.
2026-09-13 16:30:29,194 - evaluation.metrics - WARNING - mape_threshold=5.1 excluded all 52 points (max |y|=2.75). Falling back to full-set MAPE. Use a smaller floor in the same units as y, or ensure y is inverse-scaled to physical units before metrics.
2026-09-13 16:30:29,212 - evaluation.metrics - WARNING - mape_threshold=5.1 excluded all 52 points (max |y|=2.75). Falling back to full-set MAPE. Use a smaller floor in the same units as y, or ensure y is inverse-scaled to physical units before metrics.
2026-09-13 16:30:29,227 - evaluation.metrics - WARNING - mape_threshold=5.1 excluded all 52 points (max |y|=2.75). Falling back to full-set MAPE. Use a smaller floor in the same units as y, or ensure y is inverse-scaled to physical units before metrics.
2026-09-13 16:30:29,329 - evaluation.metrics - WARNING - mape_threshold=5.1 excluded all 50 points (max |y|=0.85). Falling back to full-set MAPE. Use a smaller floor in the same units as y, or ensure y is inverse-scaled to physical units before metrics.
2026-09-13 16:30:29,343 - evaluation.metrics - WARNING - mape_threshold=5.1 excluded all 50 points (max |y|=0.85). Falling back to full-set MAPE. Use a smaller floor in the same units as y, or ensure y is inverse-scaled to physical units before metrics.
2026-09-13 16:30:29,357 - evaluation.metrics - WARNING - mape_threshold=5.1 excluded all 50 points (max |y|=0.85). Falling back to full-set MAPE. Use a smaller floor in the same units as y, or ensure y is inverse-scaled to physical units before metrics.
2026-09-13 16:30:29,364 - experiments.runner - INFO - Temporal analysis completed (RF, XGBoost, experimental).
2026-09-13 16:30:29,375 - experiments.runner - INFO - Viz keys: rf=graph_1_bagging_rf, dwrf=graph_1_bagging_dwrf, xgb=graph_1_bagging_xgb
2026-09-13 16:30:29,424 - visualization.plots - INFO - Generating all plots...
2026-09-13 16:30:46,384 - visualization.plots - INFO - All plots generated.
2026-09-13 16:30:46,397 - experiments.runner - INFO - Visualizations generated.
2026-09-13 16:30:46,447 - experiments.runner - INFO - Results saved to dwrf_output\results_summary.json
2026-09-13 16:30:46,455 - experiments.runner - INFO - Experiment completed successfully.
2026-09-13 16:34:58,497 - experiments.runner - INFO - Starting DARF V4 experiment: DARF
2026-09-13 16:34:58,506 - experiments.runner - INFO - MAPE near-zero floor (mape_threshold) set to: 5.1 (physical units after inverse-scaling y)
2026-09-13 16:34:58,517 - data.loader - INFO - Loading data from C:/Users/User/OneDrive/Personal/Masters/MPhil Electrical Engineering/MPhil/Research Papers/3_Technical paper/Riverside_data_dwrf.csv
2026-09-13 16:34:58,581 - experiments.runner - INFO - Preprocessing time: 0.064 seconds
2026-09-13 16:34:58,607 - experiments.runner - INFO - Data shapes: X_train=(3353, 9), X_test=(719, 9)
2026-09-13 16:34:58,619 - experiments.runner - INFO - Feature names: ['GHI', 'Ambient_Temp', 'Panel_Temp', 'Wind_Speed', 'Humidity', 'Pressure', 'SunShine', 'Hour', 'Month']
2026-09-13 16:34:58,629 - experiments.runner - INFO - Target column: DC_Power
2026-09-13 16:34:58,636 - experiments.runner - INFO - Full DataFrame columns: ['timestamp', 'Ambient_Temp', 'Humidity', 'Pressure', 'Wind_Speed', 'SunShine', 'GHI', 'Panel_Temp', 'DC_Power', 'Month', 'Hour', 'DC_Power_Level']
2026-09-13 16:34:58,649 - graph.multi_graph - INFO - Graph graph_1 edges: {'GHI': ['DC_Power', 'Panel_Temp'], 'Ambient_Temp': ['Panel_Temp', 'Humidity'], 'Panel_Temp': ['DC_Power'], 'Wind_Speed': ['Ambient_Temp', 'Humidity'], 'Hour': ['GHI', 'Ambient_Temp'], 'Month': ['GHI'], 'SunShine': ['DC_Power'], 'Pressure': [], 'Humidity': ['DC_Power']}
2026-09-13 16:34:58,658 - graph.multi_graph - INFO - Graph graph_2 edges: {'GHI': ['DC_Power', 'Panel_Temp'], 'Ambient_Temp': ['Panel_Temp', 'Humidity'], 'Panel_Temp': ['DC_Power'], 'Wind_Speed': ['Ambient_Temp'], 'Hour': ['GHI', 'Ambient_Temp'], 'Month': ['GHI'], 'Humidity': ['DC_Power']}
2026-09-13 16:34:58,671 - graph.multi_graph - INFO - Graph graph_3 edges: {'GHI': ['DC_Power', 'Panel_Temp'], 'Panel_Temp': ['DC_Power'], 'Ambient_Temp': ['DC_Power', 'Panel_Temp', 'Humidity'], 'Wind_Speed': ['DC_Power', 'Panel_Temp', 'Ambient_Temp', 'Humidity'], 'Humidity': ['DC_Power'], 'Hour': ['Ambient_Temp'], 'Month': ['Ambient_Temp', 'Humidity']}
2026-09-13 16:34:58,685 - experiments.runner - INFO - ============================================================
2026-09-13 16:34:58,699 - experiments.runner - INFO - Processing graph: graph_1
2026-09-13 16:34:58,713 - experiments.runner - INFO - ============================================================
2026-09-13 16:34:58,721 - experiments.runner - INFO - Exact match: 'GHI' -> 'GHI'
2026-09-13 16:34:58,730 - experiments.runner - INFO - Exact match: 'DC_Power' -> 'DC_Power'
2026-09-13 16:34:58,737 - experiments.runner - INFO - Exact match: 'Panel_Temp' -> 'Panel_Temp'
2026-09-13 16:34:58,746 - experiments.runner - INFO - Exact match: 'Ambient_Temp' -> 'Ambient_Temp'
2026-09-13 16:34:58,753 - experiments.runner - INFO - Exact match: 'Humidity' -> 'Humidity'
2026-09-13 16:34:58,763 - experiments.runner - INFO - Exact match: 'Wind_Speed' -> 'Wind_Speed'
2026-09-13 16:34:58,773 - experiments.runner - INFO - Exact match: 'Hour' -> 'Hour'
2026-09-13 16:34:58,793 - experiments.runner - INFO - Exact match: 'Month' -> 'Month'
2026-09-13 16:34:58,805 - experiments.runner - INFO - Exact match: 'SunShine' -> 'SunShine'
2026-09-13 16:34:58,817 - experiments.runner - INFO - Estimating DRWs with alpha=0.001...
2026-09-13 16:34:58,852 - graph.ridge_estimator - INFO - DRW coefficients for GHI (parents ['Hour', 'Month']): {'Hour': np.float64(0.09191525046233252), 'Month': np.float64(-0.0702043234618354)}
2026-09-13 16:34:58,873 - graph.ridge_estimator - INFO - R² for node GHI: 0.0137
2026-09-13 16:34:58,906 - graph.ridge_estimator - INFO - DRW coefficients for DC_Power (parents ['GHI', 'Panel_Temp', 'SunShine', 'Humidity']): {'GHI': np.float64(0.34626309261009086), 'Panel_Temp': np.float64(0.6712819204539988), 'SunShine': np.float64(-0.29873619633161985), 'Humidity': np.float64(0.026519115821653703)}
2026-09-13 16:34:58,929 - graph.ridge_estimator - INFO - R² for node DC_Power: 0.8212
2026-09-13 16:34:58,943 - graph.ridge_estimator - INFO - DRW coefficients for Panel_Temp (parents ['GHI', 'Ambient_Temp']): {'GHI': np.float64(0.3283308196366098), 'Ambient_Temp': np.float64(0.7218487637709391)}
2026-09-13 16:34:58,960 - graph.ridge_estimator - INFO - R² for node Panel_Temp: 0.8695
2026-09-13 16:34:58,981 - graph.ridge_estimator - INFO - DRW coefficients for Ambient_Temp (parents ['Wind_Speed', 'Hour']): {'Wind_Speed': np.float64(0.32398615695559935), 'Hour': np.float64(0.3873885407511019)}
2026-09-13 16:34:59,004 - graph.ridge_estimator - INFO - R² for node Ambient_Temp: 0.2715
2026-09-13 16:34:59,026 - graph.ridge_estimator - INFO - DRW coefficients for Humidity (parents ['Ambient_Temp', 'Wind_Speed']): {'Ambient_Temp': np.float64(-0.6551916119343523), 'Wind_Speed': np.float64(-0.09802396605255873)}
2026-09-13 16:34:59,043 - graph.ridge_estimator - INFO - R² for node Humidity: 0.4838
2026-09-13 16:34:59,057 - graph.ridge_estimator - INFO - DRW estimation complete for 5 nodes
2026-09-13 16:34:59,072 - graph.ridge_estimator - INFO - DRW dictionary: {'GHI': {'Hour': np.float64(0.5669596103510995), 'Month': np.float64(0.43304038964890046)}, 'DC_Power': {'GHI': np.float64(0.25786640508449393), 'Panel_Temp': np.float64(0.4999119436058643), 'SunShine': np.float64(0.22247253796521269), 'Humidity': np.float64(0.0197491133444289)}, 'Panel_Temp': {'GHI': np.float64(0.31264254687875864), 'Ambient_Temp': np.float64(0.6873574531212414)}, 'Ambient_Temp': {'Wind_Speed': np.float64(0.45543671710569944), 'Hour': np.float64(0.5445632828943006)}, 'Humidity': {'Ambient_Temp': np.float64(0.8698593484822188), 'Wind_Speed': np.float64(0.1301406515177812)}}
2026-09-13 16:34:59,084 - graph.ridge_estimator - INFO - R² scores: {'GHI': 0.013653082575271758, 'DC_Power': 0.8212201343982459, 'Panel_Temp': 0.8695267881976556, 'Ambient_Temp': 0.27150220660700397, 'Humidity': 0.48376455345814096, 'Wind_Speed': 0.0, 'Hour': 0.0, 'Month': 0.0, 'SunShine': 0.0}
2026-09-13 16:34:59,103 - experiments.runner - INFO - DRW estimation complete for 5 nodes
2026-09-13 16:34:59,114 - experiments.runner - INFO - Computing DPWs for target: DC_Power
2026-09-13 16:34:59,126 - graph.domain_prior - INFO - Final DPW for input features (with intrinsic): {'GHI': np.float64(0.2568620495335465), 'Ambient_Temp': np.float64(0.2003241899779219), 'Panel_Temp': np.float64(0.32610167883871227), 'Wind_Speed': np.float64(0.025581563663868715), 'Humidity': np.float64(0.012882706843811306), 'Pressure': np.float64(0.0), 'SunShine': np.float64(0.14512289424947833), 'Hour': np.float64(0.03160626209923311), 'Month': np.float64(0.0015186547934278182)}
2026-09-13 16:34:59,137 - experiments.runner - INFO - Raw DPW for graph_1: {'GHI': np.float64(0.2568620495335465), 'Ambient_Temp': np.float64(0.2003241899779219), 'Panel_Temp': np.float64(0.32610167883871227), 'Wind_Speed': np.float64(0.025581563663868715), 'Humidity': np.float64(0.012882706843811306), 'Pressure': np.float64(0.0), 'SunShine': np.float64(0.14512289424947833), 'Hour': np.float64(0.03160626209923311), 'Month': np.float64(0.0015186547934278182)}
2026-09-13 16:34:59,148 - experiments.runner - INFO - R² used for intrinsic γ: {'GHI': 0.013653082575271758, 'DC_Power': 0.8212201343982459, 'Panel_Temp': 0.8695267881976556, 'Ambient_Temp': 0.27150220660700397, 'Humidity': 0.48376455345814096, 'Wind_Speed': 0.0, 'Hour': 0.0, 'Month': 0.0, 'SunShine': 0.0}
2026-09-13 16:34:59,160 - experiments.runner - INFO - Filtered DPW (pre-smooth) for graph_1: {'GHI': np.float64(0.2568620495335465), 'Ambient_Temp': np.float64(0.2003241899779219), 'Panel_Temp': np.float64(0.32610167883871227), 'Wind_Speed': np.float64(0.025581563663868715), 'Humidity': np.float64(0.012882706843811306), 'Pressure': np.float64(0.0), 'SunShine': np.float64(0.14512289424947833), 'Hour': np.float64(0.03160626209923311), 'Month': np.float64(0.0015186547934278182)}
2026-09-13 16:34:59,173 - experiments.runner - INFO - Training sampling P (α=0.3) for graph_1: {'GHI': 0.21313676800681589, 'Ambient_Temp': 0.17356026631787863, 'Panel_Temp': 0.26160450852043193, 'Wind_Speed': 0.05124042789804143, 'Humidity': 0.042351228124001244, 'Pressure': 0.03333333333333333, 'SunShine': 0.13491935930796817, 'Hour': 0.055457716802796514, 'Month': 0.034396391688732805}
2026-09-13 16:34:59,185 - experiments.runner - INFO - ============================================================
2026-09-13 16:34:59,201 - experiments.runner - INFO - Processing graph: graph_2
2026-09-13 16:34:59,214 - experiments.runner - INFO - ============================================================
2026-09-13 16:34:59,232 - experiments.runner - INFO - Exact match: 'GHI' -> 'GHI'
2026-09-13 16:34:59,243 - experiments.runner - INFO - Exact match: 'DC_Power' -> 'DC_Power'
2026-09-13 16:34:59,255 - experiments.runner - INFO - Exact match: 'Panel_Temp' -> 'Panel_Temp'
2026-09-13 16:34:59,267 - experiments.runner - INFO - Exact match: 'Ambient_Temp' -> 'Ambient_Temp'
2026-09-13 16:34:59,278 - experiments.runner - INFO - Exact match: 'Humidity' -> 'Humidity'
2026-09-13 16:34:59,289 - experiments.runner - INFO - Exact match: 'Wind_Speed' -> 'Wind_Speed'
2026-09-13 16:34:59,301 - experiments.runner - INFO - Exact match: 'Hour' -> 'Hour'
2026-09-13 16:34:59,311 - experiments.runner - INFO - Exact match: 'Month' -> 'Month'
2026-09-13 16:34:59,321 - experiments.runner - INFO - Estimating DRWs with alpha=0.001...
2026-09-13 16:34:59,338 - graph.ridge_estimator - INFO - DRW coefficients for GHI (parents ['Hour', 'Month']): {'Hour': np.float64(0.09191525046233252), 'Month': np.float64(-0.0702043234618354)}
2026-09-13 16:34:59,353 - graph.ridge_estimator - INFO - R² for node GHI: 0.0137
2026-09-13 16:34:59,377 - graph.ridge_estimator - INFO - DRW coefficients for DC_Power (parents ['GHI', 'Panel_Temp', 'Humidity']): {'GHI': np.float64(0.3804491661695964), 'Panel_Temp': np.float64(0.6744658906065989), 'Humidity': np.float64(0.20322399319262252)}
2026-09-13 16:34:59,394 - graph.ridge_estimator - INFO - R² for node DC_Power: 0.7582
2026-09-13 16:34:59,412 - graph.ridge_estimator - INFO - DRW coefficients for Panel_Temp (parents ['GHI', 'Ambient_Temp']): {'GHI': np.float64(0.3283308196366098), 'Ambient_Temp': np.float64(0.7218487637709391)}
2026-09-13 16:34:59,430 - graph.ridge_estimator - INFO - R² for node Panel_Temp: 0.8695
2026-09-13 16:34:59,463 - graph.ridge_estimator - INFO - DRW coefficients for Ambient_Temp (parents ['Wind_Speed', 'Hour']): {'Wind_Speed': np.float64(0.32398615695559935), 'Hour': np.float64(0.3873885407511019)}
2026-09-13 16:34:59,500 - graph.ridge_estimator - INFO - R² for node Ambient_Temp: 0.2715
2026-09-13 16:34:59,528 - graph.ridge_estimator - INFO - DRW coefficients for Humidity (parents ['Ambient_Temp']): {'Ambient_Temp': np.float64(-0.6894408405502239)}
2026-09-13 16:34:59,565 - graph.ridge_estimator - INFO - R² for node Humidity: 0.4753
2026-09-13 16:34:59,578 - graph.ridge_estimator - INFO - DRW estimation complete for 5 nodes
2026-09-13 16:34:59,592 - graph.ridge_estimator - INFO - DRW dictionary: {'GHI': {'Hour': np.float64(0.5669596103510995), 'Month': np.float64(0.43304038964890046)}, 'DC_Power': {'GHI': np.float64(0.3023903964979273), 'Panel_Temp': np.float64(0.5360821529411356), 'Humidity': np.float64(0.16152745056093704)}, 'Panel_Temp': {'GHI': np.float64(0.31264254687875864), 'Ambient_Temp': np.float64(0.6873574531212414)}, 'Ambient_Temp': {'Wind_Speed': np.float64(0.45543671710569944), 'Hour': np.float64(0.5445632828943006)}, 'Humidity': {'Ambient_Temp': np.float64(1.0)}}
2026-09-13 16:34:59,604 - graph.ridge_estimator - INFO - R² scores: {'GHI': 0.013653082575271758, 'DC_Power': 0.7581584922917597, 'Panel_Temp': 0.8695267881976556, 'Ambient_Temp': 0.27150220660700397, 'Humidity': 0.4753288710442609, 'Wind_Speed': 0.0, 'Hour': 0.0, 'Month': 0.0}
2026-09-13 16:34:59,631 - experiments.runner - INFO - DRW estimation complete for 5 nodes
2026-09-13 16:34:59,642 - experiments.runner - INFO - Computing DPWs for target: DC_Power
2026-09-13 16:34:59,653 - graph.domain_prior - INFO - Final DPW for input features (with intrinsic): {'GHI': np.float64(0.270464649611155), 'Ambient_Temp': np.float64(0.23971815731815185), 'Panel_Temp': np.float64(0.3235510247827767), 'Wind_Speed': np.float64(0.029641647247313774), 'Humidity': np.float64(0.0974894834174402), 'Pressure': np.float64(0.0), 'SunShine': np.float64(0.0), 'Hour': np.float64(0.037535959684904696), 'Month': np.float64(0.0015990779382577195)}
2026-09-13 16:34:59,664 - experiments.runner - INFO - Raw DPW for graph_2: {'GHI': np.float64(0.270464649611155), 'Ambient_Temp': np.float64(0.23971815731815185), 'Panel_Temp': np.float64(0.3235510247827767), 'Wind_Speed': np.float64(0.029641647247313774), 'Humidity': np.float64(0.0974894834174402), 'Pressure': np.float64(0.0), 'SunShine': np.float64(0.0), 'Hour': np.float64(0.037535959684904696), 'Month': np.float64(0.0015990779382577195)}
2026-09-13 16:34:59,682 - experiments.runner - INFO - R² used for intrinsic γ: {'GHI': 0.013653082575271758, 'DC_Power': 0.7581584922917597, 'Panel_Temp': 0.8695267881976556, 'Ambient_Temp': 0.27150220660700397, 'Humidity': 0.4753288710442609, 'Wind_Speed': 0.0, 'Hour': 0.0, 'Month': 0.0}
2026-09-13 16:34:59,698 - experiments.runner - INFO - Filtered DPW (pre-smooth) for graph_2: {'GHI': np.float64(0.270464649611155), 'Ambient_Temp': np.float64(0.23971815731815185), 'Panel_Temp': np.float64(0.3235510247827767), 'Wind_Speed': np.float64(0.029641647247313774), 'Humidity': np.float64(0.0974894834174402), 'Pressure': np.float64(0.0), 'SunShine': np.float64(0.0), 'Hour': np.float64(0.037535959684904696), 'Month': np.float64(0.0015990779382577195)}
2026-09-13 16:34:59,714 - experiments.runner - INFO - Training sampling P (α=0.3) for graph_2: {'GHI': 0.22265858806114183, 'Ambient_Temp': 0.2011360434560396, 'Panel_Temp': 0.25981905068127703, 'Wind_Speed': 0.054082486406452975, 'Humidity': 0.10157597172554148, 'Pressure': 0.03333333333333333, 'SunShine': 0.03333333333333333, 'Hour': 0.05960850511276662, 'Month': 0.034452687890113735}
2026-09-13 16:34:59,731 - experiments.runner - INFO - ============================================================
2026-09-13 16:34:59,749 - experiments.runner - INFO - Processing graph: graph_3
2026-09-13 16:34:59,765 - experiments.runner - INFO - ============================================================
2026-09-13 16:34:59,776 - experiments.runner - INFO - Exact match: 'GHI' -> 'GHI'
2026-09-13 16:34:59,787 - experiments.runner - INFO - Exact match: 'DC_Power' -> 'DC_Power'
2026-09-13 16:34:59,799 - experiments.runner - INFO - Exact match: 'Panel_Temp' -> 'Panel_Temp'
2026-09-13 16:34:59,809 - experiments.runner - INFO - Exact match: 'Ambient_Temp' -> 'Ambient_Temp'
2026-09-13 16:34:59,821 - experiments.runner - INFO - Exact match: 'Humidity' -> 'Humidity'
2026-09-13 16:34:59,832 - experiments.runner - INFO - Exact match: 'Wind_Speed' -> 'Wind_Speed'
2026-09-13 16:34:59,842 - experiments.runner - INFO - Exact match: 'Hour' -> 'Hour'
2026-09-13 16:34:59,853 - experiments.runner - INFO - Exact match: 'Month' -> 'Month'
2026-09-13 16:34:59,864 - experiments.runner - INFO - Estimating DRWs with alpha=0.001...
2026-09-13 16:34:59,883 - graph.ridge_estimator - INFO - DRW coefficients for DC_Power (parents ['GHI', 'Panel_Temp', 'Ambient_Temp', 'Wind_Speed', 'Humidity']): {'GHI': np.float64(0.204480637446251), 'Panel_Temp': np.float64(1.3289315321446737), 'Ambient_Temp': np.float64(-0.7457558162888255), 'Wind_Speed': np.float64(0.03448776848683779), 'Humidity': np.float64(0.015102642108431685)}
2026-09-13 16:34:59,900 - graph.ridge_estimator - INFO - R² for node DC_Power: 0.8445
2026-09-13 16:34:59,920 - graph.ridge_estimator - INFO - DRW coefficients for Panel_Temp (parents ['GHI', 'Ambient_Temp', 'Wind_Speed']): {'GHI': np.float64(0.3025342658600985), 'Ambient_Temp': np.float64(0.6901831211685034), 'Wind_Speed': np.float64(0.1281146428945451)}
2026-09-13 16:34:59,975 - graph.ridge_estimator - INFO - R² for node Panel_Temp: 0.8834
2026-09-13 16:35:00,024 - graph.ridge_estimator - INFO - DRW coefficients for Ambient_Temp (parents ['Wind_Speed', 'Hour', 'Month']): {'Wind_Speed': np.float64(0.29163078029434875), 'Hour': np.float64(0.3955494906933935), 'Month': np.float64(0.282348148432042)}
2026-09-13 16:35:00,054 - graph.ridge_estimator - INFO - R² for node Ambient_Temp: 0.3501
2026-09-13 16:35:00,090 - graph.ridge_estimator - INFO - DRW coefficients for Humidity (parents ['Ambient_Temp', 'Wind_Speed', 'Month']): {'Ambient_Temp': np.float64(-0.7529004640516184), 'Wind_Speed': np.float64(-0.10004078680741665), 'Month': np.float64(0.32082160804206583)}
2026-09-13 16:35:00,188 - graph.ridge_estimator - INFO - R² for node Humidity: 0.5770
2026-09-13 16:35:00,201 - graph.ridge_estimator - INFO - DRW estimation complete for 4 nodes
2026-09-13 16:35:00,225 - graph.ridge_estimator - INFO - DRW dictionary: {'DC_Power': {'GHI': np.float64(0.08780672042053311), 'Panel_Temp': np.float64(0.5706609728841956), 'Ambient_Temp': np.float64(0.320237521169073), 'Wind_Speed': np.float64(0.014809509023796123), 'Humidity': np.float64(0.006485276502402379)}, 'Panel_Temp': {'GHI': np.float64(0.26991936149508733), 'Ambient_Temp': np.float64(0.6157774784646614), 'Wind_Speed': np.float64(0.11430316004025119)}, 'Ambient_Temp': {'Wind_Speed': np.float64(0.3007965258706657), 'Hour': np.float64(0.40798132656091785), 'Month': np.float64(0.29122214756841647)}, 'Humidity': {'Ambient_Temp': np.float64(0.6414417174151328), 'Wind_Speed': np.float64(0.08523083351016639), 'Month': np.float64(0.27332744907470075)}}
2026-09-13 16:35:00,266 - graph.ridge_estimator - INFO - R² scores: {'GHI': 0.0, 'DC_Power': 0.8444608702250931, 'Panel_Temp': 0.8834425082770287, 'Ambient_Temp': 0.350143882471891, 'Humidity': 0.5770023350339799, 'Wind_Speed': 0.0, 'Hour': 0.0, 'Month': 0.0}
2026-09-13 16:35:00,290 - experiments.runner - INFO - DRW estimation complete for 4 nodes
2026-09-13 16:35:00,304 - experiments.runner - INFO - Computing DPWs for target: DC_Power
2026-09-13 16:35:00,320 - graph.domain_prior - INFO - Final DPW for input features (with intrinsic): {'GHI': np.float64(0.1294467373958688), 'Ambient_Temp': np.float64(0.3660356989105594), 'Panel_Temp': np.float64(0.3299462943296303), 'Wind_Speed': np.float64(0.08061670578130667), 'Humidity': np.float64(0.003749674590249085), 'Pressure': np.float64(0.0), 'SunShine': np.float64(0.0), 'Hour': np.float64(0.05228899229753947), 'Month': np.float64(0.03791589669484631)}
2026-09-13 16:35:00,339 - experiments.runner - INFO - Raw DPW for graph_3: {'GHI': np.float64(0.1294467373958688), 'Ambient_Temp': np.float64(0.3660356989105594), 'Panel_Temp': np.float64(0.3299462943296303), 'Wind_Speed': np.float64(0.08061670578130667), 'Humidity': np.float64(0.003749674590249085), 'Pressure': np.float64(0.0), 'SunShine': np.float64(0.0), 'Hour': np.float64(0.05228899229753947), 'Month': np.float64(0.03791589669484631)}
2026-09-13 16:35:00,355 - experiments.runner - INFO - R² used for intrinsic γ: {'GHI': 0.0, 'DC_Power': 0.8444608702250931, 'Panel_Temp': 0.8834425082770287, 'Ambient_Temp': 0.350143882471891, 'Humidity': 0.5770023350339799, 'Wind_Speed': 0.0, 'Hour': 0.0, 'Month': 0.0}
2026-09-13 16:35:00,374 - experiments.runner - INFO - Filtered DPW (pre-smooth) for graph_3: {'GHI': np.float64(0.1294467373958688), 'Ambient_Temp': np.float64(0.3660356989105594), 'Panel_Temp': np.float64(0.3299462943296303), 'Wind_Speed': np.float64(0.08061670578130667), 'Humidity': np.float64(0.003749674590249085), 'Pressure': np.float64(0.0), 'SunShine': np.float64(0.0), 'Hour': np.float64(0.05228899229753947), 'Month': np.float64(0.03791589669484631)}
2026-09-13 16:35:00,390 - experiments.runner - INFO - Training sampling P (α=0.3) for graph_3: {'GHI': 0.12394604951044147, 'Ambient_Temp': 0.2895583225707249, 'Panel_Temp': 0.2642957393640745, 'Wind_Speed': 0.089765027380248, 'Humidity': 0.03595810554650769, 'Pressure': 0.03333333333333333, 'SunShine': 0.03333333333333333, 'Hour': 0.06993562794161096, 'Month': 0.05987446101972575}
2026-09-13 16:35:00,416 - experiments.runner - INFO - Baselines: RF + XGBoost always | Domain-weighted experimental: ['bagging'] (bagging.enabled=True, boosting.enabled=False, experiment_type=AlgorithmType.COMPARISON)
2026-09-13 16:35:00,434 - experiments.runner - INFO - Total tasks: 90
2026-09-13 16:43:39,966 - experiments.runner - INFO - Valid results: 90 / 90
2026-09-13 16:43:39,986 - experiments.runner - INFO - RF predictions averaged over 30 runs (physical units)
2026-09-13 16:43:40,004 - experiments.runner - INFO - XGBoost predictions averaged over 30 runs (physical units)
2026-09-13 16:43:40,017 - experiments.runner - INFO - DARF predictions averaged over 30 runs (physical units)
2026-09-13 16:43:40,040 - experiments.runner - INFO - Average timing (median): {'Preprocessing': 0.06444358825683594, 'Training': {'RF': 7.1684964500018395, 'XGBoost': 5.007945099991048, 'DARF': 7.570258299994748}, 'Inference': {'RF': 1.1912186499976087, 'XGBoost': 0.05416179999883752, 'DARF': 1.6099896000087028}, 'Training_CPU': {'RF': 5.7421875, 'XGBoost': 1.984375, 'DARF': 6.28125}, 'Inference_CPU': {'RF': 0.40625, 'XGBoost': 0.015625, 'DARF': 0.40625}}
2026-09-13 16:43:40,088 - experiments.runner - INFO - Model result keys: ['graph_1_bagging_rf', 'graph_1_bagging_dwrf', 'graph_1_bagging_xgb', 'graph_2_bagging_rf', 'graph_2_bagging_dwrf', 'graph_2_bagging_xgb', 'graph_3_bagging_rf', 'graph_3_bagging_dwrf', 'graph_3_bagging_xgb']
2026-09-13 16:43:52,446 - analysis.sensitivity - WARNING - full_df_scaled / graphs missing from data_dict – λ-sensitivity will reuse the original DPW (incomplete).
2026-09-13 16:43:52,459 - analysis.sensitivity - INFO - λ-sensitivity: estimating DRW/DPW with λ=0.01
2026-09-13 16:44:01,595 - analysis.sensitivity - INFO - λ=0.01 (seed=10042) → MAE=0.3552, MAPE=77.5527
2026-09-13 16:44:01,612 - analysis.sensitivity - INFO - λ-sensitivity: estimating DRW/DPW with λ=0.05
2026-09-13 16:44:09,760 - analysis.sensitivity - INFO - λ=0.05 (seed=50042) → MAE=0.3726, MAPE=80.0229
2026-09-13 16:44:09,777 - analysis.sensitivity - INFO - λ-sensitivity: estimating DRW/DPW with λ=0.1
2026-09-13 16:44:16,903 - analysis.sensitivity - INFO - λ=0.1 (seed=100042) → MAE=0.3586, MAPE=75.7810
2026-09-13 16:44:16,916 - analysis.sensitivity - INFO - λ-sensitivity: estimating DRW/DPW with λ=0.5
2026-09-13 16:44:21,431 - analysis.sensitivity - INFO - λ=0.5 (seed=500042) → MAE=0.3656, MAPE=79.6570
2026-09-13 16:44:21,445 - analysis.sensitivity - INFO - λ-sensitivity: estimating DRW/DPW with λ=1.0
2026-09-13 16:44:26,028 - analysis.sensitivity - INFO - λ=1.0 (seed=1000042) → MAE=0.3634, MAPE=79.0872
2026-09-13 16:44:26,040 - analysis.sensitivity - INFO - λ-sensitivity: estimating DRW/DPW with λ=2.0
2026-09-13 16:44:31,331 - analysis.sensitivity - INFO - λ=2.0 (seed=2000042) → MAE=0.3672, MAPE=79.7476
2026-09-13 16:44:31,343 - analysis.sensitivity - INFO - λ-sensitivity: estimating DRW/DPW with λ=5.0
2026-09-13 16:44:35,382 - analysis.sensitivity - INFO - λ=5.0 (seed=5000042) → MAE=0.3708, MAPE=81.7319
2026-09-13 16:44:35,394 - analysis.sensitivity - INFO - λ-sensitivity: estimating DRW/DPW with λ=7.0
2026-09-13 16:44:39,527 - analysis.sensitivity - INFO - λ=7.0 (seed=7000042) → MAE=0.3561, MAPE=78.1523
2026-09-13 16:44:39,538 - analysis.sensitivity - INFO - λ-sensitivity: estimating DRW/DPW with λ=10.0
2026-09-13 16:44:44,890 - analysis.sensitivity - INFO - λ=10.0 (seed=10000042) → MAE=0.3687, MAPE=82.6128
2026-09-13 16:44:49,486 - analysis.sensitivity - INFO - α=0.01 (seed=10010042) → MAE=0.3662
2026-09-13 16:44:53,629 - analysis.sensitivity - INFO - α=0.05 (seed=10050042) → MAE=0.3655
2026-09-13 16:44:58,438 - analysis.sensitivity - INFO - α=0.1 (seed=10100042) → MAE=0.3744
2026-09-13 16:45:04,639 - analysis.sensitivity - INFO - α=0.2 (seed=10200042) → MAE=0.3616
2026-09-13 16:45:08,814 - analysis.sensitivity - INFO - α=0.3 (seed=10300042) → MAE=0.3411
2026-09-13 16:45:13,185 - analysis.sensitivity - INFO - α=0.4 (seed=10400042) → MAE=0.3470
2026-09-13 16:45:18,793 - analysis.sensitivity - INFO - α=0.5 (seed=10500042) → MAE=0.3441
2026-09-13 16:45:22,916 - analysis.sensitivity - INFO - α=0.7 (seed=10700042) → MAE=0.3579
2026-09-13 16:45:27,047 - analysis.sensitivity - INFO - α=1.0 (seed=11000042) → MAE=0.3625
2026-09-13 16:45:34,302 - evaluation.metrics - WARNING - mape_threshold=5.1 excluded all 11 points (max |y|=0.08). Falling back to full-set MAPE. Use a smaller floor in the same units as y, or ensure y is inverse-scaled to physical units before metrics.
2026-09-13 16:45:34,318 - evaluation.metrics - WARNING - mape_threshold=5.1 excluded all 11 points (max |y|=0.08). Falling back to full-set MAPE. Use a smaller floor in the same units as y, or ensure y is inverse-scaled to physical units before metrics.
2026-09-13 16:45:34,335 - evaluation.metrics - WARNING - mape_threshold=5.1 excluded all 11 points (max |y|=0.08). Falling back to full-set MAPE. Use a smaller floor in the same units as y, or ensure y is inverse-scaled to physical units before metrics.
2026-09-13 16:45:34,364 - evaluation.metrics - WARNING - mape_threshold=5.1 excluded all 52 points (max |y|=2.75). Falling back to full-set MAPE. Use a smaller floor in the same units as y, or ensure y is inverse-scaled to physical units before metrics.
2026-09-13 16:45:34,393 - evaluation.metrics - WARNING - mape_threshold=5.1 excluded all 52 points (max |y|=2.75). Falling back to full-set MAPE. Use a smaller floor in the same units as y, or ensure y is inverse-scaled to physical units before metrics.
2026-09-13 16:45:34,415 - evaluation.metrics - WARNING - mape_threshold=5.1 excluded all 52 points (max |y|=2.75). Falling back to full-set MAPE. Use a smaller floor in the same units as y, or ensure y is inverse-scaled to physical units before metrics.
2026-09-13 16:45:34,559 - evaluation.metrics - WARNING - mape_threshold=5.1 excluded all 50 points (max |y|=0.85). Falling back to full-set MAPE. Use a smaller floor in the same units as y, or ensure y is inverse-scaled to physical units before metrics.
2026-09-13 16:45:34,573 - evaluation.metrics - WARNING - mape_threshold=5.1 excluded all 50 points (max |y|=0.85). Falling back to full-set MAPE. Use a smaller floor in the same units as y, or ensure y is inverse-scaled to physical units before metrics.
2026-09-13 16:45:34,593 - evaluation.metrics - WARNING - mape_threshold=5.1 excluded all 50 points (max |y|=0.85). Falling back to full-set MAPE. Use a smaller floor in the same units as y, or ensure y is inverse-scaled to physical units before metrics.
2026-09-13 16:45:34,604 - experiments.runner - INFO - Temporal analysis completed (RF, XGBoost, experimental).
2026-09-13 16:45:34,618 - experiments.runner - INFO - Viz keys: rf=graph_1_bagging_rf, dwrf=graph_1_bagging_dwrf, xgb=graph_1_bagging_xgb
2026-09-13 16:45:34,637 - visualization.plots - INFO - Generating all plots...
2026-09-13 16:45:53,687 - visualization.plots - INFO - All plots generated.
2026-09-13 16:45:53,695 - experiments.runner - INFO - Visualizations generated.
2026-09-13 16:45:53,757 - experiments.runner - INFO - Results saved to dwrf_output\results_summary.json
2026-09-13 16:45:53,772 - experiments.runner - INFO - Experiment completed successfully.
2026-09-13 16:47:02,999 - experiments.runner - INFO - Starting DARF V4 experiment: DARF
2026-09-13 16:47:03,012 - experiments.runner - INFO - MAPE near-zero floor (mape_threshold) set to: 5.1 (physical units after inverse-scaling y)
2026-09-13 16:47:03,024 - data.loader - INFO - Loading data from C:/Users/User/OneDrive/Personal/Masters/MPhil Electrical Engineering/MPhil/Research Papers/3_Technical paper/Riverside_data_dwrf.csv
2026-09-13 16:47:03,103 - experiments.runner - INFO - Preprocessing time: 0.079 seconds
2026-09-13 16:47:03,130 - experiments.runner - INFO - Data shapes: X_train=(3353, 9), X_test=(719, 9)
2026-09-13 16:47:03,143 - experiments.runner - INFO - Feature names: ['GHI', 'Ambient_Temp', 'Panel_Temp', 'Wind_Speed', 'Humidity', 'Pressure', 'SunShine', 'Hour', 'Month']
2026-09-13 16:47:03,156 - experiments.runner - INFO - Target column: DC_Power
2026-09-13 16:47:03,166 - experiments.runner - INFO - Full DataFrame columns: ['timestamp', 'Ambient_Temp', 'Humidity', 'Pressure', 'Wind_Speed', 'SunShine', 'GHI', 'Panel_Temp', 'DC_Power', 'Month', 'Hour', 'DC_Power_Level']
2026-09-13 16:47:03,178 - graph.multi_graph - INFO - Graph graph_1 edges: {'GHI': ['DC_Power', 'Panel_Temp'], 'Ambient_Temp': ['Panel_Temp', 'Humidity'], 'Panel_Temp': ['DC_Power'], 'Wind_Speed': ['Ambient_Temp', 'Humidity'], 'Hour': ['GHI', 'Ambient_Temp'], 'Month': ['GHI'], 'SunShine': ['DC_Power'], 'Pressure': [], 'Humidity': ['DC_Power']}
2026-09-13 16:47:03,189 - graph.multi_graph - INFO - Graph graph_2 edges: {'GHI': ['DC_Power', 'Panel_Temp'], 'Ambient_Temp': ['Panel_Temp', 'Humidity'], 'Panel_Temp': ['DC_Power'], 'Wind_Speed': ['Ambient_Temp'], 'Hour': ['GHI', 'Ambient_Temp'], 'Month': ['GHI'], 'Humidity': ['DC_Power']}
2026-09-13 16:47:03,205 - graph.multi_graph - INFO - Graph graph_3 edges: {'GHI': ['DC_Power', 'Panel_Temp'], 'Panel_Temp': ['DC_Power'], 'Ambient_Temp': ['DC_Power', 'Panel_Temp', 'Humidity'], 'Wind_Speed': ['DC_Power', 'Panel_Temp', 'Ambient_Temp', 'Humidity'], 'Humidity': ['DC_Power'], 'Hour': ['Ambient_Temp'], 'Month': ['Ambient_Temp', 'Humidity']}
2026-09-13 16:47:03,218 - experiments.runner - INFO - ============================================================
2026-09-13 16:47:03,227 - experiments.runner - INFO - Processing graph: graph_1
2026-09-13 16:47:03,238 - experiments.runner - INFO - ============================================================
2026-09-13 16:47:03,248 - experiments.runner - INFO - Exact match: 'GHI' -> 'GHI'
2026-09-13 16:47:03,260 - experiments.runner - INFO - Exact match: 'DC_Power' -> 'DC_Power'
2026-09-13 16:47:03,269 - experiments.runner - INFO - Exact match: 'Panel_Temp' -> 'Panel_Temp'
2026-09-13 16:47:03,279 - experiments.runner - INFO - Exact match: 'Ambient_Temp' -> 'Ambient_Temp'
2026-09-13 16:47:03,289 - experiments.runner - INFO - Exact match: 'Humidity' -> 'Humidity'
2026-09-13 16:47:03,299 - experiments.runner - INFO - Exact match: 'Wind_Speed' -> 'Wind_Speed'
2026-09-13 16:47:03,310 - experiments.runner - INFO - Exact match: 'Hour' -> 'Hour'
2026-09-13 16:47:03,321 - experiments.runner - INFO - Exact match: 'Month' -> 'Month'
2026-09-13 16:47:03,331 - experiments.runner - INFO - Exact match: 'SunShine' -> 'SunShine'
2026-09-13 16:47:03,341 - experiments.runner - INFO - Estimating DRWs with alpha=0.001...
2026-09-13 16:47:03,356 - graph.ridge_estimator - INFO - DRW coefficients for GHI (parents ['Hour', 'Month']): {'Hour': np.float64(0.09191525046233252), 'Month': np.float64(-0.0702043234618354)}
2026-09-13 16:47:03,370 - graph.ridge_estimator - INFO - R² for node GHI: 0.0137
2026-09-13 16:47:03,387 - graph.ridge_estimator - INFO - DRW coefficients for DC_Power (parents ['GHI', 'Panel_Temp', 'SunShine', 'Humidity']): {'GHI': np.float64(0.34626309261009086), 'Panel_Temp': np.float64(0.6712819204539988), 'SunShine': np.float64(-0.29873619633161985), 'Humidity': np.float64(0.026519115821653703)}
2026-09-13 16:47:03,411 - graph.ridge_estimator - INFO - R² for node DC_Power: 0.8212
2026-09-13 16:47:03,432 - graph.ridge_estimator - INFO - DRW coefficients for Panel_Temp (parents ['GHI', 'Ambient_Temp']): {'GHI': np.float64(0.3283308196366098), 'Ambient_Temp': np.float64(0.7218487637709391)}
2026-09-13 16:47:03,450 - graph.ridge_estimator - INFO - R² for node Panel_Temp: 0.8695
2026-09-13 16:47:03,466 - graph.ridge_estimator - INFO - DRW coefficients for Ambient_Temp (parents ['Wind_Speed', 'Hour']): {'Wind_Speed': np.float64(0.32398615695559935), 'Hour': np.float64(0.3873885407511019)}
2026-09-13 16:47:03,478 - graph.ridge_estimator - INFO - R² for node Ambient_Temp: 0.2715
2026-09-13 16:47:03,499 - graph.ridge_estimator - INFO - DRW coefficients for Humidity (parents ['Ambient_Temp', 'Wind_Speed']): {'Ambient_Temp': np.float64(-0.6551916119343523), 'Wind_Speed': np.float64(-0.09802396605255873)}
2026-09-13 16:47:03,519 - graph.ridge_estimator - INFO - R² for node Humidity: 0.4838
2026-09-13 16:47:03,534 - graph.ridge_estimator - INFO - DRW estimation complete for 5 nodes
2026-09-13 16:47:03,544 - graph.ridge_estimator - INFO - DRW dictionary: {'GHI': {'Hour': np.float64(0.5669596103510995), 'Month': np.float64(0.43304038964890046)}, 'DC_Power': {'GHI': np.float64(0.25786640508449393), 'Panel_Temp': np.float64(0.4999119436058643), 'SunShine': np.float64(0.22247253796521269), 'Humidity': np.float64(0.0197491133444289)}, 'Panel_Temp': {'GHI': np.float64(0.31264254687875864), 'Ambient_Temp': np.float64(0.6873574531212414)}, 'Ambient_Temp': {'Wind_Speed': np.float64(0.45543671710569944), 'Hour': np.float64(0.5445632828943006)}, 'Humidity': {'Ambient_Temp': np.float64(0.8698593484822188), 'Wind_Speed': np.float64(0.1301406515177812)}}
2026-09-13 16:47:03,553 - graph.ridge_estimator - INFO - R² scores: {'GHI': 0.013653082575271758, 'DC_Power': 0.8212201343982459, 'Panel_Temp': 0.8695267881976556, 'Ambient_Temp': 0.27150220660700397, 'Humidity': 0.48376455345814096, 'Wind_Speed': 0.0, 'Hour': 0.0, 'Month': 0.0, 'SunShine': 0.0}
2026-09-13 16:47:03,562 - experiments.runner - INFO - DRW estimation complete for 5 nodes
2026-09-13 16:47:03,571 - experiments.runner - INFO - Computing DPWs for target: DC_Power
2026-09-13 16:47:03,579 - graph.domain_prior - INFO - Final DPW for input features (with intrinsic): {'GHI': np.float64(0.2568620495335465), 'Ambient_Temp': np.float64(0.2003241899779219), 'Panel_Temp': np.float64(0.32610167883871227), 'Wind_Speed': np.float64(0.025581563663868715), 'Humidity': np.float64(0.012882706843811306), 'Pressure': np.float64(0.0), 'SunShine': np.float64(0.14512289424947833), 'Hour': np.float64(0.03160626209923311), 'Month': np.float64(0.0015186547934278182)}
2026-09-13 16:47:03,588 - experiments.runner - INFO - Raw DPW for graph_1: {'GHI': np.float64(0.2568620495335465), 'Ambient_Temp': np.float64(0.2003241899779219), 'Panel_Temp': np.float64(0.32610167883871227), 'Wind_Speed': np.float64(0.025581563663868715), 'Humidity': np.float64(0.012882706843811306), 'Pressure': np.float64(0.0), 'SunShine': np.float64(0.14512289424947833), 'Hour': np.float64(0.03160626209923311), 'Month': np.float64(0.0015186547934278182)}
2026-09-13 16:47:03,598 - experiments.runner - INFO - R² used for intrinsic γ: {'GHI': 0.013653082575271758, 'DC_Power': 0.8212201343982459, 'Panel_Temp': 0.8695267881976556, 'Ambient_Temp': 0.27150220660700397, 'Humidity': 0.48376455345814096, 'Wind_Speed': 0.0, 'Hour': 0.0, 'Month': 0.0, 'SunShine': 0.0}
2026-09-13 16:47:03,607 - experiments.runner - INFO - Filtered DPW (pre-smooth) for graph_1: {'GHI': np.float64(0.2568620495335465), 'Ambient_Temp': np.float64(0.2003241899779219), 'Panel_Temp': np.float64(0.32610167883871227), 'Wind_Speed': np.float64(0.025581563663868715), 'Humidity': np.float64(0.012882706843811306), 'Pressure': np.float64(0.0), 'SunShine': np.float64(0.14512289424947833), 'Hour': np.float64(0.03160626209923311), 'Month': np.float64(0.0015186547934278182)}
2026-09-13 16:47:03,617 - experiments.runner - INFO - Training sampling P (α=0.3) for graph_1: {'GHI': 0.21313676800681589, 'Ambient_Temp': 0.17356026631787863, 'Panel_Temp': 0.26160450852043193, 'Wind_Speed': 0.05124042789804143, 'Humidity': 0.042351228124001244, 'Pressure': 0.03333333333333333, 'SunShine': 0.13491935930796817, 'Hour': 0.055457716802796514, 'Month': 0.034396391688732805}
2026-09-13 16:47:03,626 - experiments.runner - INFO - ============================================================
2026-09-13 16:47:03,635 - experiments.runner - INFO - Processing graph: graph_2
2026-09-13 16:47:03,644 - experiments.runner - INFO - ============================================================
2026-09-13 16:47:03,659 - experiments.runner - INFO - Exact match: 'GHI' -> 'GHI'
2026-09-13 16:47:03,676 - experiments.runner - INFO - Exact match: 'DC_Power' -> 'DC_Power'
2026-09-13 16:47:03,687 - experiments.runner - INFO - Exact match: 'Panel_Temp' -> 'Panel_Temp'
2026-09-13 16:47:03,697 - experiments.runner - INFO - Exact match: 'Ambient_Temp' -> 'Ambient_Temp'
2026-09-13 16:47:03,708 - experiments.runner - INFO - Exact match: 'Humidity' -> 'Humidity'
2026-09-13 16:47:03,715 - experiments.runner - INFO - Exact match: 'Wind_Speed' -> 'Wind_Speed'
2026-09-13 16:47:03,725 - experiments.runner - INFO - Exact match: 'Hour' -> 'Hour'
2026-09-13 16:47:03,734 - experiments.runner - INFO - Exact match: 'Month' -> 'Month'
2026-09-13 16:47:03,743 - experiments.runner - INFO - Estimating DRWs with alpha=0.001...
2026-09-13 16:47:03,779 - graph.ridge_estimator - INFO - DRW coefficients for GHI (parents ['Hour', 'Month']): {'Hour': np.float64(0.09191525046233252), 'Month': np.float64(-0.0702043234618354)}
2026-09-13 16:47:03,791 - graph.ridge_estimator - INFO - R² for node GHI: 0.0137
2026-09-13 16:47:03,806 - graph.ridge_estimator - INFO - DRW coefficients for DC_Power (parents ['GHI', 'Panel_Temp', 'Humidity']): {'GHI': np.float64(0.3804491661695964), 'Panel_Temp': np.float64(0.6744658906065989), 'Humidity': np.float64(0.20322399319262252)}
2026-09-13 16:47:03,819 - graph.ridge_estimator - INFO - R² for node DC_Power: 0.7582
2026-09-13 16:47:03,834 - graph.ridge_estimator - INFO - DRW coefficients for Panel_Temp (parents ['GHI', 'Ambient_Temp']): {'GHI': np.float64(0.3283308196366098), 'Ambient_Temp': np.float64(0.7218487637709391)}
2026-09-13 16:47:03,849 - graph.ridge_estimator - INFO - R² for node Panel_Temp: 0.8695
2026-09-13 16:47:03,864 - graph.ridge_estimator - INFO - DRW coefficients for Ambient_Temp (parents ['Wind_Speed', 'Hour']): {'Wind_Speed': np.float64(0.32398615695559935), 'Hour': np.float64(0.3873885407511019)}
2026-09-13 16:47:03,879 - graph.ridge_estimator - INFO - R² for node Ambient_Temp: 0.2715
2026-09-13 16:47:03,899 - graph.ridge_estimator - INFO - DRW coefficients for Humidity (parents ['Ambient_Temp']): {'Ambient_Temp': np.float64(-0.6894408405502239)}
2026-09-13 16:47:03,925 - graph.ridge_estimator - INFO - R² for node Humidity: 0.4753
2026-09-13 16:47:03,954 - graph.ridge_estimator - INFO - DRW estimation complete for 5 nodes
2026-09-13 16:47:03,975 - graph.ridge_estimator - INFO - DRW dictionary: {'GHI': {'Hour': np.float64(0.5669596103510995), 'Month': np.float64(0.43304038964890046)}, 'DC_Power': {'GHI': np.float64(0.3023903964979273), 'Panel_Temp': np.float64(0.5360821529411356), 'Humidity': np.float64(0.16152745056093704)}, 'Panel_Temp': {'GHI': np.float64(0.31264254687875864), 'Ambient_Temp': np.float64(0.6873574531212414)}, 'Ambient_Temp': {'Wind_Speed': np.float64(0.45543671710569944), 'Hour': np.float64(0.5445632828943006)}, 'Humidity': {'Ambient_Temp': np.float64(1.0)}}
2026-09-13 16:47:04,028 - graph.ridge_estimator - INFO - R² scores: {'GHI': 0.013653082575271758, 'DC_Power': 0.7581584922917597, 'Panel_Temp': 0.8695267881976556, 'Ambient_Temp': 0.27150220660700397, 'Humidity': 0.4753288710442609, 'Wind_Speed': 0.0, 'Hour': 0.0, 'Month': 0.0}
2026-09-13 16:47:04,048 - experiments.runner - INFO - DRW estimation complete for 5 nodes
2026-09-13 16:47:04,069 - experiments.runner - INFO - Computing DPWs for target: DC_Power
2026-09-13 16:47:04,078 - graph.domain_prior - INFO - Final DPW for input features (with intrinsic): {'GHI': np.float64(0.270464649611155), 'Ambient_Temp': np.float64(0.23971815731815185), 'Panel_Temp': np.float64(0.3235510247827767), 'Wind_Speed': np.float64(0.029641647247313774), 'Humidity': np.float64(0.0974894834174402), 'Pressure': np.float64(0.0), 'SunShine': np.float64(0.0), 'Hour': np.float64(0.037535959684904696), 'Month': np.float64(0.0015990779382577195)}
2026-09-13 16:47:04,088 - experiments.runner - INFO - Raw DPW for graph_2: {'GHI': np.float64(0.270464649611155), 'Ambient_Temp': np.float64(0.23971815731815185), 'Panel_Temp': np.float64(0.3235510247827767), 'Wind_Speed': np.float64(0.029641647247313774), 'Humidity': np.float64(0.0974894834174402), 'Pressure': np.float64(0.0), 'SunShine': np.float64(0.0), 'Hour': np.float64(0.037535959684904696), 'Month': np.float64(0.0015990779382577195)}
2026-09-13 16:47:04,097 - experiments.runner - INFO - R² used for intrinsic γ: {'GHI': 0.013653082575271758, 'DC_Power': 0.7581584922917597, 'Panel_Temp': 0.8695267881976556, 'Ambient_Temp': 0.27150220660700397, 'Humidity': 0.4753288710442609, 'Wind_Speed': 0.0, 'Hour': 0.0, 'Month': 0.0}
2026-09-13 16:47:04,107 - experiments.runner - INFO - Filtered DPW (pre-smooth) for graph_2: {'GHI': np.float64(0.270464649611155), 'Ambient_Temp': np.float64(0.23971815731815185), 'Panel_Temp': np.float64(0.3235510247827767), 'Wind_Speed': np.float64(0.029641647247313774), 'Humidity': np.float64(0.0974894834174402), 'Pressure': np.float64(0.0), 'SunShine': np.float64(0.0), 'Hour': np.float64(0.037535959684904696), 'Month': np.float64(0.0015990779382577195)}
2026-09-13 16:47:04,117 - experiments.runner - INFO - Training sampling P (α=0.3) for graph_2: {'GHI': 0.22265858806114183, 'Ambient_Temp': 0.2011360434560396, 'Panel_Temp': 0.25981905068127703, 'Wind_Speed': 0.054082486406452975, 'Humidity': 0.10157597172554148, 'Pressure': 0.03333333333333333, 'SunShine': 0.03333333333333333, 'Hour': 0.05960850511276662, 'Month': 0.034452687890113735}
2026-09-13 16:47:04,126 - experiments.runner - INFO - ============================================================
2026-09-13 16:47:04,135 - experiments.runner - INFO - Processing graph: graph_3
2026-09-13 16:47:04,144 - experiments.runner - INFO - ============================================================
2026-09-13 16:47:04,154 - experiments.runner - INFO - Exact match: 'GHI' -> 'GHI'
2026-09-13 16:47:04,162 - experiments.runner - INFO - Exact match: 'DC_Power' -> 'DC_Power'
2026-09-13 16:47:04,171 - experiments.runner - INFO - Exact match: 'Panel_Temp' -> 'Panel_Temp'
2026-09-13 16:47:04,180 - experiments.runner - INFO - Exact match: 'Ambient_Temp' -> 'Ambient_Temp'
2026-09-13 16:47:04,190 - experiments.runner - INFO - Exact match: 'Humidity' -> 'Humidity'
2026-09-13 16:47:04,199 - experiments.runner - INFO - Exact match: 'Wind_Speed' -> 'Wind_Speed'
2026-09-13 16:47:04,207 - experiments.runner - INFO - Exact match: 'Hour' -> 'Hour'
2026-09-13 16:47:04,215 - experiments.runner - INFO - Exact match: 'Month' -> 'Month'
2026-09-13 16:47:04,225 - experiments.runner - INFO - Estimating DRWs with alpha=0.001...
2026-09-13 16:47:04,239 - graph.ridge_estimator - INFO - DRW coefficients for DC_Power (parents ['GHI', 'Panel_Temp', 'Ambient_Temp', 'Wind_Speed', 'Humidity']): {'GHI': np.float64(0.204480637446251), 'Panel_Temp': np.float64(1.3289315321446737), 'Ambient_Temp': np.float64(-0.7457558162888255), 'Wind_Speed': np.float64(0.03448776848683779), 'Humidity': np.float64(0.015102642108431685)}
2026-09-13 16:47:04,254 - graph.ridge_estimator - INFO - R² for node DC_Power: 0.8445
2026-09-13 16:47:04,268 - graph.ridge_estimator - INFO - DRW coefficients for Panel_Temp (parents ['GHI', 'Ambient_Temp', 'Wind_Speed']): {'GHI': np.float64(0.3025342658600985), 'Ambient_Temp': np.float64(0.6901831211685034), 'Wind_Speed': np.float64(0.1281146428945451)}
2026-09-13 16:47:04,281 - graph.ridge_estimator - INFO - R² for node Panel_Temp: 0.8834
2026-09-13 16:47:04,294 - graph.ridge_estimator - INFO - DRW coefficients for Ambient_Temp (parents ['Wind_Speed', 'Hour', 'Month']): {'Wind_Speed': np.float64(0.29163078029434875), 'Hour': np.float64(0.3955494906933935), 'Month': np.float64(0.282348148432042)}
2026-09-13 16:47:04,304 - graph.ridge_estimator - INFO - R² for node Ambient_Temp: 0.3501
2026-09-13 16:47:04,324 - graph.ridge_estimator - INFO - DRW coefficients for Humidity (parents ['Ambient_Temp', 'Wind_Speed', 'Month']): {'Ambient_Temp': np.float64(-0.7529004640516184), 'Wind_Speed': np.float64(-0.10004078680741665), 'Month': np.float64(0.32082160804206583)}
2026-09-13 16:47:04,334 - graph.ridge_estimator - INFO - R² for node Humidity: 0.5770
2026-09-13 16:47:04,355 - graph.ridge_estimator - INFO - DRW estimation complete for 4 nodes
2026-09-13 16:47:04,390 - graph.ridge_estimator - INFO - DRW dictionary: {'DC_Power': {'GHI': np.float64(0.08780672042053311), 'Panel_Temp': np.float64(0.5706609728841956), 'Ambient_Temp': np.float64(0.320237521169073), 'Wind_Speed': np.float64(0.014809509023796123), 'Humidity': np.float64(0.006485276502402379)}, 'Panel_Temp': {'GHI': np.float64(0.26991936149508733), 'Ambient_Temp': np.float64(0.6157774784646614), 'Wind_Speed': np.float64(0.11430316004025119)}, 'Ambient_Temp': {'Wind_Speed': np.float64(0.3007965258706657), 'Hour': np.float64(0.40798132656091785), 'Month': np.float64(0.29122214756841647)}, 'Humidity': {'Ambient_Temp': np.float64(0.6414417174151328), 'Wind_Speed': np.float64(0.08523083351016639), 'Month': np.float64(0.27332744907470075)}}
2026-09-13 16:47:04,419 - graph.ridge_estimator - INFO - R² scores: {'GHI': 0.0, 'DC_Power': 0.8444608702250931, 'Panel_Temp': 0.8834425082770287, 'Ambient_Temp': 0.350143882471891, 'Humidity': 0.5770023350339799, 'Wind_Speed': 0.0, 'Hour': 0.0, 'Month': 0.0}
2026-09-13 16:47:04,495 - experiments.runner - INFO - DRW estimation complete for 4 nodes
2026-09-13 16:47:04,527 - experiments.runner - INFO - Computing DPWs for target: DC_Power
2026-09-13 16:47:04,547 - graph.domain_prior - INFO - Final DPW for input features (with intrinsic): {'GHI': np.float64(0.1294467373958688), 'Ambient_Temp': np.float64(0.3660356989105594), 'Panel_Temp': np.float64(0.3299462943296303), 'Wind_Speed': np.float64(0.08061670578130667), 'Humidity': np.float64(0.003749674590249085), 'Pressure': np.float64(0.0), 'SunShine': np.float64(0.0), 'Hour': np.float64(0.05228899229753947), 'Month': np.float64(0.03791589669484631)}
2026-09-13 16:47:04,572 - experiments.runner - INFO - Raw DPW for graph_3: {'GHI': np.float64(0.1294467373958688), 'Ambient_Temp': np.float64(0.3660356989105594), 'Panel_Temp': np.float64(0.3299462943296303), 'Wind_Speed': np.float64(0.08061670578130667), 'Humidity': np.float64(0.003749674590249085), 'Pressure': np.float64(0.0), 'SunShine': np.float64(0.0), 'Hour': np.float64(0.05228899229753947), 'Month': np.float64(0.03791589669484631)}
2026-09-13 16:47:04,590 - experiments.runner - INFO - R² used for intrinsic γ: {'GHI': 0.0, 'DC_Power': 0.8444608702250931, 'Panel_Temp': 0.8834425082770287, 'Ambient_Temp': 0.350143882471891, 'Humidity': 0.5770023350339799, 'Wind_Speed': 0.0, 'Hour': 0.0, 'Month': 0.0}
2026-09-13 16:47:04,606 - experiments.runner - INFO - Filtered DPW (pre-smooth) for graph_3: {'GHI': np.float64(0.1294467373958688), 'Ambient_Temp': np.float64(0.3660356989105594), 'Panel_Temp': np.float64(0.3299462943296303), 'Wind_Speed': np.float64(0.08061670578130667), 'Humidity': np.float64(0.003749674590249085), 'Pressure': np.float64(0.0), 'SunShine': np.float64(0.0), 'Hour': np.float64(0.05228899229753947), 'Month': np.float64(0.03791589669484631)}
2026-09-13 16:47:04,623 - experiments.runner - INFO - Training sampling P (α=0.3) for graph_3: {'GHI': 0.12394604951044147, 'Ambient_Temp': 0.2895583225707249, 'Panel_Temp': 0.2642957393640745, 'Wind_Speed': 0.089765027380248, 'Humidity': 0.03595810554650769, 'Pressure': 0.03333333333333333, 'SunShine': 0.03333333333333333, 'Hour': 0.06993562794161096, 'Month': 0.05987446101972575}
2026-09-13 16:47:04,639 - experiments.runner - INFO - Baselines: RF + XGBoost always | Domain-weighted experimental: ['bagging'] (bagging.enabled=True, boosting.enabled=False, experiment_type=AlgorithmType.COMPARISON)
2026-09-13 16:47:04,657 - experiments.runner - INFO - Total tasks: 180
2026-09-13 17:04:57,969 - experiments.runner - INFO - Starting DARF V4 experiment: DARF
2026-09-13 17:04:58,006 - experiments.runner - INFO - MAPE near-zero floor (mape_threshold) set to: 5.1 (physical units after inverse-scaling y)
2026-09-13 17:04:58,027 - data.loader - INFO - Loading data from C:/Users/User/OneDrive/Personal/Masters/MPhil Electrical Engineering/MPhil/Research Papers/3_Technical paper/Riverside_data_dwrf.csv
2026-09-13 17:04:58,405 - experiments.runner - INFO - Preprocessing time: 0.379 seconds
2026-09-13 17:04:58,483 - experiments.runner - INFO - Data shapes: X_train=(3353, 9), X_test=(719, 9)
2026-09-13 17:04:58,503 - experiments.runner - INFO - Feature names: ['GHI', 'Ambient_Temp', 'Panel_Temp', 'Wind_Speed', 'Humidity', 'Pressure', 'SunShine', 'Hour', 'Month']
2026-09-13 17:04:58,525 - experiments.runner - INFO - Target column: DC_Power
2026-09-13 17:04:58,544 - experiments.runner - INFO - Full DataFrame columns: ['timestamp', 'Ambient_Temp', 'Humidity', 'Pressure', 'Wind_Speed', 'SunShine', 'GHI', 'Panel_Temp', 'DC_Power', 'Month', 'Hour', 'DC_Power_Level']
2026-09-13 17:04:58,574 - graph.multi_graph - INFO - Graph graph_1 edges: {'GHI': ['DC_Power', 'Panel_Temp'], 'Ambient_Temp': ['Panel_Temp', 'Humidity'], 'Panel_Temp': ['DC_Power'], 'Wind_Speed': ['Ambient_Temp', 'Humidity'], 'Hour': ['GHI', 'Ambient_Temp'], 'Month': ['GHI'], 'SunShine': ['DC_Power'], 'Pressure': [], 'Humidity': ['DC_Power']}
2026-09-13 17:04:58,623 - graph.multi_graph - INFO - Graph graph_2 edges: {'GHI': ['DC_Power', 'Panel_Temp'], 'Ambient_Temp': ['Panel_Temp', 'Humidity'], 'Panel_Temp': ['DC_Power'], 'Wind_Speed': ['Ambient_Temp'], 'Hour': ['GHI', 'Ambient_Temp'], 'Month': ['GHI'], 'Humidity': ['DC_Power']}
2026-09-13 17:04:58,649 - graph.multi_graph - INFO - Graph graph_3 edges: {'GHI': ['DC_Power', 'Panel_Temp'], 'Panel_Temp': ['DC_Power'], 'Ambient_Temp': ['DC_Power', 'Panel_Temp', 'Humidity'], 'Wind_Speed': ['DC_Power', 'Panel_Temp', 'Ambient_Temp', 'Humidity'], 'Humidity': ['DC_Power'], 'Hour': ['Ambient_Temp'], 'Month': ['Ambient_Temp', 'Humidity']}
2026-09-13 17:04:58,692 - experiments.runner - INFO - ============================================================
2026-09-13 17:04:58,720 - experiments.runner - INFO - Processing graph: graph_1
2026-09-13 17:04:58,745 - experiments.runner - INFO - ============================================================
2026-09-13 17:04:58,768 - experiments.runner - INFO - Exact match: 'GHI' -> 'GHI'
2026-09-13 17:04:58,838 - experiments.runner - INFO - Exact match: 'DC_Power' -> 'DC_Power'
2026-09-13 17:04:58,892 - experiments.runner - INFO - Exact match: 'Panel_Temp' -> 'Panel_Temp'
2026-09-13 17:04:58,927 - experiments.runner - INFO - Exact match: 'Ambient_Temp' -> 'Ambient_Temp'
2026-09-13 17:04:58,963 - experiments.runner - INFO - Exact match: 'Humidity' -> 'Humidity'
2026-09-13 17:04:58,982 - experiments.runner - INFO - Exact match: 'Wind_Speed' -> 'Wind_Speed'
2026-09-13 17:04:59,006 - experiments.runner - INFO - Exact match: 'Hour' -> 'Hour'
2026-09-13 17:04:59,044 - experiments.runner - INFO - Exact match: 'Month' -> 'Month'
2026-09-13 17:04:59,068 - experiments.runner - INFO - Exact match: 'SunShine' -> 'SunShine'
2026-09-13 17:04:59,099 - experiments.runner - INFO - Estimating DRWs with alpha=0.001...
2026-09-13 17:04:59,188 - graph.ridge_estimator - INFO - DRW coefficients for GHI (parents ['Hour', 'Month']): {'Hour': np.float64(0.09191525046233252), 'Month': np.float64(-0.0702043234618354)}
2026-09-13 17:04:59,217 - graph.ridge_estimator - INFO - R² for node GHI: 0.0137
2026-09-13 17:04:59,250 - graph.ridge_estimator - INFO - DRW coefficients for DC_Power (parents ['GHI', 'Panel_Temp', 'SunShine', 'Humidity']): {'GHI': np.float64(0.34626309261009086), 'Panel_Temp': np.float64(0.6712819204539988), 'SunShine': np.float64(-0.29873619633161985), 'Humidity': np.float64(0.026519115821653703)}
2026-09-13 17:04:59,296 - graph.ridge_estimator - INFO - R² for node DC_Power: 0.8212
2026-09-13 17:04:59,344 - graph.ridge_estimator - INFO - DRW coefficients for Panel_Temp (parents ['GHI', 'Ambient_Temp']): {'GHI': np.float64(0.3283308196366098), 'Ambient_Temp': np.float64(0.7218487637709391)}
2026-09-13 17:04:59,371 - graph.ridge_estimator - INFO - R² for node Panel_Temp: 0.8695
2026-09-13 17:04:59,396 - graph.ridge_estimator - INFO - DRW coefficients for Ambient_Temp (parents ['Wind_Speed', 'Hour']): {'Wind_Speed': np.float64(0.32398615695559935), 'Hour': np.float64(0.3873885407511019)}
2026-09-13 17:04:59,421 - graph.ridge_estimator - INFO - R² for node Ambient_Temp: 0.2715
2026-09-13 17:04:59,450 - graph.ridge_estimator - INFO - DRW coefficients for Humidity (parents ['Ambient_Temp', 'Wind_Speed']): {'Ambient_Temp': np.float64(-0.6551916119343523), 'Wind_Speed': np.float64(-0.09802396605255873)}
2026-09-13 17:04:59,486 - graph.ridge_estimator - INFO - R² for node Humidity: 0.4838
2026-09-13 17:04:59,516 - graph.ridge_estimator - INFO - DRW estimation complete for 5 nodes
2026-09-13 17:04:59,539 - graph.ridge_estimator - INFO - DRW dictionary: {'GHI': {'Hour': np.float64(0.5669596103510995), 'Month': np.float64(0.43304038964890046)}, 'DC_Power': {'GHI': np.float64(0.25786640508449393), 'Panel_Temp': np.float64(0.4999119436058643), 'SunShine': np.float64(0.22247253796521269), 'Humidity': np.float64(0.0197491133444289)}, 'Panel_Temp': {'GHI': np.float64(0.31264254687875864), 'Ambient_Temp': np.float64(0.6873574531212414)}, 'Ambient_Temp': {'Wind_Speed': np.float64(0.45543671710569944), 'Hour': np.float64(0.5445632828943006)}, 'Humidity': {'Ambient_Temp': np.float64(0.8698593484822188), 'Wind_Speed': np.float64(0.1301406515177812)}}
2026-09-13 17:04:59,559 - graph.ridge_estimator - INFO - R² scores: {'GHI': 0.013653082575271758, 'DC_Power': 0.8212201343982459, 'Panel_Temp': 0.8695267881976556, 'Ambient_Temp': 0.27150220660700397, 'Humidity': 0.48376455345814096, 'Wind_Speed': 0.0, 'Hour': 0.0, 'Month': 0.0, 'SunShine': 0.0}
2026-09-13 17:04:59,576 - experiments.runner - INFO - DRW estimation complete for 5 nodes
2026-09-13 17:04:59,625 - experiments.runner - INFO - Computing DPWs for target: DC_Power
2026-09-13 17:04:59,643 - graph.domain_prior - INFO - Final DPW for input features (with intrinsic): {'GHI': np.float64(0.2568620495335465), 'Ambient_Temp': np.float64(0.2003241899779219), 'Panel_Temp': np.float64(0.32610167883871227), 'Wind_Speed': np.float64(0.025581563663868715), 'Humidity': np.float64(0.012882706843811306), 'Pressure': np.float64(0.0), 'SunShine': np.float64(0.14512289424947833), 'Hour': np.float64(0.03160626209923311), 'Month': np.float64(0.0015186547934278182)}
2026-09-13 17:04:59,658 - experiments.runner - INFO - Raw DPW for graph_1: {'GHI': np.float64(0.2568620495335465), 'Ambient_Temp': np.float64(0.2003241899779219), 'Panel_Temp': np.float64(0.32610167883871227), 'Wind_Speed': np.float64(0.025581563663868715), 'Humidity': np.float64(0.012882706843811306), 'Pressure': np.float64(0.0), 'SunShine': np.float64(0.14512289424947833), 'Hour': np.float64(0.03160626209923311), 'Month': np.float64(0.0015186547934278182)}
2026-09-13 17:04:59,691 - experiments.runner - INFO - R² used for intrinsic γ: {'GHI': 0.013653082575271758, 'DC_Power': 0.8212201343982459, 'Panel_Temp': 0.8695267881976556, 'Ambient_Temp': 0.27150220660700397, 'Humidity': 0.48376455345814096, 'Wind_Speed': 0.0, 'Hour': 0.0, 'Month': 0.0, 'SunShine': 0.0}
2026-09-13 17:04:59,707 - experiments.runner - INFO - Filtered DPW (pre-smooth) for graph_1: {'GHI': np.float64(0.2568620495335465), 'Ambient_Temp': np.float64(0.2003241899779219), 'Panel_Temp': np.float64(0.32610167883871227), 'Wind_Speed': np.float64(0.025581563663868715), 'Humidity': np.float64(0.012882706843811306), 'Pressure': np.float64(0.0), 'SunShine': np.float64(0.14512289424947833), 'Hour': np.float64(0.03160626209923311), 'Month': np.float64(0.0015186547934278182)}
2026-09-13 17:04:59,733 - experiments.runner - INFO - Training sampling P (α=0.3) for graph_1: {'GHI': 0.21313676800681589, 'Ambient_Temp': 0.17356026631787863, 'Panel_Temp': 0.26160450852043193, 'Wind_Speed': 0.05124042789804143, 'Humidity': 0.042351228124001244, 'Pressure': 0.03333333333333333, 'SunShine': 0.13491935930796817, 'Hour': 0.055457716802796514, 'Month': 0.034396391688732805}
2026-09-13 17:04:59,751 - experiments.runner - INFO - ============================================================
2026-09-13 17:04:59,780 - experiments.runner - INFO - Processing graph: graph_2
2026-09-13 17:04:59,800 - experiments.runner - INFO - ============================================================
2026-09-13 17:04:59,865 - experiments.runner - INFO - Exact match: 'GHI' -> 'GHI'
2026-09-13 17:04:59,892 - experiments.runner - INFO - Exact match: 'DC_Power' -> 'DC_Power'
2026-09-13 17:04:59,925 - experiments.runner - INFO - Exact match: 'Panel_Temp' -> 'Panel_Temp'
2026-09-13 17:04:59,967 - experiments.runner - INFO - Exact match: 'Ambient_Temp' -> 'Ambient_Temp'
2026-09-13 17:05:00,009 - experiments.runner - INFO - Exact match: 'Humidity' -> 'Humidity'
2026-09-13 17:05:00,076 - experiments.runner - INFO - Exact match: 'Wind_Speed' -> 'Wind_Speed'
2026-09-13 17:05:00,102 - experiments.runner - INFO - Exact match: 'Hour' -> 'Hour'
2026-09-13 17:05:00,122 - experiments.runner - INFO - Exact match: 'Month' -> 'Month'
2026-09-13 17:05:00,138 - experiments.runner - INFO - Estimating DRWs with alpha=0.001...
2026-09-13 17:05:00,231 - graph.ridge_estimator - INFO - DRW coefficients for GHI (parents ['Hour', 'Month']): {'Hour': np.float64(0.09191525046233252), 'Month': np.float64(-0.0702043234618354)}
2026-09-13 17:05:00,254 - graph.ridge_estimator - INFO - R² for node GHI: 0.0137
2026-09-13 17:05:00,288 - graph.ridge_estimator - INFO - DRW coefficients for DC_Power (parents ['GHI', 'Panel_Temp', 'Humidity']): {'GHI': np.float64(0.3804491661695964), 'Panel_Temp': np.float64(0.6744658906065989), 'Humidity': np.float64(0.20322399319262252)}
2026-09-13 17:05:00,313 - graph.ridge_estimator - INFO - R² for node DC_Power: 0.7582
2026-09-13 17:05:00,340 - graph.ridge_estimator - INFO - DRW coefficients for Panel_Temp (parents ['GHI', 'Ambient_Temp']): {'GHI': np.float64(0.3283308196366098), 'Ambient_Temp': np.float64(0.7218487637709391)}
2026-09-13 17:05:00,445 - graph.ridge_estimator - INFO - R² for node Panel_Temp: 0.8695
2026-09-13 17:05:00,476 - graph.ridge_estimator - INFO - DRW coefficients for Ambient_Temp (parents ['Wind_Speed', 'Hour']): {'Wind_Speed': np.float64(0.32398615695559935), 'Hour': np.float64(0.3873885407511019)}
2026-09-13 17:05:00,501 - graph.ridge_estimator - INFO - R² for node Ambient_Temp: 0.2715
2026-09-13 17:05:00,527 - graph.ridge_estimator - INFO - DRW coefficients for Humidity (parents ['Ambient_Temp']): {'Ambient_Temp': np.float64(-0.6894408405502239)}
2026-09-13 17:05:00,591 - graph.ridge_estimator - INFO - R² for node Humidity: 0.4753
2026-09-13 17:05:00,610 - graph.ridge_estimator - INFO - DRW estimation complete for 5 nodes
2026-09-13 17:05:00,634 - graph.ridge_estimator - INFO - DRW dictionary: {'GHI': {'Hour': np.float64(0.5669596103510995), 'Month': np.float64(0.43304038964890046)}, 'DC_Power': {'GHI': np.float64(0.3023903964979273), 'Panel_Temp': np.float64(0.5360821529411356), 'Humidity': np.float64(0.16152745056093704)}, 'Panel_Temp': {'GHI': np.float64(0.31264254687875864), 'Ambient_Temp': np.float64(0.6873574531212414)}, 'Ambient_Temp': {'Wind_Speed': np.float64(0.45543671710569944), 'Hour': np.float64(0.5445632828943006)}, 'Humidity': {'Ambient_Temp': np.float64(1.0)}}
2026-09-13 17:05:00,655 - graph.ridge_estimator - INFO - R² scores: {'GHI': 0.013653082575271758, 'DC_Power': 0.7581584922917597, 'Panel_Temp': 0.8695267881976556, 'Ambient_Temp': 0.27150220660700397, 'Humidity': 0.4753288710442609, 'Wind_Speed': 0.0, 'Hour': 0.0, 'Month': 0.0}
2026-09-13 17:05:00,674 - experiments.runner - INFO - DRW estimation complete for 5 nodes
2026-09-13 17:05:00,705 - experiments.runner - INFO - Computing DPWs for target: DC_Power
2026-09-13 17:05:00,722 - graph.domain_prior - INFO - Final DPW for input features (with intrinsic): {'GHI': np.float64(0.270464649611155), 'Ambient_Temp': np.float64(0.23971815731815185), 'Panel_Temp': np.float64(0.3235510247827767), 'Wind_Speed': np.float64(0.029641647247313774), 'Humidity': np.float64(0.0974894834174402), 'Pressure': np.float64(0.0), 'SunShine': np.float64(0.0), 'Hour': np.float64(0.037535959684904696), 'Month': np.float64(0.0015990779382577195)}
2026-09-13 17:05:00,736 - experiments.runner - INFO - Raw DPW for graph_2: {'GHI': np.float64(0.270464649611155), 'Ambient_Temp': np.float64(0.23971815731815185), 'Panel_Temp': np.float64(0.3235510247827767), 'Wind_Speed': np.float64(0.029641647247313774), 'Humidity': np.float64(0.0974894834174402), 'Pressure': np.float64(0.0), 'SunShine': np.float64(0.0), 'Hour': np.float64(0.037535959684904696), 'Month': np.float64(0.0015990779382577195)}
2026-09-13 17:05:00,772 - experiments.runner - INFO - R² used for intrinsic γ: {'GHI': 0.013653082575271758, 'DC_Power': 0.7581584922917597, 'Panel_Temp': 0.8695267881976556, 'Ambient_Temp': 0.27150220660700397, 'Humidity': 0.4753288710442609, 'Wind_Speed': 0.0, 'Hour': 0.0, 'Month': 0.0}
2026-09-13 17:05:00,839 - experiments.runner - INFO - Filtered DPW (pre-smooth) for graph_2: {'GHI': np.float64(0.270464649611155), 'Ambient_Temp': np.float64(0.23971815731815185), 'Panel_Temp': np.float64(0.3235510247827767), 'Wind_Speed': np.float64(0.029641647247313774), 'Humidity': np.float64(0.0974894834174402), 'Pressure': np.float64(0.0), 'SunShine': np.float64(0.0), 'Hour': np.float64(0.037535959684904696), 'Month': np.float64(0.0015990779382577195)}
2026-09-13 17:05:00,857 - experiments.runner - INFO - Training sampling P (α=0.3) for graph_2: {'GHI': 0.22265858806114183, 'Ambient_Temp': 0.2011360434560396, 'Panel_Temp': 0.25981905068127703, 'Wind_Speed': 0.054082486406452975, 'Humidity': 0.10157597172554148, 'Pressure': 0.03333333333333333, 'SunShine': 0.03333333333333333, 'Hour': 0.05960850511276662, 'Month': 0.034452687890113735}
2026-09-13 17:05:00,873 - experiments.runner - INFO - ============================================================
2026-09-13 17:05:00,916 - experiments.runner - INFO - Processing graph: graph_3
2026-09-13 17:05:00,935 - experiments.runner - INFO - ============================================================
2026-09-13 17:05:00,968 - experiments.runner - INFO - Exact match: 'GHI' -> 'GHI'
2026-09-13 17:05:00,992 - experiments.runner - INFO - Exact match: 'DC_Power' -> 'DC_Power'
2026-09-13 17:05:01,053 - experiments.runner - INFO - Exact match: 'Panel_Temp' -> 'Panel_Temp'
2026-09-13 17:05:01,067 - experiments.runner - INFO - Exact match: 'Ambient_Temp' -> 'Ambient_Temp'
2026-09-13 17:05:01,107 - experiments.runner - INFO - Exact match: 'Humidity' -> 'Humidity'
2026-09-13 17:05:01,138 - experiments.runner - INFO - Exact match: 'Wind_Speed' -> 'Wind_Speed'
2026-09-13 17:05:01,223 - experiments.runner - INFO - Exact match: 'Hour' -> 'Hour'
2026-09-13 17:05:01,270 - experiments.runner - INFO - Exact match: 'Month' -> 'Month'
2026-09-13 17:05:01,302 - experiments.runner - INFO - Estimating DRWs with alpha=0.001...
2026-09-13 17:05:01,376 - graph.ridge_estimator - INFO - DRW coefficients for DC_Power (parents ['GHI', 'Panel_Temp', 'Ambient_Temp', 'Wind_Speed', 'Humidity']): {'GHI': np.float64(0.204480637446251), 'Panel_Temp': np.float64(1.3289315321446737), 'Ambient_Temp': np.float64(-0.7457558162888255), 'Wind_Speed': np.float64(0.03448776848683779), 'Humidity': np.float64(0.015102642108431685)}
2026-09-13 17:05:01,408 - graph.ridge_estimator - INFO - R² for node DC_Power: 0.8445
2026-09-13 17:05:01,448 - graph.ridge_estimator - INFO - DRW coefficients for Panel_Temp (parents ['GHI', 'Ambient_Temp', 'Wind_Speed']): {'GHI': np.float64(0.3025342658600985), 'Ambient_Temp': np.float64(0.6901831211685034), 'Wind_Speed': np.float64(0.1281146428945451)}
2026-09-13 17:05:01,491 - graph.ridge_estimator - INFO - R² for node Panel_Temp: 0.8834
2026-09-13 17:05:01,537 - graph.ridge_estimator - INFO - DRW coefficients for Ambient_Temp (parents ['Wind_Speed', 'Hour', 'Month']): {'Wind_Speed': np.float64(0.29163078029434875), 'Hour': np.float64(0.3955494906933935), 'Month': np.float64(0.282348148432042)}
2026-09-13 17:05:01,573 - graph.ridge_estimator - INFO - R² for node Ambient_Temp: 0.3501
2026-09-13 17:05:01,617 - graph.ridge_estimator - INFO - DRW coefficients for Humidity (parents ['Ambient_Temp', 'Wind_Speed', 'Month']): {'Ambient_Temp': np.float64(-0.7529004640516184), 'Wind_Speed': np.float64(-0.10004078680741665), 'Month': np.float64(0.32082160804206583)}
2026-09-13 17:05:01,643 - graph.ridge_estimator - INFO - R² for node Humidity: 0.5770
2026-09-13 17:05:01,679 - graph.ridge_estimator - INFO - DRW estimation complete for 4 nodes
2026-09-13 17:05:01,704 - graph.ridge_estimator - INFO - DRW dictionary: {'DC_Power': {'GHI': np.float64(0.08780672042053311), 'Panel_Temp': np.float64(0.5706609728841956), 'Ambient_Temp': np.float64(0.320237521169073), 'Wind_Speed': np.float64(0.014809509023796123), 'Humidity': np.float64(0.006485276502402379)}, 'Panel_Temp': {'GHI': np.float64(0.26991936149508733), 'Ambient_Temp': np.float64(0.6157774784646614), 'Wind_Speed': np.float64(0.11430316004025119)}, 'Ambient_Temp': {'Wind_Speed': np.float64(0.3007965258706657), 'Hour': np.float64(0.40798132656091785), 'Month': np.float64(0.29122214756841647)}, 'Humidity': {'Ambient_Temp': np.float64(0.6414417174151328), 'Wind_Speed': np.float64(0.08523083351016639), 'Month': np.float64(0.27332744907470075)}}
2026-09-13 17:05:01,725 - graph.ridge_estimator - INFO - R² scores: {'GHI': 0.0, 'DC_Power': 0.8444608702250931, 'Panel_Temp': 0.8834425082770287, 'Ambient_Temp': 0.350143882471891, 'Humidity': 0.5770023350339799, 'Wind_Speed': 0.0, 'Hour': 0.0, 'Month': 0.0}
2026-09-13 17:05:01,743 - experiments.runner - INFO - DRW estimation complete for 4 nodes
2026-09-13 17:05:01,767 - experiments.runner - INFO - Computing DPWs for target: DC_Power
2026-09-13 17:05:01,810 - graph.domain_prior - INFO - Final DPW for input features (with intrinsic): {'GHI': np.float64(0.1294467373958688), 'Ambient_Temp': np.float64(0.3660356989105594), 'Panel_Temp': np.float64(0.3299462943296303), 'Wind_Speed': np.float64(0.08061670578130667), 'Humidity': np.float64(0.003749674590249085), 'Pressure': np.float64(0.0), 'SunShine': np.float64(0.0), 'Hour': np.float64(0.05228899229753947), 'Month': np.float64(0.03791589669484631)}
2026-09-13 17:05:01,855 - experiments.runner - INFO - Raw DPW for graph_3: {'GHI': np.float64(0.1294467373958688), 'Ambient_Temp': np.float64(0.3660356989105594), 'Panel_Temp': np.float64(0.3299462943296303), 'Wind_Speed': np.float64(0.08061670578130667), 'Humidity': np.float64(0.003749674590249085), 'Pressure': np.float64(0.0), 'SunShine': np.float64(0.0), 'Hour': np.float64(0.05228899229753947), 'Month': np.float64(0.03791589669484631)}
2026-09-13 17:05:01,899 - experiments.runner - INFO - R² used for intrinsic γ: {'GHI': 0.0, 'DC_Power': 0.8444608702250931, 'Panel_Temp': 0.8834425082770287, 'Ambient_Temp': 0.350143882471891, 'Humidity': 0.5770023350339799, 'Wind_Speed': 0.0, 'Hour': 0.0, 'Month': 0.0}
2026-09-13 17:05:01,925 - experiments.runner - INFO - Filtered DPW (pre-smooth) for graph_3: {'GHI': np.float64(0.1294467373958688), 'Ambient_Temp': np.float64(0.3660356989105594), 'Panel_Temp': np.float64(0.3299462943296303), 'Wind_Speed': np.float64(0.08061670578130667), 'Humidity': np.float64(0.003749674590249085), 'Pressure': np.float64(0.0), 'SunShine': np.float64(0.0), 'Hour': np.float64(0.05228899229753947), 'Month': np.float64(0.03791589669484631)}
2026-09-13 17:05:01,988 - experiments.runner - INFO - Training sampling P (α=0.3) for graph_3: {'GHI': 0.12394604951044147, 'Ambient_Temp': 0.2895583225707249, 'Panel_Temp': 0.2642957393640745, 'Wind_Speed': 0.089765027380248, 'Humidity': 0.03595810554650769, 'Pressure': 0.03333333333333333, 'SunShine': 0.03333333333333333, 'Hour': 0.06993562794161096, 'Month': 0.05987446101972575}
2026-09-13 17:05:02,020 - experiments.runner - INFO - Baselines: RF + XGBoost always | Domain-weighted experimental: ['bagging'] (bagging.enabled=True, boosting.enabled=False, experiment_type=AlgorithmType.COMPARISON)
2026-09-13 17:05:02,042 - experiments.runner - INFO - Total tasks: 180
2026-09-13 17:05:08,348 - experiments.runner - INFO - Starting DARF V4 experiment: DARF
2026-09-13 17:05:08,369 - experiments.runner - INFO - MAPE near-zero floor (mape_threshold) set to: 5.1 (physical units after inverse-scaling y)
2026-09-13 17:05:08,389 - data.loader - INFO - Loading data from C:/Users/User/OneDrive/Personal/Masters/MPhil Electrical Engineering/MPhil/Research Papers/3_Technical paper/Riverside_data_dwrf.csv
2026-09-13 17:05:08,485 - experiments.runner - INFO - Preprocessing time: 0.096 seconds
2026-09-13 17:05:08,522 - experiments.runner - INFO - Data shapes: X_train=(3353, 9), X_test=(719, 9)
2026-09-13 17:05:08,548 - experiments.runner - INFO - Feature names: ['GHI', 'Ambient_Temp', 'Panel_Temp', 'Wind_Speed', 'Humidity', 'Pressure', 'SunShine', 'Hour', 'Month']
2026-09-13 17:05:08,566 - experiments.runner - INFO - Target column: DC_Power
2026-09-13 17:05:08,584 - experiments.runner - INFO - Full DataFrame columns: ['timestamp', 'Ambient_Temp', 'Humidity', 'Pressure', 'Wind_Speed', 'SunShine', 'GHI', 'Panel_Temp', 'DC_Power', 'Month', 'Hour', 'DC_Power_Level']
2026-09-13 17:05:08,603 - graph.multi_graph - INFO - Graph graph_1 edges: {'GHI': ['DC_Power', 'Panel_Temp'], 'Ambient_Temp': ['Panel_Temp', 'Humidity'], 'Panel_Temp': ['DC_Power'], 'Wind_Speed': ['Ambient_Temp', 'Humidity'], 'Hour': ['GHI', 'Ambient_Temp'], 'Month': ['GHI'], 'SunShine': ['DC_Power'], 'Pressure': [], 'Humidity': ['DC_Power']}
2026-09-13 17:05:08,632 - graph.multi_graph - INFO - Graph graph_2 edges: {'GHI': ['DC_Power', 'Panel_Temp'], 'Ambient_Temp': ['Panel_Temp', 'Humidity'], 'Panel_Temp': ['DC_Power'], 'Wind_Speed': ['Ambient_Temp'], 'Hour': ['GHI', 'Ambient_Temp'], 'Month': ['GHI'], 'Humidity': ['DC_Power']}
2026-09-13 17:05:08,651 - graph.multi_graph - INFO - Graph graph_3 edges: {'GHI': ['DC_Power', 'Panel_Temp'], 'Panel_Temp': ['DC_Power'], 'Ambient_Temp': ['DC_Power', 'Panel_Temp', 'Humidity'], 'Wind_Speed': ['DC_Power', 'Panel_Temp', 'Ambient_Temp', 'Humidity'], 'Humidity': ['DC_Power'], 'Hour': ['Ambient_Temp'], 'Month': ['Ambient_Temp', 'Humidity']}
2026-09-13 17:05:08,668 - experiments.runner - INFO - ============================================================
2026-09-13 17:05:08,701 - experiments.runner - INFO - Processing graph: graph_1
2026-09-13 17:05:08,735 - experiments.runner - INFO - ============================================================
2026-09-13 17:05:08,771 - experiments.runner - INFO - Exact match: 'GHI' -> 'GHI'
2026-09-13 17:05:08,797 - experiments.runner - INFO - Exact match: 'DC_Power' -> 'DC_Power'
2026-09-13 17:05:08,818 - experiments.runner - INFO - Exact match: 'Panel_Temp' -> 'Panel_Temp'
2026-09-13 17:05:08,836 - experiments.runner - INFO - Exact match: 'Ambient_Temp' -> 'Ambient_Temp'
2026-09-13 17:05:08,865 - experiments.runner - INFO - Exact match: 'Humidity' -> 'Humidity'
2026-09-13 17:05:08,887 - experiments.runner - INFO - Exact match: 'Wind_Speed' -> 'Wind_Speed'
2026-09-13 17:05:08,905 - experiments.runner - INFO - Exact match: 'Hour' -> 'Hour'
2026-09-13 17:05:08,922 - experiments.runner - INFO - Exact match: 'Month' -> 'Month'
2026-09-13 17:05:08,953 - experiments.runner - INFO - Exact match: 'SunShine' -> 'SunShine'
2026-09-13 17:05:08,988 - experiments.runner - INFO - Estimating DRWs with alpha=0.001...
2026-09-13 17:05:09,021 - graph.ridge_estimator - INFO - DRW coefficients for GHI (parents ['Hour', 'Month']): {'Hour': np.float64(0.09191525046233252), 'Month': np.float64(-0.0702043234618354)}
2026-09-13 17:05:09,049 - graph.ridge_estimator - INFO - R² for node GHI: 0.0137
2026-09-13 17:05:09,079 - graph.ridge_estimator - INFO - DRW coefficients for DC_Power (parents ['GHI', 'Panel_Temp', 'SunShine', 'Humidity']): {'GHI': np.float64(0.34626309261009086), 'Panel_Temp': np.float64(0.6712819204539988), 'SunShine': np.float64(-0.29873619633161985), 'Humidity': np.float64(0.026519115821653703)}
2026-09-13 17:05:09,103 - graph.ridge_estimator - INFO - R² for node DC_Power: 0.8212
2026-09-13 17:05:09,128 - graph.ridge_estimator - INFO - DRW coefficients for Panel_Temp (parents ['GHI', 'Ambient_Temp']): {'GHI': np.float64(0.3283308196366098), 'Ambient_Temp': np.float64(0.7218487637709391)}
2026-09-13 17:05:09,156 - graph.ridge_estimator - INFO - R² for node Panel_Temp: 0.8695
2026-09-13 17:05:09,179 - graph.ridge_estimator - INFO - DRW coefficients for Ambient_Temp (parents ['Wind_Speed', 'Hour']): {'Wind_Speed': np.float64(0.32398615695559935), 'Hour': np.float64(0.3873885407511019)}
2026-09-13 17:05:09,218 - graph.ridge_estimator - INFO - R² for node Ambient_Temp: 0.2715
2026-09-13 17:05:09,247 - graph.ridge_estimator - INFO - DRW coefficients for Humidity (parents ['Ambient_Temp', 'Wind_Speed']): {'Ambient_Temp': np.float64(-0.6551916119343523), 'Wind_Speed': np.float64(-0.09802396605255873)}
2026-09-13 17:05:09,269 - graph.ridge_estimator - INFO - R² for node Humidity: 0.4838
2026-09-13 17:05:09,290 - graph.ridge_estimator - INFO - DRW estimation complete for 5 nodes
2026-09-13 17:05:09,317 - graph.ridge_estimator - INFO - DRW dictionary: {'GHI': {'Hour': np.float64(0.5669596103510995), 'Month': np.float64(0.43304038964890046)}, 'DC_Power': {'GHI': np.float64(0.25786640508449393), 'Panel_Temp': np.float64(0.4999119436058643), 'SunShine': np.float64(0.22247253796521269), 'Humidity': np.float64(0.0197491133444289)}, 'Panel_Temp': {'GHI': np.float64(0.31264254687875864), 'Ambient_Temp': np.float64(0.6873574531212414)}, 'Ambient_Temp': {'Wind_Speed': np.float64(0.45543671710569944), 'Hour': np.float64(0.5445632828943006)}, 'Humidity': {'Ambient_Temp': np.float64(0.8698593484822188), 'Wind_Speed': np.float64(0.1301406515177812)}}
2026-09-13 17:05:09,334 - graph.ridge_estimator - INFO - R² scores: {'GHI': 0.013653082575271758, 'DC_Power': 0.8212201343982459, 'Panel_Temp': 0.8695267881976556, 'Ambient_Temp': 0.27150220660700397, 'Humidity': 0.48376455345814096, 'Wind_Speed': 0.0, 'Hour': 0.0, 'Month': 0.0, 'SunShine': 0.0}
2026-09-13 17:05:09,363 - experiments.runner - INFO - DRW estimation complete for 5 nodes
2026-09-13 17:05:09,389 - experiments.runner - INFO - Computing DPWs for target: DC_Power
2026-09-13 17:05:09,425 - graph.domain_prior - INFO - Final DPW for input features (with intrinsic): {'GHI': np.float64(0.2568620495335465), 'Ambient_Temp': np.float64(0.2003241899779219), 'Panel_Temp': np.float64(0.32610167883871227), 'Wind_Speed': np.float64(0.025581563663868715), 'Humidity': np.float64(0.012882706843811306), 'Pressure': np.float64(0.0), 'SunShine': np.float64(0.14512289424947833), 'Hour': np.float64(0.03160626209923311), 'Month': np.float64(0.0015186547934278182)}
2026-09-13 17:05:09,449 - experiments.runner - INFO - Raw DPW for graph_1: {'GHI': np.float64(0.2568620495335465), 'Ambient_Temp': np.float64(0.2003241899779219), 'Panel_Temp': np.float64(0.32610167883871227), 'Wind_Speed': np.float64(0.025581563663868715), 'Humidity': np.float64(0.012882706843811306), 'Pressure': np.float64(0.0), 'SunShine': np.float64(0.14512289424947833), 'Hour': np.float64(0.03160626209923311), 'Month': np.float64(0.0015186547934278182)}
2026-09-13 17:05:09,472 - experiments.runner - INFO - R² used for intrinsic γ: {'GHI': 0.013653082575271758, 'DC_Power': 0.8212201343982459, 'Panel_Temp': 0.8695267881976556, 'Ambient_Temp': 0.27150220660700397, 'Humidity': 0.48376455345814096, 'Wind_Speed': 0.0, 'Hour': 0.0, 'Month': 0.0, 'SunShine': 0.0}
2026-09-13 17:05:09,497 - experiments.runner - INFO - Filtered DPW (pre-smooth) for graph_1: {'GHI': np.float64(0.2568620495335465), 'Ambient_Temp': np.float64(0.2003241899779219), 'Panel_Temp': np.float64(0.32610167883871227), 'Wind_Speed': np.float64(0.025581563663868715), 'Humidity': np.float64(0.012882706843811306), 'Pressure': np.float64(0.0), 'SunShine': np.float64(0.14512289424947833), 'Hour': np.float64(0.03160626209923311), 'Month': np.float64(0.0015186547934278182)}
2026-09-13 17:05:09,514 - experiments.runner - INFO - Training sampling P (α=0.3) for graph_1: {'GHI': 0.21313676800681589, 'Ambient_Temp': 0.17356026631787863, 'Panel_Temp': 0.26160450852043193, 'Wind_Speed': 0.05124042789804143, 'Humidity': 0.042351228124001244, 'Pressure': 0.03333333333333333, 'SunShine': 0.13491935930796817, 'Hour': 0.055457716802796514, 'Month': 0.034396391688732805}
2026-09-13 17:05:09,548 - experiments.runner - INFO - ============================================================
2026-09-13 17:05:09,583 - experiments.runner - INFO - Processing graph: graph_2
2026-09-13 17:05:09,600 - experiments.runner - INFO - ============================================================
2026-09-13 17:05:09,618 - experiments.runner - INFO - Exact match: 'GHI' -> 'GHI'
2026-09-13 17:05:09,651 - experiments.runner - INFO - Exact match: 'DC_Power' -> 'DC_Power'
2026-09-13 17:05:09,677 - experiments.runner - INFO - Exact match: 'Panel_Temp' -> 'Panel_Temp'
2026-09-13 17:05:09,712 - experiments.runner - INFO - Exact match: 'Ambient_Temp' -> 'Ambient_Temp'
2026-09-13 17:05:09,734 - experiments.runner - INFO - Exact match: 'Humidity' -> 'Humidity'
2026-09-13 17:05:09,757 - experiments.runner - INFO - Exact match: 'Wind_Speed' -> 'Wind_Speed'
2026-09-13 17:05:09,773 - experiments.runner - INFO - Exact match: 'Hour' -> 'Hour'
2026-09-13 17:05:09,800 - experiments.runner - INFO - Exact match: 'Month' -> 'Month'
2026-09-13 17:05:09,819 - experiments.runner - INFO - Estimating DRWs with alpha=0.001...
2026-09-13 17:05:09,844 - graph.ridge_estimator - INFO - DRW coefficients for GHI (parents ['Hour', 'Month']): {'Hour': np.float64(0.09191525046233252), 'Month': np.float64(-0.0702043234618354)}
2026-09-13 17:05:09,883 - graph.ridge_estimator - INFO - R² for node GHI: 0.0137
2026-09-13 17:05:09,911 - graph.ridge_estimator - INFO - DRW coefficients for DC_Power (parents ['GHI', 'Panel_Temp', 'Humidity']): {'GHI': np.float64(0.3804491661695964), 'Panel_Temp': np.float64(0.6744658906065989), 'Humidity': np.float64(0.20322399319262252)}
2026-09-13 17:05:09,939 - graph.ridge_estimator - INFO - R² for node DC_Power: 0.7582
2026-09-13 17:05:09,971 - graph.ridge_estimator - INFO - DRW coefficients for Panel_Temp (parents ['GHI', 'Ambient_Temp']): {'GHI': np.float64(0.3283308196366098), 'Ambient_Temp': np.float64(0.7218487637709391)}
2026-09-13 17:05:09,999 - graph.ridge_estimator - INFO - R² for node Panel_Temp: 0.8695
2026-09-13 17:05:10,034 - graph.ridge_estimator - INFO - DRW coefficients for Ambient_Temp (parents ['Wind_Speed', 'Hour']): {'Wind_Speed': np.float64(0.32398615695559935), 'Hour': np.float64(0.3873885407511019)}
2026-09-13 17:05:10,071 - graph.ridge_estimator - INFO - R² for node Ambient_Temp: 0.2715
2026-09-13 17:05:10,103 - graph.ridge_estimator - INFO - DRW coefficients for Humidity (parents ['Ambient_Temp']): {'Ambient_Temp': np.float64(-0.6894408405502239)}
2026-09-13 17:05:10,137 - graph.ridge_estimator - INFO - R² for node Humidity: 0.4753
2026-09-13 17:05:10,168 - graph.ridge_estimator - INFO - DRW estimation complete for 5 nodes
2026-09-13 17:05:10,199 - graph.ridge_estimator - INFO - DRW dictionary: {'GHI': {'Hour': np.float64(0.5669596103510995), 'Month': np.float64(0.43304038964890046)}, 'DC_Power': {'GHI': np.float64(0.3023903964979273), 'Panel_Temp': np.float64(0.5360821529411356), 'Humidity': np.float64(0.16152745056093704)}, 'Panel_Temp': {'GHI': np.float64(0.31264254687875864), 'Ambient_Temp': np.float64(0.6873574531212414)}, 'Ambient_Temp': {'Wind_Speed': np.float64(0.45543671710569944), 'Hour': np.float64(0.5445632828943006)}, 'Humidity': {'Ambient_Temp': np.float64(1.0)}}
2026-09-13 17:05:10,219 - graph.ridge_estimator - INFO - R² scores: {'GHI': 0.013653082575271758, 'DC_Power': 0.7581584922917597, 'Panel_Temp': 0.8695267881976556, 'Ambient_Temp': 0.27150220660700397, 'Humidity': 0.4753288710442609, 'Wind_Speed': 0.0, 'Hour': 0.0, 'Month': 0.0}
2026-09-13 17:05:10,240 - experiments.runner - INFO - DRW estimation complete for 5 nodes
2026-09-13 17:05:10,267 - experiments.runner - INFO - Computing DPWs for target: DC_Power
2026-09-13 17:05:10,285 - graph.domain_prior - INFO - Final DPW for input features (with intrinsic): {'GHI': np.float64(0.270464649611155), 'Ambient_Temp': np.float64(0.23971815731815185), 'Panel_Temp': np.float64(0.3235510247827767), 'Wind_Speed': np.float64(0.029641647247313774), 'Humidity': np.float64(0.0974894834174402), 'Pressure': np.float64(0.0), 'SunShine': np.float64(0.0), 'Hour': np.float64(0.037535959684904696), 'Month': np.float64(0.0015990779382577195)}
2026-09-13 17:05:10,315 - experiments.runner - INFO - Raw DPW for graph_2: {'GHI': np.float64(0.270464649611155), 'Ambient_Temp': np.float64(0.23971815731815185), 'Panel_Temp': np.float64(0.3235510247827767), 'Wind_Speed': np.float64(0.029641647247313774), 'Humidity': np.float64(0.0974894834174402), 'Pressure': np.float64(0.0), 'SunShine': np.float64(0.0), 'Hour': np.float64(0.037535959684904696), 'Month': np.float64(0.0015990779382577195)}
2026-09-13 17:05:10,339 - experiments.runner - INFO - R² used for intrinsic γ: {'GHI': 0.013653082575271758, 'DC_Power': 0.7581584922917597, 'Panel_Temp': 0.8695267881976556, 'Ambient_Temp': 0.27150220660700397, 'Humidity': 0.4753288710442609, 'Wind_Speed': 0.0, 'Hour': 0.0, 'Month': 0.0}
2026-09-13 17:05:10,387 - experiments.runner - INFO - Filtered DPW (pre-smooth) for graph_2: {'GHI': np.float64(0.270464649611155), 'Ambient_Temp': np.float64(0.23971815731815185), 'Panel_Temp': np.float64(0.3235510247827767), 'Wind_Speed': np.float64(0.029641647247313774), 'Humidity': np.float64(0.0974894834174402), 'Pressure': np.float64(0.0), 'SunShine': np.float64(0.0), 'Hour': np.float64(0.037535959684904696), 'Month': np.float64(0.0015990779382577195)}
2026-09-13 17:05:10,420 - experiments.runner - INFO - Training sampling P (α=0.3) for graph_2: {'GHI': 0.22265858806114183, 'Ambient_Temp': 0.2011360434560396, 'Panel_Temp': 0.25981905068127703, 'Wind_Speed': 0.054082486406452975, 'Humidity': 0.10157597172554148, 'Pressure': 0.03333333333333333, 'SunShine': 0.03333333333333333, 'Hour': 0.05960850511276662, 'Month': 0.034452687890113735}
2026-09-13 17:05:10,446 - experiments.runner - INFO - ============================================================
2026-09-13 17:05:10,481 - experiments.runner - INFO - Processing graph: graph_3
2026-09-13 17:05:10,499 - experiments.runner - INFO - ============================================================
2026-09-13 17:05:10,521 - experiments.runner - INFO - Exact match: 'GHI' -> 'GHI'
2026-09-13 17:05:10,567 - experiments.runner - INFO - Exact match: 'DC_Power' -> 'DC_Power'
2026-09-13 17:05:10,621 - experiments.runner - INFO - Exact match: 'Panel_Temp' -> 'Panel_Temp'
2026-09-13 17:05:10,676 - experiments.runner - INFO - Exact match: 'Ambient_Temp' -> 'Ambient_Temp'
2026-09-13 17:05:10,706 - experiments.runner - INFO - Exact match: 'Humidity' -> 'Humidity'
2026-09-13 17:05:10,738 - experiments.runner - INFO - Exact match: 'Wind_Speed' -> 'Wind_Speed'
2026-09-13 17:05:10,771 - experiments.runner - INFO - Exact match: 'Hour' -> 'Hour'
2026-09-13 17:05:10,804 - experiments.runner - INFO - Exact match: 'Month' -> 'Month'
2026-09-13 17:05:10,831 - experiments.runner - INFO - Estimating DRWs with alpha=0.001...
2026-09-13 17:05:10,861 - graph.ridge_estimator - INFO - DRW coefficients for DC_Power (parents ['GHI', 'Panel_Temp', 'Ambient_Temp', 'Wind_Speed', 'Humidity']): {'GHI': np.float64(0.204480637446251), 'Panel_Temp': np.float64(1.3289315321446737), 'Ambient_Temp': np.float64(-0.7457558162888255), 'Wind_Speed': np.float64(0.03448776848683779), 'Humidity': np.float64(0.015102642108431685)}
2026-09-13 17:05:10,895 - graph.ridge_estimator - INFO - R² for node DC_Power: 0.8445
2026-09-13 17:05:10,921 - graph.ridge_estimator - INFO - DRW coefficients for Panel_Temp (parents ['GHI', 'Ambient_Temp', 'Wind_Speed']): {'GHI': np.float64(0.3025342658600985), 'Ambient_Temp': np.float64(0.6901831211685034), 'Wind_Speed': np.float64(0.1281146428945451)}
2026-09-13 17:05:10,972 - graph.ridge_estimator - INFO - R² for node Panel_Temp: 0.8834
2026-09-13 17:05:11,005 - graph.ridge_estimator - INFO - DRW coefficients for Ambient_Temp (parents ['Wind_Speed', 'Hour', 'Month']): {'Wind_Speed': np.float64(0.29163078029434875), 'Hour': np.float64(0.3955494906933935), 'Month': np.float64(0.282348148432042)}
2026-09-13 17:05:11,036 - graph.ridge_estimator - INFO - R² for node Ambient_Temp: 0.3501
2026-09-13 17:05:11,080 - graph.ridge_estimator - INFO - DRW coefficients for Humidity (parents ['Ambient_Temp', 'Wind_Speed', 'Month']): {'Ambient_Temp': np.float64(-0.7529004640516184), 'Wind_Speed': np.float64(-0.10004078680741665), 'Month': np.float64(0.32082160804206583)}
2026-09-13 17:05:11,114 - graph.ridge_estimator - INFO - R² for node Humidity: 0.5770
2026-09-13 17:05:11,139 - graph.ridge_estimator - INFO - DRW estimation complete for 4 nodes
2026-09-13 17:05:11,167 - graph.ridge_estimator - INFO - DRW dictionary: {'DC_Power': {'GHI': np.float64(0.08780672042053311), 'Panel_Temp': np.float64(0.5706609728841956), 'Ambient_Temp': np.float64(0.320237521169073), 'Wind_Speed': np.float64(0.014809509023796123), 'Humidity': np.float64(0.006485276502402379)}, 'Panel_Temp': {'GHI': np.float64(0.26991936149508733), 'Ambient_Temp': np.float64(0.6157774784646614), 'Wind_Speed': np.float64(0.11430316004025119)}, 'Ambient_Temp': {'Wind_Speed': np.float64(0.3007965258706657), 'Hour': np.float64(0.40798132656091785), 'Month': np.float64(0.29122214756841647)}, 'Humidity': {'Ambient_Temp': np.float64(0.6414417174151328), 'Wind_Speed': np.float64(0.08523083351016639), 'Month': np.float64(0.27332744907470075)}}
2026-09-13 17:05:11,199 - graph.ridge_estimator - INFO - R² scores: {'GHI': 0.0, 'DC_Power': 0.8444608702250931, 'Panel_Temp': 0.8834425082770287, 'Ambient_Temp': 0.350143882471891, 'Humidity': 0.5770023350339799, 'Wind_Speed': 0.0, 'Hour': 0.0, 'Month': 0.0}
2026-09-13 17:05:11,223 - experiments.runner - INFO - DRW estimation complete for 4 nodes
2026-09-13 17:05:11,289 - experiments.runner - INFO - Computing DPWs for target: DC_Power
2026-09-13 17:05:11,320 - graph.domain_prior - INFO - Final DPW for input features (with intrinsic): {'GHI': np.float64(0.1294467373958688), 'Ambient_Temp': np.float64(0.3660356989105594), 'Panel_Temp': np.float64(0.3299462943296303), 'Wind_Speed': np.float64(0.08061670578130667), 'Humidity': np.float64(0.003749674590249085), 'Pressure': np.float64(0.0), 'SunShine': np.float64(0.0), 'Hour': np.float64(0.05228899229753947), 'Month': np.float64(0.03791589669484631)}
2026-09-13 17:05:11,351 - experiments.runner - INFO - Raw DPW for graph_3: {'GHI': np.float64(0.1294467373958688), 'Ambient_Temp': np.float64(0.3660356989105594), 'Panel_Temp': np.float64(0.3299462943296303), 'Wind_Speed': np.float64(0.08061670578130667), 'Humidity': np.float64(0.003749674590249085), 'Pressure': np.float64(0.0), 'SunShine': np.float64(0.0), 'Hour': np.float64(0.05228899229753947), 'Month': np.float64(0.03791589669484631)}
2026-09-13 17:05:11,381 - experiments.runner - INFO - R² used for intrinsic γ: {'GHI': 0.0, 'DC_Power': 0.8444608702250931, 'Panel_Temp': 0.8834425082770287, 'Ambient_Temp': 0.350143882471891, 'Humidity': 0.5770023350339799, 'Wind_Speed': 0.0, 'Hour': 0.0, 'Month': 0.0}
2026-09-13 17:05:11,418 - experiments.runner - INFO - Filtered DPW (pre-smooth) for graph_3: {'GHI': np.float64(0.1294467373958688), 'Ambient_Temp': np.float64(0.3660356989105594), 'Panel_Temp': np.float64(0.3299462943296303), 'Wind_Speed': np.float64(0.08061670578130667), 'Humidity': np.float64(0.003749674590249085), 'Pressure': np.float64(0.0), 'SunShine': np.float64(0.0), 'Hour': np.float64(0.05228899229753947), 'Month': np.float64(0.03791589669484631)}
2026-09-13 17:05:11,443 - experiments.runner - INFO - Training sampling P (α=0.3) for graph_3: {'GHI': 0.12394604951044147, 'Ambient_Temp': 0.2895583225707249, 'Panel_Temp': 0.2642957393640745, 'Wind_Speed': 0.089765027380248, 'Humidity': 0.03595810554650769, 'Pressure': 0.03333333333333333, 'SunShine': 0.03333333333333333, 'Hour': 0.06993562794161096, 'Month': 0.05987446101972575}
2026-09-13 17:05:11,483 - experiments.runner - INFO - Baselines: RF + XGBoost always | Domain-weighted experimental: ['bagging'] (bagging.enabled=True, boosting.enabled=False, experiment_type=AlgorithmType.COMPARISON)
2026-09-13 17:05:11,511 - experiments.runner - INFO - Total tasks: 180
2026-09-13 17:26:13,699 - experiments.runner - INFO - Valid results: 180 / 180
2026-09-13 17:26:13,956 - experiments.runner - INFO - RF predictions averaged over 60 runs (physical units)
2026-09-13 17:26:14,005 - experiments.runner - INFO - XGBoost predictions averaged over 60 runs (physical units)
2026-09-13 17:26:14,064 - experiments.runner - INFO - DARF predictions averaged over 60 runs (physical units)
2026-09-13 17:26:14,116 - experiments.runner - INFO - Provisional timing (median over metric runs): {'Preprocessing': 0.09595370292663574, 'Training': {'RF': 7.652646799993818, 'XGBoost': 6.976247600003262, 'DARF': 8.187745600007474}, 'Inference': {'RF': 1.5485150500026066, 'XGBoost': 0.0686225500103319, 'DARF': 1.5615867000014987}, 'Training_CPU': {'RF': 5.859375, 'XGBoost': 2.046875, 'DARF': 6.3125}, 'Inference_CPU': {'RF': 0.421875, 'XGBoost': 0.015625, 'DARF': 0.421875}}
2026-09-13 17:26:14,166 - experiments.runner - INFO - Model result keys: ['graph_1_bagging_rf', 'graph_1_bagging_dwrf', 'graph_1_bagging_xgb', 'graph_2_bagging_rf', 'graph_2_bagging_dwrf', 'graph_2_bagging_xgb', 'graph_3_bagging_rf', 'graph_3_bagging_dwrf', 'graph_3_bagging_xgb']
2026-09-13 17:26:26,877 - analysis.sensitivity - WARNING - full_df_scaled / graphs missing from data_dict – λ-sensitivity will reuse the original DPW (incomplete).
2026-09-13 17:26:26,896 - analysis.sensitivity - INFO - λ-sensitivity: estimating DRW/DPW with λ=0.01
2026-09-13 17:26:36,537 - analysis.sensitivity - INFO - λ=0.01 (seed=10042) → MAE=0.3552, MAPE=77.5527
2026-09-13 17:26:36,571 - analysis.sensitivity - INFO - λ-sensitivity: estimating DRW/DPW with λ=0.05
2026-09-13 17:26:44,960 - analysis.sensitivity - INFO - λ=0.05 (seed=50042) → MAE=0.3726, MAPE=80.0229
2026-09-13 17:26:44,985 - analysis.sensitivity - INFO - λ-sensitivity: estimating DRW/DPW with λ=0.1
2026-09-13 17:26:52,297 - analysis.sensitivity - INFO - λ=0.1 (seed=100042) → MAE=0.3586, MAPE=75.7810
2026-09-13 17:26:52,320 - analysis.sensitivity - INFO - λ-sensitivity: estimating DRW/DPW with λ=0.5
2026-09-13 17:26:58,803 - analysis.sensitivity - INFO - λ=0.5 (seed=500042) → MAE=0.3656, MAPE=79.6570
2026-09-13 17:26:58,821 - analysis.sensitivity - INFO - λ-sensitivity: estimating DRW/DPW with λ=1.0
2026-09-13 17:27:05,072 - analysis.sensitivity - INFO - λ=1.0 (seed=1000042) → MAE=0.3634, MAPE=79.0872
2026-09-13 17:27:05,099 - analysis.sensitivity - INFO - λ-sensitivity: estimating DRW/DPW with λ=2.0
2026-09-13 17:27:11,202 - analysis.sensitivity - INFO - λ=2.0 (seed=2000042) → MAE=0.3672, MAPE=79.7476
2026-09-13 17:27:11,229 - analysis.sensitivity - INFO - λ-sensitivity: estimating DRW/DPW with λ=5.0
2026-09-13 17:27:15,841 - analysis.sensitivity - INFO - λ=5.0 (seed=5000042) → MAE=0.3708, MAPE=81.7319
2026-09-13 17:27:15,858 - analysis.sensitivity - INFO - λ-sensitivity: estimating DRW/DPW with λ=7.0
2026-09-13 17:27:20,943 - analysis.sensitivity - INFO - λ=7.0 (seed=7000042) → MAE=0.3561, MAPE=78.1523
2026-09-13 17:27:20,968 - analysis.sensitivity - INFO - λ-sensitivity: estimating DRW/DPW with λ=10.0
2026-09-13 17:27:27,914 - analysis.sensitivity - INFO - λ=10.0 (seed=10000042) → MAE=0.3687, MAPE=82.6128
2026-09-13 17:27:33,011 - analysis.sensitivity - INFO - α=0.01 (seed=10010042) → MAE=0.3662
2026-09-13 17:27:37,828 - analysis.sensitivity - INFO - α=0.05 (seed=10050042) → MAE=0.3655
2026-09-13 17:27:43,314 - analysis.sensitivity - INFO - α=0.1 (seed=10100042) → MAE=0.3744
2026-09-13 17:27:47,606 - analysis.sensitivity - INFO - α=0.2 (seed=10200042) → MAE=0.3616
2026-09-13 17:27:51,848 - analysis.sensitivity - INFO - α=0.3 (seed=10300042) → MAE=0.3411
2026-09-13 17:27:57,669 - analysis.sensitivity - INFO - α=0.4 (seed=10400042) → MAE=0.3470
2026-09-13 17:28:03,743 - analysis.sensitivity - INFO - α=0.5 (seed=10500042) → MAE=0.3441
2026-09-13 17:28:08,388 - analysis.sensitivity - INFO - α=0.7 (seed=10700042) → MAE=0.3579
2026-09-13 17:28:14,006 - analysis.sensitivity - INFO - α=1.0 (seed=11000042) → MAE=0.3625
2026-09-13 17:28:21,103 - evaluation.metrics - WARNING - mape_threshold=5.1 excluded all 11 points (max |y|=0.08). Falling back to full-set MAPE. Use a smaller floor in the same units as y, or ensure y is inverse-scaled to physical units before metrics.
2026-09-13 17:28:21,121 - evaluation.metrics - WARNING - mape_threshold=5.1 excluded all 11 points (max |y|=0.08). Falling back to full-set MAPE. Use a smaller floor in the same units as y, or ensure y is inverse-scaled to physical units before metrics.
2026-09-13 17:28:21,138 - evaluation.metrics - WARNING - mape_threshold=5.1 excluded all 11 points (max |y|=0.08). Falling back to full-set MAPE. Use a smaller floor in the same units as y, or ensure y is inverse-scaled to physical units before metrics.
2026-09-13 17:28:21,155 - evaluation.metrics - WARNING - mape_threshold=5.1 excluded all 52 points (max |y|=2.75). Falling back to full-set MAPE. Use a smaller floor in the same units as y, or ensure y is inverse-scaled to physical units before metrics.
2026-09-13 17:28:21,171 - evaluation.metrics - WARNING - mape_threshold=5.1 excluded all 52 points (max |y|=2.75). Falling back to full-set MAPE. Use a smaller floor in the same units as y, or ensure y is inverse-scaled to physical units before metrics.
2026-09-13 17:28:21,200 - evaluation.metrics - WARNING - mape_threshold=5.1 excluded all 52 points (max |y|=2.75). Falling back to full-set MAPE. Use a smaller floor in the same units as y, or ensure y is inverse-scaled to physical units before metrics.
2026-09-13 17:28:21,318 - evaluation.metrics - WARNING - mape_threshold=5.1 excluded all 50 points (max |y|=0.85). Falling back to full-set MAPE. Use a smaller floor in the same units as y, or ensure y is inverse-scaled to physical units before metrics.
2026-09-13 17:28:21,335 - evaluation.metrics - WARNING - mape_threshold=5.1 excluded all 50 points (max |y|=0.85). Falling back to full-set MAPE. Use a smaller floor in the same units as y, or ensure y is inverse-scaled to physical units before metrics.
2026-09-13 17:28:21,355 - evaluation.metrics - WARNING - mape_threshold=5.1 excluded all 50 points (max |y|=0.85). Falling back to full-set MAPE. Use a smaller floor in the same units as y, or ensure y is inverse-scaled to physical units before metrics.
2026-09-13 17:28:21,369 - experiments.runner - INFO - Temporal analysis completed (RF, XGBoost, experimental).
2026-09-13 17:28:21,386 - experiments.runner - INFO - Measuring reference timing (fixed seed, single-threaded, 5 repeats)
2026-09-13 17:29:07,051 - experiments.runner - INFO - Reference timing (median of 5 repeats): train wall = {'RF': 2.139796800009208, 'XGBoost': 1.580910100019537, 'DARF': 2.4074984999897424} | train CPU = {'RF': 0.59375, 'XGBoost': 1.421875, 'DARF': 0.46875} | infer wall = {'RF': 0.6185792000032961, 'XGBoost': 0.013846200017724186, 'DARF': 0.6714531000179704} | infer CPU = {'RF': 0.59375, 'XGBoost': 0.015625, 'DARF': 0.640625}
2026-09-13 17:29:07,078 - experiments.runner - INFO - Reference timing installed into results['timing'].
2026-09-13 17:29:07,097 - experiments.runner - INFO - Viz keys: rf=graph_1_bagging_rf, dwrf=graph_1_bagging_dwrf, xgb=graph_1_bagging_xgb
2026-09-13 17:29:07,197 - visualization.plots - INFO - Generating all plots...
2026-09-13 17:29:26,644 - visualization.plots - INFO - All plots generated.
2026-09-13 17:29:26,659 - experiments.runner - INFO - Visualizations generated.
2026-09-13 17:29:26,713 - experiments.runner - INFO - Results saved to dwrf_output\results_summary.json
2026-09-13 17:29:26,730 - experiments.runner - INFO - Experiment completed successfully.
2026-09-13 17:50:25,322 - experiments.runner - INFO - Starting DARF V4 experiment: DARF
2026-09-13 17:50:25,337 - experiments.runner - INFO - MAPE near-zero floor (mape_threshold) set to: 5.1 (physical units after inverse-scaling y)
2026-09-13 17:50:25,354 - data.loader - INFO - Loading data from C:/Users/User/OneDrive/Personal/Masters/MPhil Electrical Engineering/MPhil/Research Papers/3_Technical paper/Riverside_data_dwrf.csv
2026-09-13 17:50:25,487 - experiments.runner - INFO - Preprocessing time: 0.133 seconds
2026-09-13 17:50:25,527 - experiments.runner - INFO - Data shapes: X_train=(3353, 9), X_test=(719, 9)
2026-09-13 17:50:25,542 - experiments.runner - INFO - Feature names: ['GHI', 'Ambient_Temp', 'Panel_Temp', 'Wind_Speed', 'Humidity', 'Pressure', 'SunShine', 'Hour', 'Month']
2026-09-13 17:50:25,571 - experiments.runner - INFO - Target column: DC_Power
2026-09-13 17:50:25,594 - experiments.runner - INFO - Full DataFrame columns: ['timestamp', 'Ambient_Temp', 'Humidity', 'Pressure', 'Wind_Speed', 'SunShine', 'GHI', 'Panel_Temp', 'DC_Power', 'Month', 'Hour', 'DC_Power_Level']
2026-09-13 17:50:25,611 - graph.multi_graph - INFO - Graph graph_1 edges: {'GHI': ['DC_Power', 'Panel_Temp'], 'Ambient_Temp': ['Panel_Temp', 'Humidity'], 'Panel_Temp': ['DC_Power'], 'Wind_Speed': ['Ambient_Temp', 'Humidity'], 'Hour': ['GHI', 'Ambient_Temp'], 'Month': ['GHI'], 'SunShine': ['DC_Power'], 'Pressure': [], 'Humidity': ['DC_Power']}
2026-09-13 17:50:25,633 - graph.multi_graph - INFO - Graph graph_2 edges: {'GHI': ['DC_Power', 'Panel_Temp'], 'Ambient_Temp': ['Panel_Temp', 'Humidity'], 'Panel_Temp': ['DC_Power'], 'Wind_Speed': ['Ambient_Temp'], 'Hour': ['GHI', 'Ambient_Temp'], 'Month': ['GHI'], 'Humidity': ['DC_Power']}
2026-09-13 17:50:25,650 - graph.multi_graph - INFO - Graph graph_3 edges: {'GHI': ['DC_Power', 'Panel_Temp'], 'Panel_Temp': ['DC_Power'], 'Ambient_Temp': ['DC_Power', 'Panel_Temp', 'Humidity'], 'Wind_Speed': ['DC_Power', 'Panel_Temp', 'Ambient_Temp', 'Humidity'], 'Humidity': ['DC_Power'], 'Hour': ['Ambient_Temp'], 'Month': ['Ambient_Temp', 'Humidity']}
2026-09-13 17:50:25,666 - experiments.runner - INFO - ============================================================
2026-09-13 17:50:25,682 - experiments.runner - INFO - Processing graph: graph_1
2026-09-13 17:50:25,695 - experiments.runner - INFO - ============================================================
2026-09-13 17:50:25,711 - experiments.runner - INFO - Exact match: 'GHI' -> 'GHI'
2026-09-13 17:50:25,725 - experiments.runner - INFO - Exact match: 'DC_Power' -> 'DC_Power'
2026-09-13 17:50:25,750 - experiments.runner - INFO - Exact match: 'Panel_Temp' -> 'Panel_Temp'
2026-09-13 17:50:25,763 - experiments.runner - INFO - Exact match: 'Ambient_Temp' -> 'Ambient_Temp'
2026-09-13 17:50:25,775 - experiments.runner - INFO - Exact match: 'Humidity' -> 'Humidity'
2026-09-13 17:50:25,787 - experiments.runner - INFO - Exact match: 'Wind_Speed' -> 'Wind_Speed'
2026-09-13 17:50:25,800 - experiments.runner - INFO - Exact match: 'Hour' -> 'Hour'
2026-09-13 17:50:25,812 - experiments.runner - INFO - Exact match: 'Month' -> 'Month'
2026-09-13 17:50:25,824 - experiments.runner - INFO - Exact match: 'SunShine' -> 'SunShine'
2026-09-13 17:50:25,836 - experiments.runner - INFO - Estimating DRWs with alpha=0.001...
2026-09-13 17:50:25,865 - graph.ridge_estimator - INFO - DRW coefficients for GHI (parents ['Hour', 'Month']): {'Hour': np.float64(0.09191525046233252), 'Month': np.float64(-0.0702043234618354)}
2026-09-13 17:50:25,883 - graph.ridge_estimator - INFO - R² for node GHI: 0.0137
2026-09-13 17:50:25,901 - graph.ridge_estimator - INFO - DRW coefficients for DC_Power (parents ['GHI', 'Panel_Temp', 'SunShine', 'Humidity']): {'GHI': np.float64(0.34626309261009086), 'Panel_Temp': np.float64(0.6712819204539988), 'SunShine': np.float64(-0.29873619633161985), 'Humidity': np.float64(0.026519115821653703)}
2026-09-13 17:50:25,933 - graph.ridge_estimator - INFO - R² for node DC_Power: 0.8212
2026-09-13 17:50:26,001 - graph.ridge_estimator - INFO - DRW coefficients for Panel_Temp (parents ['GHI', 'Ambient_Temp']): {'GHI': np.float64(0.3283308196366098), 'Ambient_Temp': np.float64(0.7218487637709391)}
2026-09-13 17:50:26,073 - graph.ridge_estimator - INFO - R² for node Panel_Temp: 0.8695
2026-09-13 17:50:26,121 - graph.ridge_estimator - INFO - DRW coefficients for Ambient_Temp (parents ['Wind_Speed', 'Hour']): {'Wind_Speed': np.float64(0.32398615695559935), 'Hour': np.float64(0.3873885407511019)}
2026-09-13 17:50:26,187 - graph.ridge_estimator - INFO - R² for node Ambient_Temp: 0.2715
2026-09-13 17:50:26,227 - graph.ridge_estimator - INFO - DRW coefficients for Humidity (parents ['Ambient_Temp', 'Wind_Speed']): {'Ambient_Temp': np.float64(-0.6551916119343523), 'Wind_Speed': np.float64(-0.09802396605255873)}
2026-09-13 17:50:26,253 - graph.ridge_estimator - INFO - R² for node Humidity: 0.4838
2026-09-13 17:50:26,268 - graph.ridge_estimator - INFO - DRW estimation complete for 5 nodes
2026-09-13 17:50:26,282 - graph.ridge_estimator - INFO - DRW dictionary: {'GHI': {'Hour': np.float64(0.5669596103510995), 'Month': np.float64(0.43304038964890046)}, 'DC_Power': {'GHI': np.float64(0.25786640508449393), 'Panel_Temp': np.float64(0.4999119436058643), 'SunShine': np.float64(0.22247253796521269), 'Humidity': np.float64(0.0197491133444289)}, 'Panel_Temp': {'GHI': np.float64(0.31264254687875864), 'Ambient_Temp': np.float64(0.6873574531212414)}, 'Ambient_Temp': {'Wind_Speed': np.float64(0.45543671710569944), 'Hour': np.float64(0.5445632828943006)}, 'Humidity': {'Ambient_Temp': np.float64(0.8698593484822188), 'Wind_Speed': np.float64(0.1301406515177812)}}
2026-09-13 17:50:26,296 - graph.ridge_estimator - INFO - R² scores: {'GHI': 0.013653082575271758, 'DC_Power': 0.8212201343982459, 'Panel_Temp': 0.8695267881976556, 'Ambient_Temp': 0.27150220660700397, 'Humidity': 0.48376455345814096, 'Wind_Speed': 0.0, 'Hour': 0.0, 'Month': 0.0, 'SunShine': 0.0}
2026-09-13 17:50:26,307 - experiments.runner - INFO - DRW estimation complete for 5 nodes
2026-09-13 17:50:26,319 - experiments.runner - INFO - Computing DPWs for target: DC_Power
2026-09-13 17:50:26,332 - graph.domain_prior - INFO - Final DPW for input features (with intrinsic): {'GHI': np.float64(0.2568620495335465), 'Ambient_Temp': np.float64(0.2003241899779219), 'Panel_Temp': np.float64(0.32610167883871227), 'Wind_Speed': np.float64(0.025581563663868715), 'Humidity': np.float64(0.012882706843811306), 'Pressure': np.float64(0.0), 'SunShine': np.float64(0.14512289424947833), 'Hour': np.float64(0.03160626209923311), 'Month': np.float64(0.0015186547934278182)}
2026-09-13 17:50:26,347 - experiments.runner - INFO - Raw DPW for graph_1: {'GHI': np.float64(0.2568620495335465), 'Ambient_Temp': np.float64(0.2003241899779219), 'Panel_Temp': np.float64(0.32610167883871227), 'Wind_Speed': np.float64(0.025581563663868715), 'Humidity': np.float64(0.012882706843811306), 'Pressure': np.float64(0.0), 'SunShine': np.float64(0.14512289424947833), 'Hour': np.float64(0.03160626209923311), 'Month': np.float64(0.0015186547934278182)}
2026-09-13 17:50:26,360 - experiments.runner - INFO - R² used for intrinsic γ: {'GHI': 0.013653082575271758, 'DC_Power': 0.8212201343982459, 'Panel_Temp': 0.8695267881976556, 'Ambient_Temp': 0.27150220660700397, 'Humidity': 0.48376455345814096, 'Wind_Speed': 0.0, 'Hour': 0.0, 'Month': 0.0, 'SunShine': 0.0}
2026-09-13 17:50:26,375 - experiments.runner - INFO - Filtered DPW (pre-smooth) for graph_1: {'GHI': np.float64(0.2568620495335465), 'Ambient_Temp': np.float64(0.2003241899779219), 'Panel_Temp': np.float64(0.32610167883871227), 'Wind_Speed': np.float64(0.025581563663868715), 'Humidity': np.float64(0.012882706843811306), 'Pressure': np.float64(0.0), 'SunShine': np.float64(0.14512289424947833), 'Hour': np.float64(0.03160626209923311), 'Month': np.float64(0.0015186547934278182)}
2026-09-13 17:50:26,388 - experiments.runner - INFO - Training sampling P (α=0.3) for graph_1: {'GHI': 0.21313676800681589, 'Ambient_Temp': 0.17356026631787863, 'Panel_Temp': 0.26160450852043193, 'Wind_Speed': 0.05124042789804143, 'Humidity': 0.042351228124001244, 'Pressure': 0.03333333333333333, 'SunShine': 0.13491935930796817, 'Hour': 0.055457716802796514, 'Month': 0.034396391688732805}
2026-09-13 17:50:26,401 - experiments.runner - INFO - ============================================================
2026-09-13 17:50:26,414 - experiments.runner - INFO - Processing graph: graph_2
2026-09-13 17:50:26,427 - experiments.runner - INFO - ============================================================
2026-09-13 17:50:26,441 - experiments.runner - INFO - Exact match: 'GHI' -> 'GHI'
2026-09-13 17:50:26,454 - experiments.runner - INFO - Exact match: 'DC_Power' -> 'DC_Power'
2026-09-13 17:50:26,468 - experiments.runner - INFO - Exact match: 'Panel_Temp' -> 'Panel_Temp'
2026-09-13 17:50:26,481 - experiments.runner - INFO - Exact match: 'Ambient_Temp' -> 'Ambient_Temp'
2026-09-13 17:50:26,494 - experiments.runner - INFO - Exact match: 'Humidity' -> 'Humidity'
2026-09-13 17:50:26,506 - experiments.runner - INFO - Exact match: 'Wind_Speed' -> 'Wind_Speed'
2026-09-13 17:50:26,520 - experiments.runner - INFO - Exact match: 'Hour' -> 'Hour'
2026-09-13 17:50:26,541 - experiments.runner - INFO - Exact match: 'Month' -> 'Month'
2026-09-13 17:50:26,560 - experiments.runner - INFO - Estimating DRWs with alpha=0.001...
2026-09-13 17:50:26,587 - graph.ridge_estimator - INFO - DRW coefficients for GHI (parents ['Hour', 'Month']): {'Hour': np.float64(0.09191525046233252), 'Month': np.float64(-0.0702043234618354)}
2026-09-13 17:50:26,610 - graph.ridge_estimator - INFO - R² for node GHI: 0.0137
2026-09-13 17:50:26,639 - graph.ridge_estimator - INFO - DRW coefficients for DC_Power (parents ['GHI', 'Panel_Temp', 'Humidity']): {'GHI': np.float64(0.3804491661695964), 'Panel_Temp': np.float64(0.6744658906065989), 'Humidity': np.float64(0.20322399319262252)}
2026-09-13 17:50:26,662 - graph.ridge_estimator - INFO - R² for node DC_Power: 0.7582
2026-09-13 17:50:26,689 - graph.ridge_estimator - INFO - DRW coefficients for Panel_Temp (parents ['GHI', 'Ambient_Temp']): {'GHI': np.float64(0.3283308196366098), 'Ambient_Temp': np.float64(0.7218487637709391)}
2026-09-13 17:50:26,723 - graph.ridge_estimator - INFO - R² for node Panel_Temp: 0.8695
2026-09-13 17:50:26,751 - graph.ridge_estimator - INFO - DRW coefficients for Ambient_Temp (parents ['Wind_Speed', 'Hour']): {'Wind_Speed': np.float64(0.32398615695559935), 'Hour': np.float64(0.3873885407511019)}
2026-09-13 17:50:26,782 - graph.ridge_estimator - INFO - R² for node Ambient_Temp: 0.2715
2026-09-13 17:50:26,815 - graph.ridge_estimator - INFO - DRW coefficients for Humidity (parents ['Ambient_Temp']): {'Ambient_Temp': np.float64(-0.6894408405502239)}
2026-09-13 17:50:26,845 - graph.ridge_estimator - INFO - R² for node Humidity: 0.4753
2026-09-13 17:50:26,877 - graph.ridge_estimator - INFO - DRW estimation complete for 5 nodes
2026-09-13 17:50:26,918 - graph.ridge_estimator - INFO - DRW dictionary: {'GHI': {'Hour': np.float64(0.5669596103510995), 'Month': np.float64(0.43304038964890046)}, 'DC_Power': {'GHI': np.float64(0.3023903964979273), 'Panel_Temp': np.float64(0.5360821529411356), 'Humidity': np.float64(0.16152745056093704)}, 'Panel_Temp': {'GHI': np.float64(0.31264254687875864), 'Ambient_Temp': np.float64(0.6873574531212414)}, 'Ambient_Temp': {'Wind_Speed': np.float64(0.45543671710569944), 'Hour': np.float64(0.5445632828943006)}, 'Humidity': {'Ambient_Temp': np.float64(1.0)}}
2026-09-13 17:50:26,973 - graph.ridge_estimator - INFO - R² scores: {'GHI': 0.013653082575271758, 'DC_Power': 0.7581584922917597, 'Panel_Temp': 0.8695267881976556, 'Ambient_Temp': 0.27150220660700397, 'Humidity': 0.4753288710442609, 'Wind_Speed': 0.0, 'Hour': 0.0, 'Month': 0.0}
2026-09-13 17:50:27,022 - experiments.runner - INFO - DRW estimation complete for 5 nodes
2026-09-13 17:50:27,052 - experiments.runner - INFO - Computing DPWs for target: DC_Power
2026-09-13 17:50:27,071 - graph.domain_prior - INFO - Final DPW for input features (with intrinsic): {'GHI': np.float64(0.270464649611155), 'Ambient_Temp': np.float64(0.23971815731815185), 'Panel_Temp': np.float64(0.3235510247827767), 'Wind_Speed': np.float64(0.029641647247313774), 'Humidity': np.float64(0.0974894834174402), 'Pressure': np.float64(0.0), 'SunShine': np.float64(0.0), 'Hour': np.float64(0.037535959684904696), 'Month': np.float64(0.0015990779382577195)}
2026-09-13 17:50:27,092 - experiments.runner - INFO - Raw DPW for graph_2: {'GHI': np.float64(0.270464649611155), 'Ambient_Temp': np.float64(0.23971815731815185), 'Panel_Temp': np.float64(0.3235510247827767), 'Wind_Speed': np.float64(0.029641647247313774), 'Humidity': np.float64(0.0974894834174402), 'Pressure': np.float64(0.0), 'SunShine': np.float64(0.0), 'Hour': np.float64(0.037535959684904696), 'Month': np.float64(0.0015990779382577195)}
2026-09-13 17:50:27,116 - experiments.runner - INFO - R² used for intrinsic γ: {'GHI': 0.013653082575271758, 'DC_Power': 0.7581584922917597, 'Panel_Temp': 0.8695267881976556, 'Ambient_Temp': 0.27150220660700397, 'Humidity': 0.4753288710442609, 'Wind_Speed': 0.0, 'Hour': 0.0, 'Month': 0.0}
2026-09-13 17:50:27,132 - experiments.runner - INFO - Filtered DPW (pre-smooth) for graph_2: {'GHI': np.float64(0.270464649611155), 'Ambient_Temp': np.float64(0.23971815731815185), 'Panel_Temp': np.float64(0.3235510247827767), 'Wind_Speed': np.float64(0.029641647247313774), 'Humidity': np.float64(0.0974894834174402), 'Pressure': np.float64(0.0), 'SunShine': np.float64(0.0), 'Hour': np.float64(0.037535959684904696), 'Month': np.float64(0.0015990779382577195)}
2026-09-13 17:50:27,158 - experiments.runner - INFO - Training sampling P (α=0.3) for graph_2: {'GHI': 0.22265858806114183, 'Ambient_Temp': 0.2011360434560396, 'Panel_Temp': 0.25981905068127703, 'Wind_Speed': 0.054082486406452975, 'Humidity': 0.10157597172554148, 'Pressure': 0.03333333333333333, 'SunShine': 0.03333333333333333, 'Hour': 0.05960850511276662, 'Month': 0.034452687890113735}
2026-09-13 17:50:27,183 - experiments.runner - INFO - ============================================================
2026-09-13 17:50:27,217 - experiments.runner - INFO - Processing graph: graph_3
2026-09-13 17:50:27,241 - experiments.runner - INFO - ============================================================
2026-09-13 17:50:27,281 - experiments.runner - INFO - Exact match: 'GHI' -> 'GHI'
2026-09-13 17:50:27,296 - experiments.runner - INFO - Exact match: 'DC_Power' -> 'DC_Power'
2026-09-13 17:50:27,308 - experiments.runner - INFO - Exact match: 'Panel_Temp' -> 'Panel_Temp'
2026-09-13 17:50:27,321 - experiments.runner - INFO - Exact match: 'Ambient_Temp' -> 'Ambient_Temp'
2026-09-13 17:50:27,335 - experiments.runner - INFO - Exact match: 'Humidity' -> 'Humidity'
2026-09-13 17:50:27,346 - experiments.runner - INFO - Exact match: 'Wind_Speed' -> 'Wind_Speed'
2026-09-13 17:50:27,358 - experiments.runner - INFO - Exact match: 'Hour' -> 'Hour'
2026-09-13 17:50:27,372 - experiments.runner - INFO - Exact match: 'Month' -> 'Month'
2026-09-13 17:50:27,384 - experiments.runner - INFO - Estimating DRWs with alpha=0.001...
2026-09-13 17:50:27,403 - graph.ridge_estimator - INFO - DRW coefficients for DC_Power (parents ['GHI', 'Panel_Temp', 'Ambient_Temp', 'Wind_Speed', 'Humidity']): {'GHI': np.float64(0.204480637446251), 'Panel_Temp': np.float64(1.3289315321446737), 'Ambient_Temp': np.float64(-0.7457558162888255), 'Wind_Speed': np.float64(0.03448776848683779), 'Humidity': np.float64(0.015102642108431685)}
2026-09-13 17:50:27,421 - graph.ridge_estimator - INFO - R² for node DC_Power: 0.8445
2026-09-13 17:50:27,443 - graph.ridge_estimator - INFO - DRW coefficients for Panel_Temp (parents ['GHI', 'Ambient_Temp', 'Wind_Speed']): {'GHI': np.float64(0.3025342658600985), 'Ambient_Temp': np.float64(0.6901831211685034), 'Wind_Speed': np.float64(0.1281146428945451)}
2026-09-13 17:50:27,461 - graph.ridge_estimator - INFO - R² for node Panel_Temp: 0.8834
2026-09-13 17:50:27,492 - graph.ridge_estimator - INFO - DRW coefficients for Ambient_Temp (parents ['Wind_Speed', 'Hour', 'Month']): {'Wind_Speed': np.float64(0.29163078029434875), 'Hour': np.float64(0.3955494906933935), 'Month': np.float64(0.282348148432042)}
2026-09-13 17:50:27,541 - graph.ridge_estimator - INFO - R² for node Ambient_Temp: 0.3501
2026-09-13 17:50:27,576 - graph.ridge_estimator - INFO - DRW coefficients for Humidity (parents ['Ambient_Temp', 'Wind_Speed', 'Month']): {'Ambient_Temp': np.float64(-0.7529004640516184), 'Wind_Speed': np.float64(-0.10004078680741665), 'Month': np.float64(0.32082160804206583)}
2026-09-13 17:50:27,606 - graph.ridge_estimator - INFO - R² for node Humidity: 0.5770
2026-09-13 17:50:27,635 - graph.ridge_estimator - INFO - DRW estimation complete for 4 nodes
2026-09-13 17:50:27,662 - graph.ridge_estimator - INFO - DRW dictionary: {'DC_Power': {'GHI': np.float64(0.08780672042053311), 'Panel_Temp': np.float64(0.5706609728841956), 'Ambient_Temp': np.float64(0.320237521169073), 'Wind_Speed': np.float64(0.014809509023796123), 'Humidity': np.float64(0.006485276502402379)}, 'Panel_Temp': {'GHI': np.float64(0.26991936149508733), 'Ambient_Temp': np.float64(0.6157774784646614), 'Wind_Speed': np.float64(0.11430316004025119)}, 'Ambient_Temp': {'Wind_Speed': np.float64(0.3007965258706657), 'Hour': np.float64(0.40798132656091785), 'Month': np.float64(0.29122214756841647)}, 'Humidity': {'Ambient_Temp': np.float64(0.6414417174151328), 'Wind_Speed': np.float64(0.08523083351016639), 'Month': np.float64(0.27332744907470075)}}
2026-09-13 17:50:27,691 - graph.ridge_estimator - INFO - R² scores: {'GHI': 0.0, 'DC_Power': 0.8444608702250931, 'Panel_Temp': 0.8834425082770287, 'Ambient_Temp': 0.350143882471891, 'Humidity': 0.5770023350339799, 'Wind_Speed': 0.0, 'Hour': 0.0, 'Month': 0.0}
2026-09-13 17:50:27,718 - experiments.runner - INFO - DRW estimation complete for 4 nodes
2026-09-13 17:50:27,742 - experiments.runner - INFO - Computing DPWs for target: DC_Power
2026-09-13 17:50:27,755 - graph.domain_prior - INFO - Final DPW for input features (with intrinsic): {'GHI': np.float64(0.1294467373958688), 'Ambient_Temp': np.float64(0.3660356989105594), 'Panel_Temp': np.float64(0.3299462943296303), 'Wind_Speed': np.float64(0.08061670578130667), 'Humidity': np.float64(0.003749674590249085), 'Pressure': np.float64(0.0), 'SunShine': np.float64(0.0), 'Hour': np.float64(0.05228899229753947), 'Month': np.float64(0.03791589669484631)}
2026-09-13 17:50:27,774 - experiments.runner - INFO - Raw DPW for graph_3: {'GHI': np.float64(0.1294467373958688), 'Ambient_Temp': np.float64(0.3660356989105594), 'Panel_Temp': np.float64(0.3299462943296303), 'Wind_Speed': np.float64(0.08061670578130667), 'Humidity': np.float64(0.003749674590249085), 'Pressure': np.float64(0.0), 'SunShine': np.float64(0.0), 'Hour': np.float64(0.05228899229753947), 'Month': np.float64(0.03791589669484631)}
2026-09-13 17:50:27,816 - experiments.runner - INFO - R² used for intrinsic γ: {'GHI': 0.0, 'DC_Power': 0.8444608702250931, 'Panel_Temp': 0.8834425082770287, 'Ambient_Temp': 0.350143882471891, 'Humidity': 0.5770023350339799, 'Wind_Speed': 0.0, 'Hour': 0.0, 'Month': 0.0}
2026-09-13 17:50:27,847 - experiments.runner - INFO - Filtered DPW (pre-smooth) for graph_3: {'GHI': np.float64(0.1294467373958688), 'Ambient_Temp': np.float64(0.3660356989105594), 'Panel_Temp': np.float64(0.3299462943296303), 'Wind_Speed': np.float64(0.08061670578130667), 'Humidity': np.float64(0.003749674590249085), 'Pressure': np.float64(0.0), 'SunShine': np.float64(0.0), 'Hour': np.float64(0.05228899229753947), 'Month': np.float64(0.03791589669484631)}
2026-09-13 17:50:27,870 - experiments.runner - INFO - Training sampling P (α=0.3) for graph_3: {'GHI': 0.12394604951044147, 'Ambient_Temp': 0.2895583225707249, 'Panel_Temp': 0.2642957393640745, 'Wind_Speed': 0.089765027380248, 'Humidity': 0.03595810554650769, 'Pressure': 0.03333333333333333, 'SunShine': 0.03333333333333333, 'Hour': 0.06993562794161096, 'Month': 0.05987446101972575}
2026-09-13 17:50:27,887 - experiments.runner - INFO - Baselines: RF + XGBoost always | Domain-weighted experimental: ['bagging'] (bagging.enabled=True, boosting.enabled=False, experiment_type=AlgorithmType.COMPARISON)
2026-09-13 17:50:27,904 - experiments.runner - INFO - Total tasks: 240
2026-09-13 18:08:51,995 - experiments.runner - INFO - Valid results: 240 / 240
2026-09-13 18:08:52,086 - experiments.runner - INFO - RF predictions averaged over 80 runs (physical units)
2026-09-13 18:08:52,111 - experiments.runner - INFO - XGBoost predictions averaged over 80 runs (physical units)
2026-09-13 18:08:52,131 - experiments.runner - INFO - DARF predictions averaged over 80 runs (physical units)
2026-09-13 18:08:52,150 - experiments.runner - INFO - Average timing: {'Preprocessing': 0.1329479217529297, 'Training': {'RF': 5.327183530833403, 'XGBoost': 4.6801641341672315, 'DARF': 5.520260953334461}, 'Inference': {'RF': 1.0500642379171041, 'XGBoost': 0.045955617916115445, 'DARF': 1.3680613758335918}}
2026-09-13 18:08:52,187 - experiments.runner - INFO - Model result keys: ['graph_1_bagging_rf', 'graph_1_bagging_dwrf', 'graph_1_bagging_xgb', 'graph_2_bagging_rf', 'graph_2_bagging_dwrf', 'graph_2_bagging_xgb', 'graph_3_bagging_rf', 'graph_3_bagging_dwrf', 'graph_3_bagging_xgb']
2026-09-13 18:09:02,047 - analysis.sensitivity - WARNING - full_df_scaled / graphs missing from data_dict – λ-sensitivity will reuse the original DPW (incomplete).
2026-09-13 18:09:02,068 - analysis.sensitivity - INFO - λ-sensitivity: estimating DRW/DPW with λ=0.01
2026-09-13 18:09:09,451 - analysis.sensitivity - INFO - λ=0.01 (seed=10042) → MAE=0.3552, MAPE=77.5527
2026-09-13 18:09:09,468 - analysis.sensitivity - INFO - λ-sensitivity: estimating DRW/DPW with λ=0.05
2026-09-13 18:09:15,558 - analysis.sensitivity - INFO - λ=0.05 (seed=50042) → MAE=0.3726, MAPE=80.0229
2026-09-13 18:09:15,576 - analysis.sensitivity - INFO - λ-sensitivity: estimating DRW/DPW with λ=0.1
2026-09-13 18:09:20,293 - analysis.sensitivity - INFO - λ=0.1 (seed=100042) → MAE=0.3586, MAPE=75.7810
2026-09-13 18:09:20,310 - analysis.sensitivity - INFO - λ-sensitivity: estimating DRW/DPW with λ=0.5
2026-09-13 18:09:23,913 - analysis.sensitivity - INFO - λ=0.5 (seed=500042) → MAE=0.3656, MAPE=79.6570
2026-09-13 18:09:23,933 - analysis.sensitivity - INFO - λ-sensitivity: estimating DRW/DPW with λ=1.0
2026-09-13 18:09:27,512 - analysis.sensitivity - INFO - λ=1.0 (seed=1000042) → MAE=0.3634, MAPE=79.0872
2026-09-13 18:09:27,526 - analysis.sensitivity - INFO - λ-sensitivity: estimating DRW/DPW with λ=2.0
2026-09-13 18:09:32,145 - analysis.sensitivity - INFO - λ=2.0 (seed=2000042) → MAE=0.3672, MAPE=79.7476
2026-09-13 18:09:32,168 - analysis.sensitivity - INFO - λ-sensitivity: estimating DRW/DPW with λ=5.0
2026-09-13 18:09:36,244 - analysis.sensitivity - INFO - λ=5.0 (seed=5000042) → MAE=0.3708, MAPE=81.7319
2026-09-13 18:09:36,262 - analysis.sensitivity - INFO - λ-sensitivity: estimating DRW/DPW with λ=7.0
2026-09-13 18:09:39,851 - analysis.sensitivity - INFO - λ=7.0 (seed=7000042) → MAE=0.3561, MAPE=78.1523
2026-09-13 18:09:39,868 - analysis.sensitivity - INFO - λ-sensitivity: estimating DRW/DPW with λ=10.0
2026-09-13 18:09:43,450 - analysis.sensitivity - INFO - λ=10.0 (seed=10000042) → MAE=0.3687, MAPE=82.6128
2026-09-13 18:09:47,813 - analysis.sensitivity - INFO - α=0.01 (seed=10010042) → MAE=0.3662
2026-09-13 18:09:52,033 - analysis.sensitivity - INFO - α=0.05 (seed=10050042) → MAE=0.3655
2026-09-13 18:09:55,606 - analysis.sensitivity - INFO - α=0.1 (seed=10100042) → MAE=0.3744
2026-09-13 18:09:59,367 - analysis.sensitivity - INFO - α=0.2 (seed=10200042) → MAE=0.3616
2026-09-13 18:10:04,830 - analysis.sensitivity - INFO - α=0.3 (seed=10300042) → MAE=0.3411
2026-09-13 18:10:08,929 - analysis.sensitivity - INFO - α=0.4 (seed=10400042) → MAE=0.3470
2026-09-13 18:10:12,446 - analysis.sensitivity - INFO - α=0.5 (seed=10500042) → MAE=0.3441
2026-09-13 18:10:15,953 - analysis.sensitivity - INFO - α=0.7 (seed=10700042) → MAE=0.3579
2026-09-13 18:10:20,565 - analysis.sensitivity - INFO - α=1.0 (seed=11000042) → MAE=0.3625
2026-09-13 18:10:26,842 - evaluation.metrics - WARNING - mape_threshold=5.1 excluded all 11 points (max |y|=0.08). Falling back to full-set MAPE. Use a smaller floor in the same units as y, or ensure y is inverse-scaled to physical units before metrics.
2026-09-13 18:10:26,857 - evaluation.metrics - WARNING - mape_threshold=5.1 excluded all 11 points (max |y|=0.08). Falling back to full-set MAPE. Use a smaller floor in the same units as y, or ensure y is inverse-scaled to physical units before metrics.
2026-09-13 18:10:26,872 - evaluation.metrics - WARNING - mape_threshold=5.1 excluded all 11 points (max |y|=0.08). Falling back to full-set MAPE. Use a smaller floor in the same units as y, or ensure y is inverse-scaled to physical units before metrics.
2026-09-13 18:10:26,891 - evaluation.metrics - WARNING - mape_threshold=5.1 excluded all 52 points (max |y|=2.75). Falling back to full-set MAPE. Use a smaller floor in the same units as y, or ensure y is inverse-scaled to physical units before metrics.
2026-09-13 18:10:26,908 - evaluation.metrics - WARNING - mape_threshold=5.1 excluded all 52 points (max |y|=2.75). Falling back to full-set MAPE. Use a smaller floor in the same units as y, or ensure y is inverse-scaled to physical units before metrics.
2026-09-13 18:10:26,930 - evaluation.metrics - WARNING - mape_threshold=5.1 excluded all 52 points (max |y|=2.75). Falling back to full-set MAPE. Use a smaller floor in the same units as y, or ensure y is inverse-scaled to physical units before metrics.
2026-09-13 18:10:27,048 - evaluation.metrics - WARNING - mape_threshold=5.1 excluded all 50 points (max |y|=0.85). Falling back to full-set MAPE. Use a smaller floor in the same units as y, or ensure y is inverse-scaled to physical units before metrics.
2026-09-13 18:10:27,066 - evaluation.metrics - WARNING - mape_threshold=5.1 excluded all 50 points (max |y|=0.85). Falling back to full-set MAPE. Use a smaller floor in the same units as y, or ensure y is inverse-scaled to physical units before metrics.
2026-09-13 18:10:27,082 - evaluation.metrics - WARNING - mape_threshold=5.1 excluded all 50 points (max |y|=0.85). Falling back to full-set MAPE. Use a smaller floor in the same units as y, or ensure y is inverse-scaled to physical units before metrics.
2026-09-13 18:10:27,095 - experiments.runner - INFO - Temporal analysis completed (RF, XGBoost, experimental).
2026-09-13 18:10:27,109 - experiments.runner - INFO - Viz keys: rf=graph_1_bagging_rf, dwrf=graph_1_bagging_dwrf, xgb=graph_1_bagging_xgb
2026-09-13 18:10:27,149 - visualization.plots - INFO - Generating all plots...
2026-09-13 18:10:40,135 - visualization.plots - INFO - All plots generated.
2026-09-13 18:10:40,154 - experiments.runner - INFO - Visualizations generated.
2026-09-13 18:10:40,208 - experiments.runner - INFO - Results saved to dwrf_output\results_summary.json
2026-09-13 18:10:40,223 - experiments.runner - INFO - Experiment completed successfully.
2026-09-13 18:15:24,897 - experiments.runner - INFO - Starting DARF V4 experiment: DARF
2026-09-13 18:15:24,914 - experiments.runner - INFO - MAPE near-zero floor (mape_threshold) set to: 5.1 (physical units after inverse-scaling y)
2026-09-13 18:15:24,931 - data.loader - INFO - Loading data from C:/Users/User/OneDrive/Personal/Masters/MPhil Electrical Engineering/MPhil/Research Papers/3_Technical paper/Riverside_data_dwrf.csv
2026-09-13 18:15:25,078 - experiments.runner - INFO - Preprocessing time: 0.147 seconds
2026-09-13 18:15:25,123 - experiments.runner - INFO - Data shapes: X_train=(3353, 9), X_test=(719, 9)
2026-09-13 18:15:25,139 - experiments.runner - INFO - Feature names: ['GHI', 'Ambient_Temp', 'Panel_Temp', 'Wind_Speed', 'Humidity', 'Pressure', 'SunShine', 'Hour', 'Month']
2026-09-13 18:15:25,157 - experiments.runner - INFO - Target column: DC_Power
2026-09-13 18:15:25,174 - experiments.runner - INFO - Full DataFrame columns: ['timestamp', 'Ambient_Temp', 'Humidity', 'Pressure', 'Wind_Speed', 'SunShine', 'GHI', 'Panel_Temp', 'DC_Power', 'Month', 'Hour', 'DC_Power_Level']
2026-09-13 18:15:25,194 - graph.multi_graph - INFO - Graph graph_1 edges: {'GHI': ['DC_Power', 'Panel_Temp'], 'Ambient_Temp': ['Panel_Temp', 'Humidity'], 'Panel_Temp': ['DC_Power'], 'Wind_Speed': ['Ambient_Temp', 'Humidity'], 'Hour': ['GHI', 'Ambient_Temp'], 'Month': ['GHI'], 'SunShine': ['DC_Power'], 'Pressure': [], 'Humidity': ['DC_Power']}
2026-09-13 18:15:25,230 - graph.multi_graph - INFO - Graph graph_2 edges: {'GHI': ['DC_Power', 'Panel_Temp'], 'Ambient_Temp': ['Panel_Temp', 'Humidity'], 'Panel_Temp': ['DC_Power'], 'Wind_Speed': ['Ambient_Temp'], 'Hour': ['GHI', 'Ambient_Temp'], 'Month': ['GHI'], 'Humidity': ['DC_Power']}
2026-09-13 18:15:25,252 - graph.multi_graph - INFO - Graph graph_3 edges: {'GHI': ['DC_Power', 'Panel_Temp'], 'Panel_Temp': ['DC_Power'], 'Ambient_Temp': ['DC_Power', 'Panel_Temp', 'Humidity'], 'Wind_Speed': ['DC_Power', 'Panel_Temp', 'Ambient_Temp', 'Humidity'], 'Humidity': ['DC_Power'], 'Hour': ['Ambient_Temp'], 'Month': ['Ambient_Temp', 'Humidity']}
2026-09-13 18:15:25,268 - experiments.runner - INFO - ============================================================
2026-09-13 18:15:25,285 - experiments.runner - INFO - Processing graph: graph_1
2026-09-13 18:15:25,300 - experiments.runner - INFO - ============================================================
2026-09-13 18:15:25,315 - experiments.runner - INFO - Exact match: 'GHI' -> 'GHI'
2026-09-13 18:15:25,333 - experiments.runner - INFO - Exact match: 'DC_Power' -> 'DC_Power'
2026-09-13 18:15:25,351 - experiments.runner - INFO - Exact match: 'Panel_Temp' -> 'Panel_Temp'
2026-09-13 18:15:25,372 - experiments.runner - INFO - Exact match: 'Ambient_Temp' -> 'Ambient_Temp'
2026-09-13 18:15:25,389 - experiments.runner - INFO - Exact match: 'Humidity' -> 'Humidity'
2026-09-13 18:15:25,407 - experiments.runner - INFO - Exact match: 'Wind_Speed' -> 'Wind_Speed'
2026-09-13 18:15:25,425 - experiments.runner - INFO - Exact match: 'Hour' -> 'Hour'
2026-09-13 18:15:25,445 - experiments.runner - INFO - Exact match: 'Month' -> 'Month'
2026-09-13 18:15:25,467 - experiments.runner - INFO - Exact match: 'SunShine' -> 'SunShine'
2026-09-13 18:15:25,492 - experiments.runner - INFO - Estimating DRWs with alpha=0.001...
2026-09-13 18:15:25,540 - graph.ridge_estimator - INFO - DRW coefficients for GHI (parents ['Hour', 'Month']): {'Hour': np.float64(0.09191525046233252), 'Month': np.float64(-0.0702043234618354)}
2026-09-13 18:15:25,569 - graph.ridge_estimator - INFO - R² for node GHI: 0.0137
2026-09-13 18:15:25,609 - graph.ridge_estimator - INFO - DRW coefficients for DC_Power (parents ['GHI', 'Panel_Temp', 'SunShine', 'Humidity']): {'GHI': np.float64(0.34626309261009086), 'Panel_Temp': np.float64(0.6712819204539988), 'SunShine': np.float64(-0.29873619633161985), 'Humidity': np.float64(0.026519115821653703)}
2026-09-13 18:15:25,630 - graph.ridge_estimator - INFO - R² for node DC_Power: 0.8212
2026-09-13 18:15:25,654 - graph.ridge_estimator - INFO - DRW coefficients for Panel_Temp (parents ['GHI', 'Ambient_Temp']): {'GHI': np.float64(0.3283308196366098), 'Ambient_Temp': np.float64(0.7218487637709391)}
2026-09-13 18:15:25,681 - graph.ridge_estimator - INFO - R² for node Panel_Temp: 0.8695
2026-09-13 18:15:25,705 - graph.ridge_estimator - INFO - DRW coefficients for Ambient_Temp (parents ['Wind_Speed', 'Hour']): {'Wind_Speed': np.float64(0.32398615695559935), 'Hour': np.float64(0.3873885407511019)}
2026-09-13 18:15:25,745 - graph.ridge_estimator - INFO - R² for node Ambient_Temp: 0.2715
2026-09-13 18:15:25,813 - graph.ridge_estimator - INFO - DRW coefficients for Humidity (parents ['Ambient_Temp', 'Wind_Speed']): {'Ambient_Temp': np.float64(-0.6551916119343523), 'Wind_Speed': np.float64(-0.09802396605255873)}
2026-09-13 18:15:25,877 - graph.ridge_estimator - INFO - R² for node Humidity: 0.4838
2026-09-13 18:15:25,894 - graph.ridge_estimator - INFO - DRW estimation complete for 5 nodes
2026-09-13 18:15:25,911 - graph.ridge_estimator - INFO - DRW dictionary: {'GHI': {'Hour': np.float64(0.5669596103510995), 'Month': np.float64(0.43304038964890046)}, 'DC_Power': {'GHI': np.float64(0.25786640508449393), 'Panel_Temp': np.float64(0.4999119436058643), 'SunShine': np.float64(0.22247253796521269), 'Humidity': np.float64(0.0197491133444289)}, 'Panel_Temp': {'GHI': np.float64(0.31264254687875864), 'Ambient_Temp': np.float64(0.6873574531212414)}, 'Ambient_Temp': {'Wind_Speed': np.float64(0.45543671710569944), 'Hour': np.float64(0.5445632828943006)}, 'Humidity': {'Ambient_Temp': np.float64(0.8698593484822188), 'Wind_Speed': np.float64(0.1301406515177812)}}
2026-09-13 18:15:25,932 - graph.ridge_estimator - INFO - R² scores: {'GHI': 0.013653082575271758, 'DC_Power': 0.8212201343982459, 'Panel_Temp': 0.8695267881976556, 'Ambient_Temp': 0.27150220660700397, 'Humidity': 0.48376455345814096, 'Wind_Speed': 0.0, 'Hour': 0.0, 'Month': 0.0, 'SunShine': 0.0}
2026-09-13 18:15:25,953 - experiments.runner - INFO - DRW estimation complete for 5 nodes
2026-09-13 18:15:25,971 - experiments.runner - INFO - Computing DPWs for target: DC_Power
2026-09-13 18:15:25,988 - graph.domain_prior - INFO - Final DPW for input features (with intrinsic): {'GHI': np.float64(0.2568620495335465), 'Ambient_Temp': np.float64(0.2003241899779219), 'Panel_Temp': np.float64(0.32610167883871227), 'Wind_Speed': np.float64(0.025581563663868715), 'Humidity': np.float64(0.012882706843811306), 'Pressure': np.float64(0.0), 'SunShine': np.float64(0.14512289424947833), 'Hour': np.float64(0.03160626209923311), 'Month': np.float64(0.0015186547934278182)}
2026-09-13 18:15:26,006 - experiments.runner - INFO - Raw DPW for graph_1: {'GHI': np.float64(0.2568620495335465), 'Ambient_Temp': np.float64(0.2003241899779219), 'Panel_Temp': np.float64(0.32610167883871227), 'Wind_Speed': np.float64(0.025581563663868715), 'Humidity': np.float64(0.012882706843811306), 'Pressure': np.float64(0.0), 'SunShine': np.float64(0.14512289424947833), 'Hour': np.float64(0.03160626209923311), 'Month': np.float64(0.0015186547934278182)}
2026-09-13 18:15:26,023 - experiments.runner - INFO - R² used for intrinsic γ: {'GHI': 0.013653082575271758, 'DC_Power': 0.8212201343982459, 'Panel_Temp': 0.8695267881976556, 'Ambient_Temp': 0.27150220660700397, 'Humidity': 0.48376455345814096, 'Wind_Speed': 0.0, 'Hour': 0.0, 'Month': 0.0, 'SunShine': 0.0}
2026-09-13 18:15:26,040 - experiments.runner - INFO - Filtered DPW (pre-smooth) for graph_1: {'GHI': np.float64(0.2568620495335465), 'Ambient_Temp': np.float64(0.2003241899779219), 'Panel_Temp': np.float64(0.32610167883871227), 'Wind_Speed': np.float64(0.025581563663868715), 'Humidity': np.float64(0.012882706843811306), 'Pressure': np.float64(0.0), 'SunShine': np.float64(0.14512289424947833), 'Hour': np.float64(0.03160626209923311), 'Month': np.float64(0.0015186547934278182)}
2026-09-13 18:15:26,056 - experiments.runner - INFO - Training sampling P (α=0.3) for graph_1: {'GHI': 0.21313676800681589, 'Ambient_Temp': 0.17356026631787863, 'Panel_Temp': 0.26160450852043193, 'Wind_Speed': 0.05124042789804143, 'Humidity': 0.042351228124001244, 'Pressure': 0.03333333333333333, 'SunShine': 0.13491935930796817, 'Hour': 0.055457716802796514, 'Month': 0.034396391688732805}
2026-09-13 18:15:26,076 - experiments.runner - INFO - ============================================================
2026-09-13 18:15:26,092 - experiments.runner - INFO - Processing graph: graph_2
2026-09-13 18:15:26,109 - experiments.runner - INFO - ============================================================
2026-09-13 18:15:26,124 - experiments.runner - INFO - Exact match: 'GHI' -> 'GHI'
2026-09-13 18:15:26,139 - experiments.runner - INFO - Exact match: 'DC_Power' -> 'DC_Power'
2026-09-13 18:15:26,155 - experiments.runner - INFO - Exact match: 'Panel_Temp' -> 'Panel_Temp'
2026-09-13 18:15:26,173 - experiments.runner - INFO - Exact match: 'Ambient_Temp' -> 'Ambient_Temp'
2026-09-13 18:15:26,190 - experiments.runner - INFO - Exact match: 'Humidity' -> 'Humidity'
2026-09-13 18:15:26,205 - experiments.runner - INFO - Exact match: 'Wind_Speed' -> 'Wind_Speed'
2026-09-13 18:15:26,220 - experiments.runner - INFO - Exact match: 'Hour' -> 'Hour'
2026-09-13 18:15:26,233 - experiments.runner - INFO - Exact match: 'Month' -> 'Month'
2026-09-13 18:15:26,247 - experiments.runner - INFO - Estimating DRWs with alpha=0.001...
2026-09-13 18:15:26,265 - graph.ridge_estimator - INFO - DRW coefficients for GHI (parents ['Hour', 'Month']): {'Hour': np.float64(0.09191525046233252), 'Month': np.float64(-0.0702043234618354)}
2026-09-13 18:15:26,285 - graph.ridge_estimator - INFO - R² for node GHI: 0.0137
2026-09-13 18:15:26,312 - graph.ridge_estimator - INFO - DRW coefficients for DC_Power (parents ['GHI', 'Panel_Temp', 'Humidity']): {'GHI': np.float64(0.3804491661695964), 'Panel_Temp': np.float64(0.6744658906065989), 'Humidity': np.float64(0.20322399319262252)}
2026-09-13 18:15:26,334 - graph.ridge_estimator - INFO - R² for node DC_Power: 0.7582
2026-09-13 18:15:26,355 - graph.ridge_estimator - INFO - DRW coefficients for Panel_Temp (parents ['GHI', 'Ambient_Temp']): {'GHI': np.float64(0.3283308196366098), 'Ambient_Temp': np.float64(0.7218487637709391)}
2026-09-13 18:15:26,374 - graph.ridge_estimator - INFO - R² for node Panel_Temp: 0.8695
2026-09-13 18:15:26,397 - graph.ridge_estimator - INFO - DRW coefficients for Ambient_Temp (parents ['Wind_Speed', 'Hour']): {'Wind_Speed': np.float64(0.32398615695559935), 'Hour': np.float64(0.3873885407511019)}
2026-09-13 18:15:26,415 - graph.ridge_estimator - INFO - R² for node Ambient_Temp: 0.2715
2026-09-13 18:15:26,436 - graph.ridge_estimator - INFO - DRW coefficients for Humidity (parents ['Ambient_Temp']): {'Ambient_Temp': np.float64(-0.6894408405502239)}
2026-09-13 18:15:26,452 - graph.ridge_estimator - INFO - R² for node Humidity: 0.4753
2026-09-13 18:15:26,471 - graph.ridge_estimator - INFO - DRW estimation complete for 5 nodes
2026-09-13 18:15:26,488 - graph.ridge_estimator - INFO - DRW dictionary: {'GHI': {'Hour': np.float64(0.5669596103510995), 'Month': np.float64(0.43304038964890046)}, 'DC_Power': {'GHI': np.float64(0.3023903964979273), 'Panel_Temp': np.float64(0.5360821529411356), 'Humidity': np.float64(0.16152745056093704)}, 'Panel_Temp': {'GHI': np.float64(0.31264254687875864), 'Ambient_Temp': np.float64(0.6873574531212414)}, 'Ambient_Temp': {'Wind_Speed': np.float64(0.45543671710569944), 'Hour': np.float64(0.5445632828943006)}, 'Humidity': {'Ambient_Temp': np.float64(1.0)}}
2026-09-13 18:15:26,510 - graph.ridge_estimator - INFO - R² scores: {'GHI': 0.013653082575271758, 'DC_Power': 0.7581584922917597, 'Panel_Temp': 0.8695267881976556, 'Ambient_Temp': 0.27150220660700397, 'Humidity': 0.4753288710442609, 'Wind_Speed': 0.0, 'Hour': 0.0, 'Month': 0.0}
2026-09-13 18:15:26,524 - experiments.runner - INFO - DRW estimation complete for 5 nodes
2026-09-13 18:15:26,539 - experiments.runner - INFO - Computing DPWs for target: DC_Power
2026-09-13 18:15:26,554 - graph.domain_prior - INFO - Final DPW for input features (with intrinsic): {'GHI': np.float64(0.270464649611155), 'Ambient_Temp': np.float64(0.23971815731815185), 'Panel_Temp': np.float64(0.3235510247827767), 'Wind_Speed': np.float64(0.029641647247313774), 'Humidity': np.float64(0.0974894834174402), 'Pressure': np.float64(0.0), 'SunShine': np.float64(0.0), 'Hour': np.float64(0.037535959684904696), 'Month': np.float64(0.0015990779382577195)}
2026-09-13 18:15:26,570 - experiments.runner - INFO - Raw DPW for graph_2: {'GHI': np.float64(0.270464649611155), 'Ambient_Temp': np.float64(0.23971815731815185), 'Panel_Temp': np.float64(0.3235510247827767), 'Wind_Speed': np.float64(0.029641647247313774), 'Humidity': np.float64(0.0974894834174402), 'Pressure': np.float64(0.0), 'SunShine': np.float64(0.0), 'Hour': np.float64(0.037535959684904696), 'Month': np.float64(0.0015990779382577195)}
2026-09-13 18:15:26,586 - experiments.runner - INFO - R² used for intrinsic γ: {'GHI': 0.013653082575271758, 'DC_Power': 0.7581584922917597, 'Panel_Temp': 0.8695267881976556, 'Ambient_Temp': 0.27150220660700397, 'Humidity': 0.4753288710442609, 'Wind_Speed': 0.0, 'Hour': 0.0, 'Month': 0.0}
2026-09-13 18:15:26,600 - experiments.runner - INFO - Filtered DPW (pre-smooth) for graph_2: {'GHI': np.float64(0.270464649611155), 'Ambient_Temp': np.float64(0.23971815731815185), 'Panel_Temp': np.float64(0.3235510247827767), 'Wind_Speed': np.float64(0.029641647247313774), 'Humidity': np.float64(0.0974894834174402), 'Pressure': np.float64(0.0), 'SunShine': np.float64(0.0), 'Hour': np.float64(0.037535959684904696), 'Month': np.float64(0.0015990779382577195)}
2026-09-13 18:15:26,645 - experiments.runner - INFO - Training sampling P (α=0.3) for graph_2: {'GHI': 0.22265858806114183, 'Ambient_Temp': 0.2011360434560396, 'Panel_Temp': 0.25981905068127703, 'Wind_Speed': 0.054082486406452975, 'Humidity': 0.10157597172554148, 'Pressure': 0.03333333333333333, 'SunShine': 0.03333333333333333, 'Hour': 0.05960850511276662, 'Month': 0.034452687890113735}
2026-09-13 18:15:26,659 - experiments.runner - INFO - ============================================================
2026-09-13 18:15:26,671 - experiments.runner - INFO - Processing graph: graph_3
2026-09-13 18:15:26,685 - experiments.runner - INFO - ============================================================
2026-09-13 18:15:26,698 - experiments.runner - INFO - Exact match: 'GHI' -> 'GHI'
2026-09-13 18:15:26,712 - experiments.runner - INFO - Exact match: 'DC_Power' -> 'DC_Power'
2026-09-13 18:15:26,726 - experiments.runner - INFO - Exact match: 'Panel_Temp' -> 'Panel_Temp'
2026-09-13 18:15:26,739 - experiments.runner - INFO - Exact match: 'Ambient_Temp' -> 'Ambient_Temp'
2026-09-13 18:15:26,751 - experiments.runner - INFO - Exact match: 'Humidity' -> 'Humidity'
2026-09-13 18:15:26,762 - experiments.runner - INFO - Exact match: 'Wind_Speed' -> 'Wind_Speed'
2026-09-13 18:15:26,777 - experiments.runner - INFO - Exact match: 'Hour' -> 'Hour'
2026-09-13 18:15:26,791 - experiments.runner - INFO - Exact match: 'Month' -> 'Month'
2026-09-13 18:15:26,806 - experiments.runner - INFO - Estimating DRWs with alpha=0.001...
2026-09-13 18:15:26,832 - graph.ridge_estimator - INFO - DRW coefficients for DC_Power (parents ['GHI', 'Panel_Temp', 'Ambient_Temp', 'Wind_Speed', 'Humidity']): {'GHI': np.float64(0.204480637446251), 'Panel_Temp': np.float64(1.3289315321446737), 'Ambient_Temp': np.float64(-0.7457558162888255), 'Wind_Speed': np.float64(0.03448776848683779), 'Humidity': np.float64(0.015102642108431685)}
2026-09-13 18:15:26,850 - graph.ridge_estimator - INFO - R² for node DC_Power: 0.8445
2026-09-13 18:15:26,872 - graph.ridge_estimator - INFO - DRW coefficients for Panel_Temp (parents ['GHI', 'Ambient_Temp', 'Wind_Speed']): {'GHI': np.float64(0.3025342658600985), 'Ambient_Temp': np.float64(0.6901831211685034), 'Wind_Speed': np.float64(0.1281146428945451)}
2026-09-13 18:15:26,894 - graph.ridge_estimator - INFO - R² for node Panel_Temp: 0.8834
2026-09-13 18:15:26,918 - graph.ridge_estimator - INFO - DRW coefficients for Ambient_Temp (parents ['Wind_Speed', 'Hour', 'Month']): {'Wind_Speed': np.float64(0.29163078029434875), 'Hour': np.float64(0.3955494906933935), 'Month': np.float64(0.282348148432042)}
2026-09-13 18:15:26,945 - graph.ridge_estimator - INFO - R² for node Ambient_Temp: 0.3501
2026-09-13 18:15:26,971 - graph.ridge_estimator - INFO - DRW coefficients for Humidity (parents ['Ambient_Temp', 'Wind_Speed', 'Month']): {'Ambient_Temp': np.float64(-0.7529004640516184), 'Wind_Speed': np.float64(-0.10004078680741665), 'Month': np.float64(0.32082160804206583)}
2026-09-13 18:15:26,991 - graph.ridge_estimator - INFO - R² for node Humidity: 0.5770
2026-09-13 18:15:27,008 - graph.ridge_estimator - INFO - DRW estimation complete for 4 nodes
2026-09-13 18:15:27,023 - graph.ridge_estimator - INFO - DRW dictionary: {'DC_Power': {'GHI': np.float64(0.08780672042053311), 'Panel_Temp': np.float64(0.5706609728841956), 'Ambient_Temp': np.float64(0.320237521169073), 'Wind_Speed': np.float64(0.014809509023796123), 'Humidity': np.float64(0.006485276502402379)}, 'Panel_Temp': {'GHI': np.float64(0.26991936149508733), 'Ambient_Temp': np.float64(0.6157774784646614), 'Wind_Speed': np.float64(0.11430316004025119)}, 'Ambient_Temp': {'Wind_Speed': np.float64(0.3007965258706657), 'Hour': np.float64(0.40798132656091785), 'Month': np.float64(0.29122214756841647)}, 'Humidity': {'Ambient_Temp': np.float64(0.6414417174151328), 'Wind_Speed': np.float64(0.08523083351016639), 'Month': np.float64(0.27332744907470075)}}
2026-09-13 18:15:27,140 - graph.ridge_estimator - INFO - R² scores: {'GHI': 0.0, 'DC_Power': 0.8444608702250931, 'Panel_Temp': 0.8834425082770287, 'Ambient_Temp': 0.350143882471891, 'Humidity': 0.5770023350339799, 'Wind_Speed': 0.0, 'Hour': 0.0, 'Month': 0.0}
2026-09-13 18:15:27,154 - experiments.runner - INFO - DRW estimation complete for 4 nodes
2026-09-13 18:15:27,169 - experiments.runner - INFO - Computing DPWs for target: DC_Power
2026-09-13 18:15:27,181 - graph.domain_prior - INFO - Final DPW for input features (with intrinsic): {'GHI': np.float64(0.1294467373958688), 'Ambient_Temp': np.float64(0.3660356989105594), 'Panel_Temp': np.float64(0.3299462943296303), 'Wind_Speed': np.float64(0.08061670578130667), 'Humidity': np.float64(0.003749674590249085), 'Pressure': np.float64(0.0), 'SunShine': np.float64(0.0), 'Hour': np.float64(0.05228899229753947), 'Month': np.float64(0.03791589669484631)}
2026-09-13 18:15:27,197 - experiments.runner - INFO - Raw DPW for graph_3: {'GHI': np.float64(0.1294467373958688), 'Ambient_Temp': np.float64(0.3660356989105594), 'Panel_Temp': np.float64(0.3299462943296303), 'Wind_Speed': np.float64(0.08061670578130667), 'Humidity': np.float64(0.003749674590249085), 'Pressure': np.float64(0.0), 'SunShine': np.float64(0.0), 'Hour': np.float64(0.05228899229753947), 'Month': np.float64(0.03791589669484631)}
2026-09-13 18:15:27,213 - experiments.runner - INFO - R² used for intrinsic γ: {'GHI': 0.0, 'DC_Power': 0.8444608702250931, 'Panel_Temp': 0.8834425082770287, 'Ambient_Temp': 0.350143882471891, 'Humidity': 0.5770023350339799, 'Wind_Speed': 0.0, 'Hour': 0.0, 'Month': 0.0}
2026-09-13 18:15:27,228 - experiments.runner - INFO - Filtered DPW (pre-smooth) for graph_3: {'GHI': np.float64(0.1294467373958688), 'Ambient_Temp': np.float64(0.3660356989105594), 'Panel_Temp': np.float64(0.3299462943296303), 'Wind_Speed': np.float64(0.08061670578130667), 'Humidity': np.float64(0.003749674590249085), 'Pressure': np.float64(0.0), 'SunShine': np.float64(0.0), 'Hour': np.float64(0.05228899229753947), 'Month': np.float64(0.03791589669484631)}
2026-09-13 18:15:27,243 - experiments.runner - INFO - Training sampling P (α=0.3) for graph_3: {'GHI': 0.12394604951044147, 'Ambient_Temp': 0.2895583225707249, 'Panel_Temp': 0.2642957393640745, 'Wind_Speed': 0.089765027380248, 'Humidity': 0.03595810554650769, 'Pressure': 0.03333333333333333, 'SunShine': 0.03333333333333333, 'Hour': 0.06993562794161096, 'Month': 0.05987446101972575}
2026-09-13 18:15:27,257 - experiments.runner - INFO - Baselines: RF + XGBoost always | Domain-weighted experimental: ['bagging'] (bagging.enabled=True, boosting.enabled=False, experiment_type=AlgorithmType.COMPARISON)
2026-09-13 18:15:27,273 - experiments.runner - INFO - Total tasks: 90
2026-09-13 18:22:43,422 - experiments.runner - INFO - Valid results: 90 / 90
2026-09-13 18:22:43,475 - experiments.runner - INFO - RF predictions averaged over 30 runs (physical units)
2026-09-13 18:22:43,498 - experiments.runner - INFO - XGBoost predictions averaged over 30 runs (physical units)
2026-09-13 18:22:43,544 - experiments.runner - INFO - DARF predictions averaged over 30 runs (physical units)
2026-09-13 18:22:43,568 - experiments.runner - INFO - Average timing: {'Preprocessing': 0.14714741706848145, 'Training': {'RF': 5.201917302220762, 'XGBoost': 5.058644652220796, 'DARF': 5.698654636665984}, 'Inference': {'RF': 1.1392591566646135, 'XGBoost': 0.053551515555591324, 'DARF': 1.040756826665731}}
2026-09-13 18:22:43,592 - experiments.runner - INFO - Model result keys: ['graph_1_bagging_rf', 'graph_1_bagging_dwrf', 'graph_1_bagging_xgb', 'graph_2_bagging_rf', 'graph_2_bagging_dwrf', 'graph_2_bagging_xgb', 'graph_3_bagging_rf', 'graph_3_bagging_dwrf', 'graph_3_bagging_xgb']
2026-09-13 18:22:53,331 - analysis.sensitivity - WARNING - full_df_scaled / graphs missing from data_dict – λ-sensitivity will reuse the original DPW (incomplete).
2026-09-13 18:22:53,351 - analysis.sensitivity - INFO - λ-sensitivity: estimating DRW/DPW with λ=0.01
2026-09-13 18:23:00,371 - analysis.sensitivity - INFO - λ=0.01 (seed=10042) → MAE=0.3552, MAPE=77.5527
2026-09-13 18:23:00,390 - analysis.sensitivity - INFO - λ-sensitivity: estimating DRW/DPW with λ=0.05
2026-09-13 18:23:06,183 - analysis.sensitivity - INFO - λ=0.05 (seed=50042) → MAE=0.3726, MAPE=80.0229
2026-09-13 18:23:06,198 - analysis.sensitivity - INFO - λ-sensitivity: estimating DRW/DPW with λ=0.1
2026-09-13 18:23:11,797 - analysis.sensitivity - INFO - λ=0.1 (seed=100042) → MAE=0.3586, MAPE=75.7810
2026-09-13 18:23:11,810 - analysis.sensitivity - INFO - λ-sensitivity: estimating DRW/DPW with λ=0.5
2026-09-13 18:23:15,486 - analysis.sensitivity - INFO - λ=0.5 (seed=500042) → MAE=0.3656, MAPE=79.6570
2026-09-13 18:23:15,503 - analysis.sensitivity - INFO - λ-sensitivity: estimating DRW/DPW with λ=1.0
2026-09-13 18:23:19,013 - analysis.sensitivity - INFO - λ=1.0 (seed=1000042) → MAE=0.3634, MAPE=79.0872
2026-09-13 18:23:19,029 - analysis.sensitivity - INFO - λ-sensitivity: estimating DRW/DPW with λ=2.0
2026-09-13 18:23:23,170 - analysis.sensitivity - INFO - λ=2.0 (seed=2000042) → MAE=0.3672, MAPE=79.7476
2026-09-13 18:23:23,188 - analysis.sensitivity - INFO - λ-sensitivity: estimating DRW/DPW with λ=5.0
2026-09-13 18:23:27,457 - analysis.sensitivity - INFO - λ=5.0 (seed=5000042) → MAE=0.3708, MAPE=81.7319
2026-09-13 18:23:27,472 - analysis.sensitivity - INFO - λ-sensitivity: estimating DRW/DPW with λ=7.0
2026-09-13 18:23:30,995 - analysis.sensitivity - INFO - λ=7.0 (seed=7000042) → MAE=0.3561, MAPE=78.1523
2026-09-13 18:23:31,012 - analysis.sensitivity - INFO - λ-sensitivity: estimating DRW/DPW with λ=10.0
2026-09-13 18:23:34,491 - analysis.sensitivity - INFO - λ=10.0 (seed=10000042) → MAE=0.3687, MAPE=82.6128
2026-09-13 18:23:38,432 - analysis.sensitivity - INFO - α=0.01 (seed=10010042) → MAE=0.3662
2026-09-13 18:23:42,816 - analysis.sensitivity - INFO - α=0.05 (seed=10050042) → MAE=0.3655
2026-09-13 18:23:46,310 - analysis.sensitivity - INFO - α=0.1 (seed=10100042) → MAE=0.3744
2026-09-13 18:23:50,075 - analysis.sensitivity - INFO - α=0.2 (seed=10200042) → MAE=0.3616
2026-09-13 18:23:53,952 - analysis.sensitivity - INFO - α=0.3 (seed=10300042) → MAE=0.3411
2026-09-13 18:23:58,396 - analysis.sensitivity - INFO - α=0.4 (seed=10400042) → MAE=0.3470
2026-09-13 18:24:02,820 - analysis.sensitivity - INFO - α=0.5 (seed=10500042) → MAE=0.3441
2026-09-13 18:24:06,375 - analysis.sensitivity - INFO - α=0.7 (seed=10700042) → MAE=0.3579
2026-09-13 18:24:10,128 - analysis.sensitivity - INFO - α=1.0 (seed=11000042) → MAE=0.3625
2026-09-13 18:24:16,054 - evaluation.metrics - WARNING - mape_threshold=5.1 excluded all 11 points (max |y|=0.08). Falling back to full-set MAPE. Use a smaller floor in the same units as y, or ensure y is inverse-scaled to physical units before metrics.
2026-09-13 18:24:16,073 - evaluation.metrics - WARNING - mape_threshold=5.1 excluded all 11 points (max |y|=0.08). Falling back to full-set MAPE. Use a smaller floor in the same units as y, or ensure y is inverse-scaled to physical units before metrics.
2026-09-13 18:24:16,092 - evaluation.metrics - WARNING - mape_threshold=5.1 excluded all 11 points (max |y|=0.08). Falling back to full-set MAPE. Use a smaller floor in the same units as y, or ensure y is inverse-scaled to physical units before metrics.
2026-09-13 18:24:16,111 - evaluation.metrics - WARNING - mape_threshold=5.1 excluded all 52 points (max |y|=2.75). Falling back to full-set MAPE. Use a smaller floor in the same units as y, or ensure y is inverse-scaled to physical units before metrics.
2026-09-13 18:24:16,130 - evaluation.metrics - WARNING - mape_threshold=5.1 excluded all 52 points (max |y|=2.75). Falling back to full-set MAPE. Use a smaller floor in the same units as y, or ensure y is inverse-scaled to physical units before metrics.
2026-09-13 18:24:16,151 - evaluation.metrics - WARNING - mape_threshold=5.1 excluded all 52 points (max |y|=2.75). Falling back to full-set MAPE. Use a smaller floor in the same units as y, or ensure y is inverse-scaled to physical units before metrics.
2026-09-13 18:24:16,290 - evaluation.metrics - WARNING - mape_threshold=5.1 excluded all 50 points (max |y|=0.85). Falling back to full-set MAPE. Use a smaller floor in the same units as y, or ensure y is inverse-scaled to physical units before metrics.
2026-09-13 18:24:16,308 - evaluation.metrics - WARNING - mape_threshold=5.1 excluded all 50 points (max |y|=0.85). Falling back to full-set MAPE. Use a smaller floor in the same units as y, or ensure y is inverse-scaled to physical units before metrics.
2026-09-13 18:24:16,327 - evaluation.metrics - WARNING - mape_threshold=5.1 excluded all 50 points (max |y|=0.85). Falling back to full-set MAPE. Use a smaller floor in the same units as y, or ensure y is inverse-scaled to physical units before metrics.
2026-09-13 18:24:16,343 - experiments.runner - INFO - Temporal analysis completed (RF, XGBoost, experimental).
2026-09-13 18:24:16,357 - experiments.runner - INFO - Viz keys: rf=graph_1_bagging_rf, dwrf=graph_1_bagging_dwrf, xgb=graph_1_bagging_xgb
2026-09-13 18:24:16,383 - visualization.plots - INFO - Generating all plots...
2026-09-13 18:24:30,864 - visualization.plots - INFO - All plots generated.
2026-09-13 18:24:30,878 - experiments.runner - INFO - Visualizations generated.
2026-09-13 18:24:30,930 - experiments.runner - INFO - Results saved to dwrf_output\results_summary.json
2026-09-13 18:24:30,945 - experiments.runner - INFO - Experiment completed successfully.
2026-09-13 18:25:38,384 - experiments.runner - INFO - Starting DARF V4 experiment: DARF
2026-09-13 18:25:38,400 - experiments.runner - INFO - MAPE near-zero floor (mape_threshold) set to: 5.1 (physical units after inverse-scaling y)
2026-09-13 18:25:38,419 - data.loader - INFO - Loading data from C:/Users/User/OneDrive/Personal/Masters/MPhil Electrical Engineering/MPhil/Research Papers/3_Technical paper/Riverside_data_dwrf.csv
2026-09-13 18:25:38,485 - experiments.runner - INFO - Preprocessing time: 0.066 seconds
2026-09-13 18:25:38,514 - experiments.runner - INFO - Data shapes: X_train=(3353, 9), X_test=(719, 9)
2026-09-13 18:25:38,532 - experiments.runner - INFO - Feature names: ['GHI', 'Ambient_Temp', 'Panel_Temp', 'Wind_Speed', 'Humidity', 'Pressure', 'SunShine', 'Hour', 'Month']
2026-09-13 18:25:38,546 - experiments.runner - INFO - Target column: DC_Power
2026-09-13 18:25:38,561 - experiments.runner - INFO - Full DataFrame columns: ['timestamp', 'Ambient_Temp', 'Humidity', 'Pressure', 'Wind_Speed', 'SunShine', 'GHI', 'Panel_Temp', 'DC_Power', 'Month', 'Hour', 'DC_Power_Level']
2026-09-13 18:25:38,577 - graph.multi_graph - INFO - Graph graph_1 edges: {'GHI': ['DC_Power', 'Panel_Temp'], 'Ambient_Temp': ['Panel_Temp', 'Humidity'], 'Panel_Temp': ['DC_Power'], 'Wind_Speed': ['Ambient_Temp', 'Humidity'], 'Hour': ['GHI', 'Ambient_Temp'], 'Month': ['GHI'], 'SunShine': ['DC_Power'], 'Pressure': [], 'Humidity': ['DC_Power']}
2026-09-13 18:25:38,591 - graph.multi_graph - INFO - Graph graph_2 edges: {'GHI': ['DC_Power', 'Panel_Temp'], 'Ambient_Temp': ['Panel_Temp', 'Humidity'], 'Panel_Temp': ['DC_Power'], 'Wind_Speed': ['Ambient_Temp'], 'Hour': ['GHI', 'Ambient_Temp'], 'Month': ['GHI'], 'Humidity': ['DC_Power']}
2026-09-13 18:25:38,604 - graph.multi_graph - INFO - Graph graph_3 edges: {'GHI': ['DC_Power', 'Panel_Temp'], 'Panel_Temp': ['DC_Power'], 'Ambient_Temp': ['DC_Power', 'Panel_Temp', 'Humidity'], 'Wind_Speed': ['DC_Power', 'Panel_Temp', 'Ambient_Temp', 'Humidity'], 'Humidity': ['DC_Power'], 'Hour': ['Ambient_Temp'], 'Month': ['Ambient_Temp', 'Humidity']}
2026-09-13 18:25:38,617 - experiments.runner - INFO - ============================================================
2026-09-13 18:25:38,629 - experiments.runner - INFO - Processing graph: graph_1
2026-09-13 18:25:38,641 - experiments.runner - INFO - ============================================================
2026-09-13 18:25:38,653 - experiments.runner - INFO - Exact match: 'GHI' -> 'GHI'
2026-09-13 18:25:38,665 - experiments.runner - INFO - Exact match: 'DC_Power' -> 'DC_Power'
2026-09-13 18:25:38,677 - experiments.runner - INFO - Exact match: 'Panel_Temp' -> 'Panel_Temp'
2026-09-13 18:25:38,688 - experiments.runner - INFO - Exact match: 'Ambient_Temp' -> 'Ambient_Temp'
2026-09-13 18:25:38,700 - experiments.runner - INFO - Exact match: 'Humidity' -> 'Humidity'
2026-09-13 18:25:38,714 - experiments.runner - INFO - Exact match: 'Wind_Speed' -> 'Wind_Speed'
2026-09-13 18:25:38,728 - experiments.runner - INFO - Exact match: 'Hour' -> 'Hour'
2026-09-13 18:25:38,738 - experiments.runner - INFO - Exact match: 'Month' -> 'Month'
2026-09-13 18:25:38,749 - experiments.runner - INFO - Exact match: 'SunShine' -> 'SunShine'
2026-09-13 18:25:38,761 - experiments.runner - INFO - Estimating DRWs with alpha=0.001...
2026-09-13 18:25:38,782 - graph.ridge_estimator - INFO - DRW coefficients for GHI (parents ['Hour', 'Month']): {'Hour': np.float64(0.09191525046233252), 'Month': np.float64(-0.0702043234618354)}
2026-09-13 18:25:38,798 - graph.ridge_estimator - INFO - R² for node GHI: 0.0137
2026-09-13 18:25:38,819 - graph.ridge_estimator - INFO - DRW coefficients for DC_Power (parents ['GHI', 'Panel_Temp', 'SunShine', 'Humidity']): {'GHI': np.float64(0.34626309261009086), 'Panel_Temp': np.float64(0.6712819204539988), 'SunShine': np.float64(-0.29873619633161985), 'Humidity': np.float64(0.026519115821653703)}
2026-09-13 18:25:38,836 - graph.ridge_estimator - INFO - R² for node DC_Power: 0.8212
2026-09-13 18:25:38,854 - graph.ridge_estimator - INFO - DRW coefficients for Panel_Temp (parents ['GHI', 'Ambient_Temp']): {'GHI': np.float64(0.3283308196366098), 'Ambient_Temp': np.float64(0.7218487637709391)}
2026-09-13 18:25:38,869 - graph.ridge_estimator - INFO - R² for node Panel_Temp: 0.8695
2026-09-13 18:25:38,884 - graph.ridge_estimator - INFO - DRW coefficients for Ambient_Temp (parents ['Wind_Speed', 'Hour']): {'Wind_Speed': np.float64(0.32398615695559935), 'Hour': np.float64(0.3873885407511019)}
2026-09-13 18:25:38,898 - graph.ridge_estimator - INFO - R² for node Ambient_Temp: 0.2715
2026-09-13 18:25:38,918 - graph.ridge_estimator - INFO - DRW coefficients for Humidity (parents ['Ambient_Temp', 'Wind_Speed']): {'Ambient_Temp': np.float64(-0.6551916119343523), 'Wind_Speed': np.float64(-0.09802396605255873)}
2026-09-13 18:25:38,932 - graph.ridge_estimator - INFO - R² for node Humidity: 0.4838
2026-09-13 18:25:38,942 - graph.ridge_estimator - INFO - DRW estimation complete for 5 nodes
2026-09-13 18:25:38,953 - graph.ridge_estimator - INFO - DRW dictionary: {'GHI': {'Hour': np.float64(0.5669596103510995), 'Month': np.float64(0.43304038964890046)}, 'DC_Power': {'GHI': np.float64(0.25786640508449393), 'Panel_Temp': np.float64(0.4999119436058643), 'SunShine': np.float64(0.22247253796521269), 'Humidity': np.float64(0.0197491133444289)}, 'Panel_Temp': {'GHI': np.float64(0.31264254687875864), 'Ambient_Temp': np.float64(0.6873574531212414)}, 'Ambient_Temp': {'Wind_Speed': np.float64(0.45543671710569944), 'Hour': np.float64(0.5445632828943006)}, 'Humidity': {'Ambient_Temp': np.float64(0.8698593484822188), 'Wind_Speed': np.float64(0.1301406515177812)}}
2026-09-13 18:25:38,969 - graph.ridge_estimator - INFO - R² scores: {'GHI': 0.013653082575271758, 'DC_Power': 0.8212201343982459, 'Panel_Temp': 0.8695267881976556, 'Ambient_Temp': 0.27150220660700397, 'Humidity': 0.48376455345814096, 'Wind_Speed': 0.0, 'Hour': 0.0, 'Month': 0.0, 'SunShine': 0.0}
2026-09-13 18:25:38,991 - experiments.runner - INFO - DRW estimation complete for 5 nodes
2026-09-13 18:25:39,004 - experiments.runner - INFO - Computing DPWs for target: DC_Power
2026-09-13 18:25:39,016 - graph.domain_prior - INFO - Final DPW for input features (with intrinsic): {'GHI': np.float64(0.2568620495335465), 'Ambient_Temp': np.float64(0.2003241899779219), 'Panel_Temp': np.float64(0.32610167883871227), 'Wind_Speed': np.float64(0.025581563663868715), 'Humidity': np.float64(0.012882706843811306), 'Pressure': np.float64(0.0), 'SunShine': np.float64(0.14512289424947833), 'Hour': np.float64(0.03160626209923311), 'Month': np.float64(0.0015186547934278182)}
2026-09-13 18:25:39,029 - experiments.runner - INFO - Raw DPW for graph_1: {'GHI': np.float64(0.2568620495335465), 'Ambient_Temp': np.float64(0.2003241899779219), 'Panel_Temp': np.float64(0.32610167883871227), 'Wind_Speed': np.float64(0.025581563663868715), 'Humidity': np.float64(0.012882706843811306), 'Pressure': np.float64(0.0), 'SunShine': np.float64(0.14512289424947833), 'Hour': np.float64(0.03160626209923311), 'Month': np.float64(0.0015186547934278182)}
2026-09-13 18:25:39,042 - experiments.runner - INFO - R² used for intrinsic γ: {'GHI': 0.013653082575271758, 'DC_Power': 0.8212201343982459, 'Panel_Temp': 0.8695267881976556, 'Ambient_Temp': 0.27150220660700397, 'Humidity': 0.48376455345814096, 'Wind_Speed': 0.0, 'Hour': 0.0, 'Month': 0.0, 'SunShine': 0.0}
2026-09-13 18:25:39,059 - experiments.runner - INFO - Filtered DPW (pre-smooth) for graph_1: {'GHI': np.float64(0.2568620495335465), 'Ambient_Temp': np.float64(0.2003241899779219), 'Panel_Temp': np.float64(0.32610167883871227), 'Wind_Speed': np.float64(0.025581563663868715), 'Humidity': np.float64(0.012882706843811306), 'Pressure': np.float64(0.0), 'SunShine': np.float64(0.14512289424947833), 'Hour': np.float64(0.03160626209923311), 'Month': np.float64(0.0015186547934278182)}
2026-09-13 18:25:39,072 - experiments.runner - INFO - Training sampling P (α=0.3) for graph_1: {'GHI': 0.21313676800681589, 'Ambient_Temp': 0.17356026631787863, 'Panel_Temp': 0.26160450852043193, 'Wind_Speed': 0.05124042789804143, 'Humidity': 0.042351228124001244, 'Pressure': 0.03333333333333333, 'SunShine': 0.13491935930796817, 'Hour': 0.055457716802796514, 'Month': 0.034396391688732805}
2026-09-13 18:25:39,085 - experiments.runner - INFO - ============================================================
2026-09-13 18:25:39,099 - experiments.runner - INFO - Processing graph: graph_2
2026-09-13 18:25:39,110 - experiments.runner - INFO - ============================================================
2026-09-13 18:25:39,166 - experiments.runner - INFO - Exact match: 'GHI' -> 'GHI'
2026-09-13 18:25:39,177 - experiments.runner - INFO - Exact match: 'DC_Power' -> 'DC_Power'
2026-09-13 18:25:39,188 - experiments.runner - INFO - Exact match: 'Panel_Temp' -> 'Panel_Temp'
2026-09-13 18:25:39,200 - experiments.runner - INFO - Exact match: 'Ambient_Temp' -> 'Ambient_Temp'
2026-09-13 18:25:39,213 - experiments.runner - INFO - Exact match: 'Humidity' -> 'Humidity'
2026-09-13 18:25:39,229 - experiments.runner - INFO - Exact match: 'Wind_Speed' -> 'Wind_Speed'
2026-09-13 18:25:39,242 - experiments.runner - INFO - Exact match: 'Hour' -> 'Hour'
2026-09-13 18:25:39,252 - experiments.runner - INFO - Exact match: 'Month' -> 'Month'
2026-09-13 18:25:39,265 - experiments.runner - INFO - Estimating DRWs with alpha=0.001...
2026-09-13 18:25:39,289 - graph.ridge_estimator - INFO - DRW coefficients for GHI (parents ['Hour', 'Month']): {'Hour': np.float64(0.09191525046233252), 'Month': np.float64(-0.0702043234618354)}
2026-09-13 18:25:39,303 - graph.ridge_estimator - INFO - R² for node GHI: 0.0137
2026-09-13 18:25:39,325 - graph.ridge_estimator - INFO - DRW coefficients for DC_Power (parents ['GHI', 'Panel_Temp', 'Humidity']): {'GHI': np.float64(0.3804491661695964), 'Panel_Temp': np.float64(0.6744658906065989), 'Humidity': np.float64(0.20322399319262252)}
2026-09-13 18:25:39,347 - graph.ridge_estimator - INFO - R² for node DC_Power: 0.7582
2026-09-13 18:25:39,362 - graph.ridge_estimator - INFO - DRW coefficients for Panel_Temp (parents ['GHI', 'Ambient_Temp']): {'GHI': np.float64(0.3283308196366098), 'Ambient_Temp': np.float64(0.7218487637709391)}
2026-09-13 18:25:39,380 - graph.ridge_estimator - INFO - R² for node Panel_Temp: 0.8695
2026-09-13 18:25:39,413 - graph.ridge_estimator - INFO - DRW coefficients for Ambient_Temp (parents ['Wind_Speed', 'Hour']): {'Wind_Speed': np.float64(0.32398615695559935), 'Hour': np.float64(0.3873885407511019)}
2026-09-13 18:25:39,450 - graph.ridge_estimator - INFO - R² for node Ambient_Temp: 0.2715
2026-09-13 18:25:39,495 - graph.ridge_estimator - INFO - DRW coefficients for Humidity (parents ['Ambient_Temp']): {'Ambient_Temp': np.float64(-0.6894408405502239)}
2026-09-13 18:25:39,524 - graph.ridge_estimator - INFO - R² for node Humidity: 0.4753
2026-09-13 18:25:39,549 - graph.ridge_estimator - INFO - DRW estimation complete for 5 nodes
2026-09-13 18:25:39,560 - graph.ridge_estimator - INFO - DRW dictionary: {'GHI': {'Hour': np.float64(0.5669596103510995), 'Month': np.float64(0.43304038964890046)}, 'DC_Power': {'GHI': np.float64(0.3023903964979273), 'Panel_Temp': np.float64(0.5360821529411356), 'Humidity': np.float64(0.16152745056093704)}, 'Panel_Temp': {'GHI': np.float64(0.31264254687875864), 'Ambient_Temp': np.float64(0.6873574531212414)}, 'Ambient_Temp': {'Wind_Speed': np.float64(0.45543671710569944), 'Hour': np.float64(0.5445632828943006)}, 'Humidity': {'Ambient_Temp': np.float64(1.0)}}
2026-09-13 18:25:39,609 - graph.ridge_estimator - INFO - R² scores: {'GHI': 0.013653082575271758, 'DC_Power': 0.7581584922917597, 'Panel_Temp': 0.8695267881976556, 'Ambient_Temp': 0.27150220660700397, 'Humidity': 0.4753288710442609, 'Wind_Speed': 0.0, 'Hour': 0.0, 'Month': 0.0}
2026-09-13 18:25:39,619 - experiments.runner - INFO - DRW estimation complete for 5 nodes
2026-09-13 18:25:39,631 - experiments.runner - INFO - Computing DPWs for target: DC_Power
2026-09-13 18:25:39,653 - graph.domain_prior - INFO - Final DPW for input features (with intrinsic): {'GHI': np.float64(0.270464649611155), 'Ambient_Temp': np.float64(0.23971815731815185), 'Panel_Temp': np.float64(0.3235510247827767), 'Wind_Speed': np.float64(0.029641647247313774), 'Humidity': np.float64(0.0974894834174402), 'Pressure': np.float64(0.0), 'SunShine': np.float64(0.0), 'Hour': np.float64(0.037535959684904696), 'Month': np.float64(0.0015990779382577195)}
2026-09-13 18:25:39,666 - experiments.runner - INFO - Raw DPW for graph_2: {'GHI': np.float64(0.270464649611155), 'Ambient_Temp': np.float64(0.23971815731815185), 'Panel_Temp': np.float64(0.3235510247827767), 'Wind_Speed': np.float64(0.029641647247313774), 'Humidity': np.float64(0.0974894834174402), 'Pressure': np.float64(0.0), 'SunShine': np.float64(0.0), 'Hour': np.float64(0.037535959684904696), 'Month': np.float64(0.0015990779382577195)}
2026-09-13 18:25:39,678 - experiments.runner - INFO - R² used for intrinsic γ: {'GHI': 0.013653082575271758, 'DC_Power': 0.7581584922917597, 'Panel_Temp': 0.8695267881976556, 'Ambient_Temp': 0.27150220660700397, 'Humidity': 0.4753288710442609, 'Wind_Speed': 0.0, 'Hour': 0.0, 'Month': 0.0}
2026-09-13 18:25:39,689 - experiments.runner - INFO - Filtered DPW (pre-smooth) for graph_2: {'GHI': np.float64(0.270464649611155), 'Ambient_Temp': np.float64(0.23971815731815185), 'Panel_Temp': np.float64(0.3235510247827767), 'Wind_Speed': np.float64(0.029641647247313774), 'Humidity': np.float64(0.0974894834174402), 'Pressure': np.float64(0.0), 'SunShine': np.float64(0.0), 'Hour': np.float64(0.037535959684904696), 'Month': np.float64(0.0015990779382577195)}
2026-09-13 18:25:39,701 - experiments.runner - INFO - Training sampling P (α=0.3) for graph_2: {'GHI': 0.22265858806114183, 'Ambient_Temp': 0.2011360434560396, 'Panel_Temp': 0.25981905068127703, 'Wind_Speed': 0.054082486406452975, 'Humidity': 0.10157597172554148, 'Pressure': 0.03333333333333333, 'SunShine': 0.03333333333333333, 'Hour': 0.05960850511276662, 'Month': 0.034452687890113735}
2026-09-13 18:25:39,713 - experiments.runner - INFO - ============================================================
2026-09-13 18:25:39,724 - experiments.runner - INFO - Processing graph: graph_3
2026-09-13 18:25:39,736 - experiments.runner - INFO - ============================================================
2026-09-13 18:25:39,749 - experiments.runner - INFO - Exact match: 'GHI' -> 'GHI'
2026-09-13 18:25:39,760 - experiments.runner - INFO - Exact match: 'DC_Power' -> 'DC_Power'
2026-09-13 18:25:39,774 - experiments.runner - INFO - Exact match: 'Panel_Temp' -> 'Panel_Temp'
2026-09-13 18:25:39,785 - experiments.runner - INFO - Exact match: 'Ambient_Temp' -> 'Ambient_Temp'
2026-09-13 18:25:39,797 - experiments.runner - INFO - Exact match: 'Humidity' -> 'Humidity'
2026-09-13 18:25:39,808 - experiments.runner - INFO - Exact match: 'Wind_Speed' -> 'Wind_Speed'
2026-09-13 18:25:39,819 - experiments.runner - INFO - Exact match: 'Hour' -> 'Hour'
2026-09-13 18:25:39,832 - experiments.runner - INFO - Exact match: 'Month' -> 'Month'
2026-09-13 18:25:39,844 - experiments.runner - INFO - Estimating DRWs with alpha=0.001...
2026-09-13 18:25:39,864 - graph.ridge_estimator - INFO - DRW coefficients for DC_Power (parents ['GHI', 'Panel_Temp', 'Ambient_Temp', 'Wind_Speed', 'Humidity']): {'GHI': np.float64(0.204480637446251), 'Panel_Temp': np.float64(1.3289315321446737), 'Ambient_Temp': np.float64(-0.7457558162888255), 'Wind_Speed': np.float64(0.03448776848683779), 'Humidity': np.float64(0.015102642108431685)}
2026-09-13 18:25:39,882 - graph.ridge_estimator - INFO - R² for node DC_Power: 0.8445
2026-09-13 18:25:39,898 - graph.ridge_estimator - INFO - DRW coefficients for Panel_Temp (parents ['GHI', 'Ambient_Temp', 'Wind_Speed']): {'GHI': np.float64(0.3025342658600985), 'Ambient_Temp': np.float64(0.6901831211685034), 'Wind_Speed': np.float64(0.1281146428945451)}
2026-09-13 18:25:39,911 - graph.ridge_estimator - INFO - R² for node Panel_Temp: 0.8834
2026-09-13 18:25:39,928 - graph.ridge_estimator - INFO - DRW coefficients for Ambient_Temp (parents ['Wind_Speed', 'Hour', 'Month']): {'Wind_Speed': np.float64(0.29163078029434875), 'Hour': np.float64(0.3955494906933935), 'Month': np.float64(0.282348148432042)}
2026-09-13 18:25:39,942 - graph.ridge_estimator - INFO - R² for node Ambient_Temp: 0.3501
2026-09-13 18:25:39,958 - graph.ridge_estimator - INFO - DRW coefficients for Humidity (parents ['Ambient_Temp', 'Wind_Speed', 'Month']): {'Ambient_Temp': np.float64(-0.7529004640516184), 'Wind_Speed': np.float64(-0.10004078680741665), 'Month': np.float64(0.32082160804206583)}
2026-09-13 18:25:39,973 - graph.ridge_estimator - INFO - R² for node Humidity: 0.5770
2026-09-13 18:25:39,983 - graph.ridge_estimator - INFO - DRW estimation complete for 4 nodes
2026-09-13 18:25:39,993 - graph.ridge_estimator - INFO - DRW dictionary: {'DC_Power': {'GHI': np.float64(0.08780672042053311), 'Panel_Temp': np.float64(0.5706609728841956), 'Ambient_Temp': np.float64(0.320237521169073), 'Wind_Speed': np.float64(0.014809509023796123), 'Humidity': np.float64(0.006485276502402379)}, 'Panel_Temp': {'GHI': np.float64(0.26991936149508733), 'Ambient_Temp': np.float64(0.6157774784646614), 'Wind_Speed': np.float64(0.11430316004025119)}, 'Ambient_Temp': {'Wind_Speed': np.float64(0.3007965258706657), 'Hour': np.float64(0.40798132656091785), 'Month': np.float64(0.29122214756841647)}, 'Humidity': {'Ambient_Temp': np.float64(0.6414417174151328), 'Wind_Speed': np.float64(0.08523083351016639), 'Month': np.float64(0.27332744907470075)}}
2026-09-13 18:25:40,010 - graph.ridge_estimator - INFO - R² scores: {'GHI': 0.0, 'DC_Power': 0.8444608702250931, 'Panel_Temp': 0.8834425082770287, 'Ambient_Temp': 0.350143882471891, 'Humidity': 0.5770023350339799, 'Wind_Speed': 0.0, 'Hour': 0.0, 'Month': 0.0}
2026-09-13 18:25:40,020 - experiments.runner - INFO - DRW estimation complete for 4 nodes
2026-09-13 18:25:40,031 - experiments.runner - INFO - Computing DPWs for target: DC_Power
2026-09-13 18:25:40,044 - graph.domain_prior - INFO - Final DPW for input features (with intrinsic): {'GHI': np.float64(0.1294467373958688), 'Ambient_Temp': np.float64(0.3660356989105594), 'Panel_Temp': np.float64(0.3299462943296303), 'Wind_Speed': np.float64(0.08061670578130667), 'Humidity': np.float64(0.003749674590249085), 'Pressure': np.float64(0.0), 'SunShine': np.float64(0.0), 'Hour': np.float64(0.05228899229753947), 'Month': np.float64(0.03791589669484631)}
2026-09-13 18:25:40,059 - experiments.runner - INFO - Raw DPW for graph_3: {'GHI': np.float64(0.1294467373958688), 'Ambient_Temp': np.float64(0.3660356989105594), 'Panel_Temp': np.float64(0.3299462943296303), 'Wind_Speed': np.float64(0.08061670578130667), 'Humidity': np.float64(0.003749674590249085), 'Pressure': np.float64(0.0), 'SunShine': np.float64(0.0), 'Hour': np.float64(0.05228899229753947), 'Month': np.float64(0.03791589669484631)}
2026-09-13 18:25:40,069 - experiments.runner - INFO - R² used for intrinsic γ: {'GHI': 0.0, 'DC_Power': 0.8444608702250931, 'Panel_Temp': 0.8834425082770287, 'Ambient_Temp': 0.350143882471891, 'Humidity': 0.5770023350339799, 'Wind_Speed': 0.0, 'Hour': 0.0, 'Month': 0.0}
2026-09-13 18:25:40,083 - experiments.runner - INFO - Filtered DPW (pre-smooth) for graph_3: {'GHI': np.float64(0.1294467373958688), 'Ambient_Temp': np.float64(0.3660356989105594), 'Panel_Temp': np.float64(0.3299462943296303), 'Wind_Speed': np.float64(0.08061670578130667), 'Humidity': np.float64(0.003749674590249085), 'Pressure': np.float64(0.0), 'SunShine': np.float64(0.0), 'Hour': np.float64(0.05228899229753947), 'Month': np.float64(0.03791589669484631)}
2026-09-13 18:25:40,097 - experiments.runner - INFO - Training sampling P (α=0.3) for graph_3: {'GHI': 0.12394604951044147, 'Ambient_Temp': 0.2895583225707249, 'Panel_Temp': 0.2642957393640745, 'Wind_Speed': 0.089765027380248, 'Humidity': 0.03595810554650769, 'Pressure': 0.03333333333333333, 'SunShine': 0.03333333333333333, 'Hour': 0.06993562794161096, 'Month': 0.05987446101972575}
2026-09-13 18:25:40,116 - experiments.runner - INFO - Baselines: RF + XGBoost always | Domain-weighted experimental: ['bagging'] (bagging.enabled=True, boosting.enabled=False, experiment_type=AlgorithmType.COMPARISON)
2026-09-13 18:25:40,127 - experiments.runner - INFO - Total tasks: 135
2026-09-13 18:36:22,895 - experiments.runner - INFO - Valid results: 135 / 135
2026-09-13 18:36:22,997 - experiments.runner - INFO - RF predictions averaged over 45 runs (physical units)
2026-09-13 18:36:23,020 - experiments.runner - INFO - XGBoost predictions averaged over 45 runs (physical units)
2026-09-13 18:36:23,044 - experiments.runner - INFO - DARF predictions averaged over 45 runs (physical units)
2026-09-13 18:36:23,062 - experiments.runner - INFO - Average timing: {'Preprocessing': 0.06611275672912598, 'Training': {'RF': 5.7974194525948, 'XGBoost': 4.4378652185195175, 'DARF': 6.037198608148739}, 'Inference': {'RF': 1.0761954822230446, 'XGBoost': 0.042230831112290076, 'DARF': 1.4305440296306862}}
2026-09-13 18:36:23,123 - experiments.runner - INFO - Model result keys: ['graph_1_bagging_rf', 'graph_1_bagging_dwrf', 'graph_1_bagging_xgb', 'graph_2_bagging_rf', 'graph_2_bagging_dwrf', 'graph_2_bagging_xgb', 'graph_3_bagging_rf', 'graph_3_bagging_dwrf', 'graph_3_bagging_xgb']
2026-09-13 18:36:34,611 - analysis.sensitivity - WARNING - full_df_scaled / graphs missing from data_dict – λ-sensitivity will reuse the original DPW (incomplete).
2026-09-13 18:36:34,640 - analysis.sensitivity - INFO - λ-sensitivity: estimating DRW/DPW with λ=0.01
2026-09-13 18:36:41,833 - analysis.sensitivity - INFO - λ=0.01 (seed=10042) → MAE=0.3552, MAPE=77.5527
2026-09-13 18:36:41,859 - analysis.sensitivity - INFO - λ-sensitivity: estimating DRW/DPW with λ=0.05
2026-09-13 18:36:48,883 - analysis.sensitivity - INFO - λ=0.05 (seed=50042) → MAE=0.3726, MAPE=80.0229
2026-09-13 18:36:48,912 - analysis.sensitivity - INFO - λ-sensitivity: estimating DRW/DPW with λ=0.1
2026-09-13 18:36:53,909 - analysis.sensitivity - INFO - λ=0.1 (seed=100042) → MAE=0.3586, MAPE=75.7810
2026-09-13 18:36:53,924 - analysis.sensitivity - INFO - λ-sensitivity: estimating DRW/DPW with λ=0.5
2026-09-13 18:36:58,577 - analysis.sensitivity - INFO - λ=0.5 (seed=500042) → MAE=0.3656, MAPE=79.6570
2026-09-13 18:36:58,602 - analysis.sensitivity - INFO - λ-sensitivity: estimating DRW/DPW with λ=1.0
2026-09-13 18:37:05,378 - analysis.sensitivity - INFO - λ=1.0 (seed=1000042) → MAE=0.3634, MAPE=79.0872
2026-09-13 18:37:05,397 - analysis.sensitivity - INFO - λ-sensitivity: estimating DRW/DPW with λ=2.0
2026-09-13 18:37:09,990 - analysis.sensitivity - INFO - λ=2.0 (seed=2000042) → MAE=0.3672, MAPE=79.7476
2026-09-13 18:37:10,008 - analysis.sensitivity - INFO - λ-sensitivity: estimating DRW/DPW with λ=5.0
2026-09-13 18:37:14,020 - analysis.sensitivity - INFO - λ=5.0 (seed=5000042) → MAE=0.3708, MAPE=81.7319
2026-09-13 18:37:14,037 - analysis.sensitivity - INFO - λ-sensitivity: estimating DRW/DPW with λ=7.0
2026-09-13 18:37:19,037 - analysis.sensitivity - INFO - λ=7.0 (seed=7000042) → MAE=0.3561, MAPE=78.1523
2026-09-13 18:37:19,054 - analysis.sensitivity - INFO - λ-sensitivity: estimating DRW/DPW with λ=10.0
2026-09-13 18:37:23,361 - analysis.sensitivity - INFO - λ=10.0 (seed=10000042) → MAE=0.3687, MAPE=82.6128
2026-09-13 18:37:27,723 - analysis.sensitivity - INFO - α=0.01 (seed=10010042) → MAE=0.3662
2026-09-13 18:37:33,008 - analysis.sensitivity - INFO - α=0.05 (seed=10050042) → MAE=0.3655
2026-09-13 18:37:38,083 - analysis.sensitivity - INFO - α=0.1 (seed=10100042) → MAE=0.3744
2026-09-13 18:37:42,219 - analysis.sensitivity - INFO - α=0.2 (seed=10200042) → MAE=0.3616
2026-09-13 18:37:46,867 - analysis.sensitivity - INFO - α=0.3 (seed=10300042) → MAE=0.3411
2026-09-13 18:37:51,467 - analysis.sensitivity - INFO - α=0.4 (seed=10400042) → MAE=0.3470
2026-09-13 18:37:55,320 - analysis.sensitivity - INFO - α=0.5 (seed=10500042) → MAE=0.3441
2026-09-13 18:37:59,745 - analysis.sensitivity - INFO - α=0.7 (seed=10700042) → MAE=0.3579
2026-09-13 18:38:05,882 - analysis.sensitivity - INFO - α=1.0 (seed=11000042) → MAE=0.3625
2026-09-13 18:38:13,988 - evaluation.metrics - WARNING - mape_threshold=5.1 excluded all 11 points (max |y|=0.08). Falling back to full-set MAPE. Use a smaller floor in the same units as y, or ensure y is inverse-scaled to physical units before metrics.
2026-09-13 18:38:14,022 - evaluation.metrics - WARNING - mape_threshold=5.1 excluded all 11 points (max |y|=0.08). Falling back to full-set MAPE. Use a smaller floor in the same units as y, or ensure y is inverse-scaled to physical units before metrics.
2026-09-13 18:38:14,043 - evaluation.metrics - WARNING - mape_threshold=5.1 excluded all 11 points (max |y|=0.08). Falling back to full-set MAPE. Use a smaller floor in the same units as y, or ensure y is inverse-scaled to physical units before metrics.
2026-09-13 18:38:14,079 - evaluation.metrics - WARNING - mape_threshold=5.1 excluded all 52 points (max |y|=2.75). Falling back to full-set MAPE. Use a smaller floor in the same units as y, or ensure y is inverse-scaled to physical units before metrics.
2026-09-13 18:38:14,100 - evaluation.metrics - WARNING - mape_threshold=5.1 excluded all 52 points (max |y|=2.75). Falling back to full-set MAPE. Use a smaller floor in the same units as y, or ensure y is inverse-scaled to physical units before metrics.
2026-09-13 18:38:14,122 - evaluation.metrics - WARNING - mape_threshold=5.1 excluded all 52 points (max |y|=2.75). Falling back to full-set MAPE. Use a smaller floor in the same units as y, or ensure y is inverse-scaled to physical units before metrics.
2026-09-13 18:38:14,252 - evaluation.metrics - WARNING - mape_threshold=5.1 excluded all 50 points (max |y|=0.85). Falling back to full-set MAPE. Use a smaller floor in the same units as y, or ensure y is inverse-scaled to physical units before metrics.
2026-09-13 18:38:14,274 - evaluation.metrics - WARNING - mape_threshold=5.1 excluded all 50 points (max |y|=0.85). Falling back to full-set MAPE. Use a smaller floor in the same units as y, or ensure y is inverse-scaled to physical units before metrics.
2026-09-13 18:38:14,296 - evaluation.metrics - WARNING - mape_threshold=5.1 excluded all 50 points (max |y|=0.85). Falling back to full-set MAPE. Use a smaller floor in the same units as y, or ensure y is inverse-scaled to physical units before metrics.
2026-09-13 18:38:14,311 - experiments.runner - INFO - Temporal analysis completed (RF, XGBoost, experimental).
2026-09-13 18:38:14,329 - experiments.runner - INFO - Viz keys: rf=graph_1_bagging_rf, dwrf=graph_1_bagging_dwrf, xgb=graph_1_bagging_xgb
2026-09-13 18:38:14,370 - visualization.plots - INFO - Generating all plots...
2026-09-13 18:38:28,745 - visualization.plots - INFO - All plots generated.
2026-09-13 18:38:28,758 - experiments.runner - INFO - Visualizations generated.
2026-09-13 18:38:28,816 - experiments.runner - INFO - Results saved to dwrf_output\results_summary.json
2026-09-13 18:38:28,833 - experiments.runner - INFO - Experiment completed successfully.
2026-09-13 18:46:18,890 - experiments.runner - INFO - Starting DARF V4 experiment: DARF
2026-09-13 18:46:18,907 - experiments.runner - INFO - MAPE near-zero floor (mape_threshold) set to: 5.1 (physical units after inverse-scaling y)
2026-09-13 18:46:18,925 - data.loader - INFO - Loading data from C:/Users/User/OneDrive/Personal/Masters/MPhil Electrical Engineering/MPhil/Research Papers/3_Technical paper/Riverside_data_dwrf.csv
2026-09-13 18:46:19,048 - experiments.runner - INFO - Preprocessing time: 0.123 seconds
2026-09-13 18:46:19,091 - experiments.runner - INFO - Data shapes: X_train=(3353, 9), X_test=(719, 9)
2026-09-13 18:46:19,112 - experiments.runner - INFO - Feature names: ['GHI', 'Ambient_Temp', 'Panel_Temp', 'Wind_Speed', 'Humidity', 'Pressure', 'SunShine', 'Hour', 'Month']
2026-09-13 18:46:19,132 - experiments.runner - INFO - Target column: DC_Power
2026-09-13 18:46:19,150 - experiments.runner - INFO - Full DataFrame columns: ['timestamp', 'Ambient_Temp', 'Humidity', 'Pressure', 'Wind_Speed', 'SunShine', 'GHI', 'Panel_Temp', 'DC_Power', 'Month', 'Hour', 'DC_Power_Level']
2026-09-13 18:46:19,168 - graph.multi_graph - INFO - Graph graph_1 edges: {'GHI': ['DC_Power', 'Panel_Temp'], 'Ambient_Temp': ['Panel_Temp', 'Humidity'], 'Panel_Temp': ['DC_Power'], 'Wind_Speed': ['Ambient_Temp', 'Humidity'], 'Hour': ['GHI', 'Ambient_Temp'], 'Month': ['GHI'], 'SunShine': ['DC_Power'], 'Pressure': [], 'Humidity': ['DC_Power']}
2026-09-13 18:46:19,184 - graph.multi_graph - INFO - Graph graph_2 edges: {'GHI': ['DC_Power', 'Panel_Temp'], 'Ambient_Temp': ['Panel_Temp', 'Humidity'], 'Panel_Temp': ['DC_Power'], 'Wind_Speed': ['Ambient_Temp'], 'Hour': ['GHI', 'Ambient_Temp'], 'Month': ['GHI'], 'Humidity': ['DC_Power']}
2026-09-13 18:46:19,200 - graph.multi_graph - INFO - Graph graph_3 edges: {'GHI': ['DC_Power', 'Panel_Temp'], 'Panel_Temp': ['DC_Power'], 'Ambient_Temp': ['DC_Power', 'Panel_Temp', 'Humidity'], 'Wind_Speed': ['DC_Power', 'Panel_Temp', 'Ambient_Temp', 'Humidity'], 'Humidity': ['DC_Power'], 'Hour': ['Ambient_Temp'], 'Month': ['Ambient_Temp', 'Humidity']}
2026-09-13 18:46:19,217 - experiments.runner - INFO - ============================================================
2026-09-13 18:46:19,232 - experiments.runner - INFO - Processing graph: graph_1
2026-09-13 18:46:19,250 - experiments.runner - INFO - ============================================================
2026-09-13 18:46:19,266 - experiments.runner - INFO - Exact match: 'GHI' -> 'GHI'
2026-09-13 18:46:19,280 - experiments.runner - INFO - Exact match: 'DC_Power' -> 'DC_Power'
2026-09-13 18:46:19,293 - experiments.runner - INFO - Exact match: 'Panel_Temp' -> 'Panel_Temp'
2026-09-13 18:46:19,309 - experiments.runner - INFO - Exact match: 'Ambient_Temp' -> 'Ambient_Temp'
2026-09-13 18:46:19,330 - experiments.runner - INFO - Exact match: 'Humidity' -> 'Humidity'
2026-09-13 18:46:19,352 - experiments.runner - INFO - Exact match: 'Wind_Speed' -> 'Wind_Speed'
2026-09-13 18:46:19,372 - experiments.runner - INFO - Exact match: 'Hour' -> 'Hour'
2026-09-13 18:46:19,393 - experiments.runner - INFO - Exact match: 'Month' -> 'Month'
2026-09-13 18:46:19,421 - experiments.runner - INFO - Exact match: 'SunShine' -> 'SunShine'
2026-09-13 18:46:19,437 - experiments.runner - INFO - Estimating DRWs with alpha=0.001...
2026-09-13 18:46:19,469 - graph.ridge_estimator - INFO - DRW coefficients for GHI (parents ['Hour', 'Month']): {'Hour': np.float64(0.09191525046233252), 'Month': np.float64(-0.0702043234618354)}
2026-09-13 18:46:19,489 - graph.ridge_estimator - INFO - R² for node GHI: 0.0137
2026-09-13 18:46:19,512 - graph.ridge_estimator - INFO - DRW coefficients for DC_Power (parents ['GHI', 'Panel_Temp', 'SunShine', 'Humidity']): {'GHI': np.float64(0.34626309261009086), 'Panel_Temp': np.float64(0.6712819204539988), 'SunShine': np.float64(-0.29873619633161985), 'Humidity': np.float64(0.026519115821653703)}
2026-09-13 18:46:19,535 - graph.ridge_estimator - INFO - R² for node DC_Power: 0.8212
2026-09-13 18:46:19,559 - graph.ridge_estimator - INFO - DRW coefficients for Panel_Temp (parents ['GHI', 'Ambient_Temp']): {'GHI': np.float64(0.3283308196366098), 'Ambient_Temp': np.float64(0.7218487637709391)}
2026-09-13 18:46:19,581 - graph.ridge_estimator - INFO - R² for node Panel_Temp: 0.8695
2026-09-13 18:46:19,604 - graph.ridge_estimator - INFO - DRW coefficients for Ambient_Temp (parents ['Wind_Speed', 'Hour']): {'Wind_Speed': np.float64(0.32398615695559935), 'Hour': np.float64(0.3873885407511019)}
2026-09-13 18:46:19,627 - graph.ridge_estimator - INFO - R² for node Ambient_Temp: 0.2715
2026-09-13 18:46:19,652 - graph.ridge_estimator - INFO - DRW coefficients for Humidity (parents ['Ambient_Temp', 'Wind_Speed']): {'Ambient_Temp': np.float64(-0.6551916119343523), 'Wind_Speed': np.float64(-0.09802396605255873)}
2026-09-13 18:46:19,676 - graph.ridge_estimator - INFO - R² for node Humidity: 0.4838
2026-09-13 18:46:19,694 - graph.ridge_estimator - INFO - DRW estimation complete for 5 nodes
2026-09-13 18:46:19,710 - graph.ridge_estimator - INFO - DRW dictionary: {'GHI': {'Hour': np.float64(0.5669596103510995), 'Month': np.float64(0.43304038964890046)}, 'DC_Power': {'GHI': np.float64(0.25786640508449393), 'Panel_Temp': np.float64(0.4999119436058643), 'SunShine': np.float64(0.22247253796521269), 'Humidity': np.float64(0.0197491133444289)}, 'Panel_Temp': {'GHI': np.float64(0.31264254687875864), 'Ambient_Temp': np.float64(0.6873574531212414)}, 'Ambient_Temp': {'Wind_Speed': np.float64(0.45543671710569944), 'Hour': np.float64(0.5445632828943006)}, 'Humidity': {'Ambient_Temp': np.float64(0.8698593484822188), 'Wind_Speed': np.float64(0.1301406515177812)}}
2026-09-13 18:46:19,732 - graph.ridge_estimator - INFO - R² scores: {'GHI': 0.013653082575271758, 'DC_Power': 0.8212201343982459, 'Panel_Temp': 0.8695267881976556, 'Ambient_Temp': 0.27150220660700397, 'Humidity': 0.48376455345814096, 'Wind_Speed': 0.0, 'Hour': 0.0, 'Month': 0.0, 'SunShine': 0.0}
2026-09-13 18:46:19,748 - experiments.runner - INFO - DRW estimation complete for 5 nodes
2026-09-13 18:46:19,765 - experiments.runner - INFO - Computing DPWs for target: DC_Power
2026-09-13 18:46:19,783 - graph.domain_prior - INFO - Final DPW for input features (with intrinsic): {'GHI': np.float64(0.2568620495335465), 'Ambient_Temp': np.float64(0.2003241899779219), 'Panel_Temp': np.float64(0.32610167883871227), 'Wind_Speed': np.float64(0.025581563663868715), 'Humidity': np.float64(0.012882706843811306), 'Pressure': np.float64(0.0), 'SunShine': np.float64(0.14512289424947833), 'Hour': np.float64(0.03160626209923311), 'Month': np.float64(0.0015186547934278182)}
2026-09-13 18:46:19,806 - experiments.runner - INFO - Raw DPW for graph_1: {'GHI': np.float64(0.2568620495335465), 'Ambient_Temp': np.float64(0.2003241899779219), 'Panel_Temp': np.float64(0.32610167883871227), 'Wind_Speed': np.float64(0.025581563663868715), 'Humidity': np.float64(0.012882706843811306), 'Pressure': np.float64(0.0), 'SunShine': np.float64(0.14512289424947833), 'Hour': np.float64(0.03160626209923311), 'Month': np.float64(0.0015186547934278182)}
2026-09-13 18:46:19,826 - experiments.runner - INFO - R² used for intrinsic γ: {'GHI': 0.013653082575271758, 'DC_Power': 0.8212201343982459, 'Panel_Temp': 0.8695267881976556, 'Ambient_Temp': 0.27150220660700397, 'Humidity': 0.48376455345814096, 'Wind_Speed': 0.0, 'Hour': 0.0, 'Month': 0.0, 'SunShine': 0.0}
2026-09-13 18:46:19,849 - experiments.runner - INFO - Filtered DPW (pre-smooth) for graph_1: {'GHI': np.float64(0.2568620495335465), 'Ambient_Temp': np.float64(0.2003241899779219), 'Panel_Temp': np.float64(0.32610167883871227), 'Wind_Speed': np.float64(0.025581563663868715), 'Humidity': np.float64(0.012882706843811306), 'Pressure': np.float64(0.0), 'SunShine': np.float64(0.14512289424947833), 'Hour': np.float64(0.03160626209923311), 'Month': np.float64(0.0015186547934278182)}
2026-09-13 18:46:19,871 - experiments.runner - INFO - Training sampling P (α=0.3) for graph_1: {'GHI': 0.21313676800681589, 'Ambient_Temp': 0.17356026631787863, 'Panel_Temp': 0.26160450852043193, 'Wind_Speed': 0.05124042789804143, 'Humidity': 0.042351228124001244, 'Pressure': 0.03333333333333333, 'SunShine': 0.13491935930796817, 'Hour': 0.055457716802796514, 'Month': 0.034396391688732805}
2026-09-13 18:46:19,898 - experiments.runner - INFO - ============================================================
2026-09-13 18:46:19,948 - experiments.runner - INFO - Processing graph: graph_2
2026-09-13 18:46:19,967 - experiments.runner - INFO - ============================================================
2026-09-13 18:46:19,984 - experiments.runner - INFO - Exact match: 'GHI' -> 'GHI'
2026-09-13 18:46:20,002 - experiments.runner - INFO - Exact match: 'DC_Power' -> 'DC_Power'
2026-09-13 18:46:20,018 - experiments.runner - INFO - Exact match: 'Panel_Temp' -> 'Panel_Temp'
2026-09-13 18:46:20,034 - experiments.runner - INFO - Exact match: 'Ambient_Temp' -> 'Ambient_Temp'
2026-09-13 18:46:20,053 - experiments.runner - INFO - Exact match: 'Humidity' -> 'Humidity'
2026-09-13 18:46:20,155 - experiments.runner - INFO - Exact match: 'Wind_Speed' -> 'Wind_Speed'
2026-09-13 18:46:20,171 - experiments.runner - INFO - Exact match: 'Hour' -> 'Hour'
2026-09-13 18:46:20,187 - experiments.runner - INFO - Exact match: 'Month' -> 'Month'
2026-09-13 18:46:20,206 - experiments.runner - INFO - Estimating DRWs with alpha=0.001...
2026-09-13 18:46:20,232 - graph.ridge_estimator - INFO - DRW coefficients for GHI (parents ['Hour', 'Month']): {'Hour': np.float64(0.09191525046233252), 'Month': np.float64(-0.0702043234618354)}
2026-09-13 18:46:20,254 - graph.ridge_estimator - INFO - R² for node GHI: 0.0137
2026-09-13 18:46:20,282 - graph.ridge_estimator - INFO - DRW coefficients for DC_Power (parents ['GHI', 'Panel_Temp', 'Humidity']): {'GHI': np.float64(0.3804491661695964), 'Panel_Temp': np.float64(0.6744658906065989), 'Humidity': np.float64(0.20322399319262252)}
2026-09-13 18:46:20,308 - graph.ridge_estimator - INFO - R² for node DC_Power: 0.7582
2026-09-13 18:46:20,334 - graph.ridge_estimator - INFO - DRW coefficients for Panel_Temp (parents ['GHI', 'Ambient_Temp']): {'GHI': np.float64(0.3283308196366098), 'Ambient_Temp': np.float64(0.7218487637709391)}
2026-09-13 18:46:20,357 - graph.ridge_estimator - INFO - R² for node Panel_Temp: 0.8695
2026-09-13 18:46:20,380 - graph.ridge_estimator - INFO - DRW coefficients for Ambient_Temp (parents ['Wind_Speed', 'Hour']): {'Wind_Speed': np.float64(0.32398615695559935), 'Hour': np.float64(0.3873885407511019)}
2026-09-13 18:46:20,408 - graph.ridge_estimator - INFO - R² for node Ambient_Temp: 0.2715
2026-09-13 18:46:20,434 - graph.ridge_estimator - INFO - DRW coefficients for Humidity (parents ['Ambient_Temp']): {'Ambient_Temp': np.float64(-0.6894408405502239)}
2026-09-13 18:46:20,455 - graph.ridge_estimator - INFO - R² for node Humidity: 0.4753
2026-09-13 18:46:20,500 - graph.ridge_estimator - INFO - DRW estimation complete for 5 nodes
2026-09-13 18:46:20,541 - graph.ridge_estimator - INFO - DRW dictionary: {'GHI': {'Hour': np.float64(0.5669596103510995), 'Month': np.float64(0.43304038964890046)}, 'DC_Power': {'GHI': np.float64(0.3023903964979273), 'Panel_Temp': np.float64(0.5360821529411356), 'Humidity': np.float64(0.16152745056093704)}, 'Panel_Temp': {'GHI': np.float64(0.31264254687875864), 'Ambient_Temp': np.float64(0.6873574531212414)}, 'Ambient_Temp': {'Wind_Speed': np.float64(0.45543671710569944), 'Hour': np.float64(0.5445632828943006)}, 'Humidity': {'Ambient_Temp': np.float64(1.0)}}
2026-09-13 18:46:20,561 - graph.ridge_estimator - INFO - R² scores: {'GHI': 0.013653082575271758, 'DC_Power': 0.7581584922917597, 'Panel_Temp': 0.8695267881976556, 'Ambient_Temp': 0.27150220660700397, 'Humidity': 0.4753288710442609, 'Wind_Speed': 0.0, 'Hour': 0.0, 'Month': 0.0}
2026-09-13 18:46:20,582 - experiments.runner - INFO - DRW estimation complete for 5 nodes
2026-09-13 18:46:20,603 - experiments.runner - INFO - Computing DPWs for target: DC_Power
2026-09-13 18:46:20,637 - graph.domain_prior - INFO - Final DPW for input features (with intrinsic): {'GHI': np.float64(0.270464649611155), 'Ambient_Temp': np.float64(0.23971815731815185), 'Panel_Temp': np.float64(0.3235510247827767), 'Wind_Speed': np.float64(0.029641647247313774), 'Humidity': np.float64(0.0974894834174402), 'Pressure': np.float64(0.0), 'SunShine': np.float64(0.0), 'Hour': np.float64(0.037535959684904696), 'Month': np.float64(0.0015990779382577195)}
2026-09-13 18:46:20,667 - experiments.runner - INFO - Raw DPW for graph_2: {'GHI': np.float64(0.270464649611155), 'Ambient_Temp': np.float64(0.23971815731815185), 'Panel_Temp': np.float64(0.3235510247827767), 'Wind_Speed': np.float64(0.029641647247313774), 'Humidity': np.float64(0.0974894834174402), 'Pressure': np.float64(0.0), 'SunShine': np.float64(0.0), 'Hour': np.float64(0.037535959684904696), 'Month': np.float64(0.0015990779382577195)}
2026-09-13 18:46:20,715 - experiments.runner - INFO - R² used for intrinsic γ: {'GHI': 0.013653082575271758, 'DC_Power': 0.7581584922917597, 'Panel_Temp': 0.8695267881976556, 'Ambient_Temp': 0.27150220660700397, 'Humidity': 0.4753288710442609, 'Wind_Speed': 0.0, 'Hour': 0.0, 'Month': 0.0}
2026-09-13 18:46:20,762 - experiments.runner - INFO - Filtered DPW (pre-smooth) for graph_2: {'GHI': np.float64(0.270464649611155), 'Ambient_Temp': np.float64(0.23971815731815185), 'Panel_Temp': np.float64(0.3235510247827767), 'Wind_Speed': np.float64(0.029641647247313774), 'Humidity': np.float64(0.0974894834174402), 'Pressure': np.float64(0.0), 'SunShine': np.float64(0.0), 'Hour': np.float64(0.037535959684904696), 'Month': np.float64(0.0015990779382577195)}
2026-09-13 18:46:20,790 - experiments.runner - INFO - Training sampling P (α=0.3) for graph_2: {'GHI': 0.22265858806114183, 'Ambient_Temp': 0.2011360434560396, 'Panel_Temp': 0.25981905068127703, 'Wind_Speed': 0.054082486406452975, 'Humidity': 0.10157597172554148, 'Pressure': 0.03333333333333333, 'SunShine': 0.03333333333333333, 'Hour': 0.05960850511276662, 'Month': 0.034452687890113735}
2026-09-13 18:46:20,828 - experiments.runner - INFO - ============================================================
2026-09-13 18:46:20,869 - experiments.runner - INFO - Processing graph: graph_3
2026-09-13 18:46:20,885 - experiments.runner - INFO - ============================================================
2026-09-13 18:46:20,901 - experiments.runner - INFO - Exact match: 'GHI' -> 'GHI'
2026-09-13 18:46:20,919 - experiments.runner - INFO - Exact match: 'DC_Power' -> 'DC_Power'
2026-09-13 18:46:20,938 - experiments.runner - INFO - Exact match: 'Panel_Temp' -> 'Panel_Temp'
2026-09-13 18:46:20,956 - experiments.runner - INFO - Exact match: 'Ambient_Temp' -> 'Ambient_Temp'
2026-09-13 18:46:20,975 - experiments.runner - INFO - Exact match: 'Humidity' -> 'Humidity'
2026-09-13 18:46:20,993 - experiments.runner - INFO - Exact match: 'Wind_Speed' -> 'Wind_Speed'
2026-09-13 18:46:21,009 - experiments.runner - INFO - Exact match: 'Hour' -> 'Hour'
2026-09-13 18:46:21,028 - experiments.runner - INFO - Exact match: 'Month' -> 'Month'
2026-09-13 18:46:21,048 - experiments.runner - INFO - Estimating DRWs with alpha=0.001...
2026-09-13 18:46:21,080 - graph.ridge_estimator - INFO - DRW coefficients for DC_Power (parents ['GHI', 'Panel_Temp', 'Ambient_Temp', 'Wind_Speed', 'Humidity']): {'GHI': np.float64(0.204480637446251), 'Panel_Temp': np.float64(1.3289315321446737), 'Ambient_Temp': np.float64(-0.7457558162888255), 'Wind_Speed': np.float64(0.03448776848683779), 'Humidity': np.float64(0.015102642108431685)}
2026-09-13 18:46:21,103 - graph.ridge_estimator - INFO - R² for node DC_Power: 0.8445
2026-09-13 18:46:21,128 - graph.ridge_estimator - INFO - DRW coefficients for Panel_Temp (parents ['GHI', 'Ambient_Temp', 'Wind_Speed']): {'GHI': np.float64(0.3025342658600985), 'Ambient_Temp': np.float64(0.6901831211685034), 'Wind_Speed': np.float64(0.1281146428945451)}
2026-09-13 18:46:21,151 - graph.ridge_estimator - INFO - R² for node Panel_Temp: 0.8834
2026-09-13 18:46:21,192 - graph.ridge_estimator - INFO - DRW coefficients for Ambient_Temp (parents ['Wind_Speed', 'Hour', 'Month']): {'Wind_Speed': np.float64(0.29163078029434875), 'Hour': np.float64(0.3955494906933935), 'Month': np.float64(0.282348148432042)}
2026-09-13 18:46:21,248 - graph.ridge_estimator - INFO - R² for node Ambient_Temp: 0.3501
2026-09-13 18:46:21,281 - graph.ridge_estimator - INFO - DRW coefficients for Humidity (parents ['Ambient_Temp', 'Wind_Speed', 'Month']): {'Ambient_Temp': np.float64(-0.7529004640516184), 'Wind_Speed': np.float64(-0.10004078680741665), 'Month': np.float64(0.32082160804206583)}
2026-09-13 18:46:21,299 - graph.ridge_estimator - INFO - R² for node Humidity: 0.5770
2026-09-13 18:46:21,321 - graph.ridge_estimator - INFO - DRW estimation complete for 4 nodes
2026-09-13 18:46:21,346 - graph.ridge_estimator - INFO - DRW dictionary: {'DC_Power': {'GHI': np.float64(0.08780672042053311), 'Panel_Temp': np.float64(0.5706609728841956), 'Ambient_Temp': np.float64(0.320237521169073), 'Wind_Speed': np.float64(0.014809509023796123), 'Humidity': np.float64(0.006485276502402379)}, 'Panel_Temp': {'GHI': np.float64(0.26991936149508733), 'Ambient_Temp': np.float64(0.6157774784646614), 'Wind_Speed': np.float64(0.11430316004025119)}, 'Ambient_Temp': {'Wind_Speed': np.float64(0.3007965258706657), 'Hour': np.float64(0.40798132656091785), 'Month': np.float64(0.29122214756841647)}, 'Humidity': {'Ambient_Temp': np.float64(0.6414417174151328), 'Wind_Speed': np.float64(0.08523083351016639), 'Month': np.float64(0.27332744907470075)}}
2026-09-13 18:46:21,379 - graph.ridge_estimator - INFO - R² scores: {'GHI': 0.0, 'DC_Power': 0.8444608702250931, 'Panel_Temp': 0.8834425082770287, 'Ambient_Temp': 0.350143882471891, 'Humidity': 0.5770023350339799, 'Wind_Speed': 0.0, 'Hour': 0.0, 'Month': 0.0}
2026-09-13 18:46:21,396 - experiments.runner - INFO - DRW estimation complete for 4 nodes
2026-09-13 18:46:21,413 - experiments.runner - INFO - Computing DPWs for target: DC_Power
2026-09-13 18:46:21,435 - graph.domain_prior - INFO - Final DPW for input features (with intrinsic): {'GHI': np.float64(0.1294467373958688), 'Ambient_Temp': np.float64(0.3660356989105594), 'Panel_Temp': np.float64(0.3299462943296303), 'Wind_Speed': np.float64(0.08061670578130667), 'Humidity': np.float64(0.003749674590249085), 'Pressure': np.float64(0.0), 'SunShine': np.float64(0.0), 'Hour': np.float64(0.05228899229753947), 'Month': np.float64(0.03791589669484631)}
2026-09-13 18:46:21,450 - experiments.runner - INFO - Raw DPW for graph_3: {'GHI': np.float64(0.1294467373958688), 'Ambient_Temp': np.float64(0.3660356989105594), 'Panel_Temp': np.float64(0.3299462943296303), 'Wind_Speed': np.float64(0.08061670578130667), 'Humidity': np.float64(0.003749674590249085), 'Pressure': np.float64(0.0), 'SunShine': np.float64(0.0), 'Hour': np.float64(0.05228899229753947), 'Month': np.float64(0.03791589669484631)}
2026-09-13 18:46:21,465 - experiments.runner - INFO - R² used for intrinsic γ: {'GHI': 0.0, 'DC_Power': 0.8444608702250931, 'Panel_Temp': 0.8834425082770287, 'Ambient_Temp': 0.350143882471891, 'Humidity': 0.5770023350339799, 'Wind_Speed': 0.0, 'Hour': 0.0, 'Month': 0.0}
2026-09-13 18:46:21,483 - experiments.runner - INFO - Filtered DPW (pre-smooth) for graph_3: {'GHI': np.float64(0.1294467373958688), 'Ambient_Temp': np.float64(0.3660356989105594), 'Panel_Temp': np.float64(0.3299462943296303), 'Wind_Speed': np.float64(0.08061670578130667), 'Humidity': np.float64(0.003749674590249085), 'Pressure': np.float64(0.0), 'SunShine': np.float64(0.0), 'Hour': np.float64(0.05228899229753947), 'Month': np.float64(0.03791589669484631)}
2026-09-13 18:46:21,504 - experiments.runner - INFO - Training sampling P (α=0.3) for graph_3: {'GHI': 0.12394604951044147, 'Ambient_Temp': 0.2895583225707249, 'Panel_Temp': 0.2642957393640745, 'Wind_Speed': 0.089765027380248, 'Humidity': 0.03595810554650769, 'Pressure': 0.03333333333333333, 'SunShine': 0.03333333333333333, 'Hour': 0.06993562794161096, 'Month': 0.05987446101972575}
2026-09-13 18:46:21,536 - experiments.runner - INFO - Baselines: RF + XGBoost always | Domain-weighted experimental: ['bagging'] (bagging.enabled=True, boosting.enabled=False, experiment_type=AlgorithmType.COMPARISON)
2026-09-13 18:46:21,565 - experiments.runner - INFO - Total tasks: 147
2026-09-13 18:51:54,408 - experiments.runner - INFO - Starting DARF V4 experiment: DARF
2026-09-13 18:51:54,440 - experiments.runner - INFO - MAPE near-zero floor (mape_threshold) set to: 5.1 (physical units after inverse-scaling y)
2026-09-13 18:51:54,462 - data.loader - INFO - Loading data from C:/Users/User/OneDrive/Personal/Masters/MPhil Electrical Engineering/MPhil/Research Papers/3_Technical paper/Riverside_data_dwrf.csv
2026-09-13 18:51:54,554 - experiments.runner - INFO - Preprocessing time: 0.092 seconds
2026-09-13 18:51:54,598 - experiments.runner - INFO - Data shapes: X_train=(3353, 9), X_test=(719, 9)
2026-09-13 18:51:54,629 - experiments.runner - INFO - Feature names: ['GHI', 'Ambient_Temp', 'Panel_Temp', 'Wind_Speed', 'Humidity', 'Pressure', 'SunShine', 'Hour', 'Month']
2026-09-13 18:51:54,655 - experiments.runner - INFO - Target column: DC_Power
2026-09-13 18:51:54,672 - experiments.runner - INFO - Full DataFrame columns: ['timestamp', 'Ambient_Temp', 'Humidity', 'Pressure', 'Wind_Speed', 'SunShine', 'GHI', 'Panel_Temp', 'DC_Power', 'Month', 'Hour', 'DC_Power_Level']
2026-09-13 18:51:54,692 - graph.multi_graph - INFO - Graph graph_1 edges: {'GHI': ['DC_Power', 'Panel_Temp'], 'Ambient_Temp': ['Panel_Temp', 'Humidity'], 'Panel_Temp': ['DC_Power'], 'Wind_Speed': ['Ambient_Temp', 'Humidity'], 'Hour': ['GHI', 'Ambient_Temp'], 'Month': ['GHI'], 'SunShine': ['DC_Power'], 'Pressure': [], 'Humidity': ['DC_Power']}
2026-09-13 18:51:54,711 - graph.multi_graph - INFO - Graph graph_2 edges: {'GHI': ['DC_Power', 'Panel_Temp'], 'Ambient_Temp': ['Panel_Temp', 'Humidity'], 'Panel_Temp': ['DC_Power'], 'Wind_Speed': ['Ambient_Temp'], 'Hour': ['GHI', 'Ambient_Temp'], 'Month': ['GHI'], 'Humidity': ['DC_Power']}
2026-09-13 18:51:54,729 - graph.multi_graph - INFO - Graph graph_3 edges: {'GHI': ['DC_Power', 'Panel_Temp'], 'Panel_Temp': ['DC_Power'], 'Ambient_Temp': ['DC_Power', 'Panel_Temp', 'Humidity'], 'Wind_Speed': ['DC_Power', 'Panel_Temp', 'Ambient_Temp', 'Humidity'], 'Humidity': ['DC_Power'], 'Hour': ['Ambient_Temp'], 'Month': ['Ambient_Temp', 'Humidity']}
2026-09-13 18:51:54,746 - experiments.runner - INFO - ============================================================
2026-09-13 18:51:54,765 - experiments.runner - INFO - Processing graph: graph_1
2026-09-13 18:51:54,784 - experiments.runner - INFO - ============================================================
2026-09-13 18:51:54,802 - experiments.runner - INFO - Exact match: 'GHI' -> 'GHI'
2026-09-13 18:51:54,820 - experiments.runner - INFO - Exact match: 'DC_Power' -> 'DC_Power'
2026-09-13 18:51:54,838 - experiments.runner - INFO - Exact match: 'Panel_Temp' -> 'Panel_Temp'
2026-09-13 18:51:54,855 - experiments.runner - INFO - Exact match: 'Ambient_Temp' -> 'Ambient_Temp'
2026-09-13 18:51:54,876 - experiments.runner - INFO - Exact match: 'Humidity' -> 'Humidity'
2026-09-13 18:51:54,895 - experiments.runner - INFO - Exact match: 'Wind_Speed' -> 'Wind_Speed'
2026-09-13 18:51:54,911 - experiments.runner - INFO - Exact match: 'Hour' -> 'Hour'
2026-09-13 18:51:54,927 - experiments.runner - INFO - Exact match: 'Month' -> 'Month'
2026-09-13 18:51:54,944 - experiments.runner - INFO - Exact match: 'SunShine' -> 'SunShine'
2026-09-13 18:51:54,963 - experiments.runner - INFO - Estimating DRWs with alpha=0.001...
2026-09-13 18:51:54,989 - graph.ridge_estimator - INFO - DRW coefficients for GHI (parents ['Hour', 'Month']): {'Hour': np.float64(0.09191525046233252), 'Month': np.float64(-0.0702043234618354)}
2026-09-13 18:51:55,014 - graph.ridge_estimator - INFO - R² for node GHI: 0.0137
2026-09-13 18:51:55,041 - graph.ridge_estimator - INFO - DRW coefficients for DC_Power (parents ['GHI', 'Panel_Temp', 'SunShine', 'Humidity']): {'GHI': np.float64(0.34626309261009086), 'Panel_Temp': np.float64(0.6712819204539988), 'SunShine': np.float64(-0.29873619633161985), 'Humidity': np.float64(0.026519115821653703)}
2026-09-13 18:51:55,064 - graph.ridge_estimator - INFO - R² for node DC_Power: 0.8212
2026-09-13 18:51:55,090 - graph.ridge_estimator - INFO - DRW coefficients for Panel_Temp (parents ['GHI', 'Ambient_Temp']): {'GHI': np.float64(0.3283308196366098), 'Ambient_Temp': np.float64(0.7218487637709391)}
2026-09-13 18:51:55,114 - graph.ridge_estimator - INFO - R² for node Panel_Temp: 0.8695
2026-09-13 18:51:55,139 - graph.ridge_estimator - INFO - DRW coefficients for Ambient_Temp (parents ['Wind_Speed', 'Hour']): {'Wind_Speed': np.float64(0.32398615695559935), 'Hour': np.float64(0.3873885407511019)}
2026-09-13 18:51:55,158 - graph.ridge_estimator - INFO - R² for node Ambient_Temp: 0.2715
2026-09-13 18:51:55,187 - graph.ridge_estimator - INFO - DRW coefficients for Humidity (parents ['Ambient_Temp', 'Wind_Speed']): {'Ambient_Temp': np.float64(-0.6551916119343523), 'Wind_Speed': np.float64(-0.09802396605255873)}
2026-09-13 18:51:55,208 - graph.ridge_estimator - INFO - R² for node Humidity: 0.4838
2026-09-13 18:51:55,225 - graph.ridge_estimator - INFO - DRW estimation complete for 5 nodes
2026-09-13 18:51:55,242 - graph.ridge_estimator - INFO - DRW dictionary: {'GHI': {'Hour': np.float64(0.5669596103510995), 'Month': np.float64(0.43304038964890046)}, 'DC_Power': {'GHI': np.float64(0.25786640508449393), 'Panel_Temp': np.float64(0.4999119436058643), 'SunShine': np.float64(0.22247253796521269), 'Humidity': np.float64(0.0197491133444289)}, 'Panel_Temp': {'GHI': np.float64(0.31264254687875864), 'Ambient_Temp': np.float64(0.6873574531212414)}, 'Ambient_Temp': {'Wind_Speed': np.float64(0.45543671710569944), 'Hour': np.float64(0.5445632828943006)}, 'Humidity': {'Ambient_Temp': np.float64(0.8698593484822188), 'Wind_Speed': np.float64(0.1301406515177812)}}
2026-09-13 18:51:55,267 - graph.ridge_estimator - INFO - R² scores: {'GHI': 0.013653082575271758, 'DC_Power': 0.8212201343982459, 'Panel_Temp': 0.8695267881976556, 'Ambient_Temp': 0.27150220660700397, 'Humidity': 0.48376455345814096, 'Wind_Speed': 0.0, 'Hour': 0.0, 'Month': 0.0, 'SunShine': 0.0}
2026-09-13 18:51:55,286 - experiments.runner - INFO - DRW estimation complete for 5 nodes
2026-09-13 18:51:55,305 - experiments.runner - INFO - Computing DPWs for target: DC_Power
2026-09-13 18:51:55,395 - graph.domain_prior - INFO - Final DPW for input features (with intrinsic): {'GHI': np.float64(0.2568620495335465), 'Ambient_Temp': np.float64(0.2003241899779219), 'Panel_Temp': np.float64(0.32610167883871227), 'Wind_Speed': np.float64(0.025581563663868715), 'Humidity': np.float64(0.012882706843811306), 'Pressure': np.float64(0.0), 'SunShine': np.float64(0.14512289424947833), 'Hour': np.float64(0.03160626209923311), 'Month': np.float64(0.0015186547934278182)}
2026-09-13 18:51:55,441 - experiments.runner - INFO - Raw DPW for graph_1: {'GHI': np.float64(0.2568620495335465), 'Ambient_Temp': np.float64(0.2003241899779219), 'Panel_Temp': np.float64(0.32610167883871227), 'Wind_Speed': np.float64(0.025581563663868715), 'Humidity': np.float64(0.012882706843811306), 'Pressure': np.float64(0.0), 'SunShine': np.float64(0.14512289424947833), 'Hour': np.float64(0.03160626209923311), 'Month': np.float64(0.0015186547934278182)}
2026-09-13 18:51:55,468 - experiments.runner - INFO - R² used for intrinsic γ: {'GHI': 0.013653082575271758, 'DC_Power': 0.8212201343982459, 'Panel_Temp': 0.8695267881976556, 'Ambient_Temp': 0.27150220660700397, 'Humidity': 0.48376455345814096, 'Wind_Speed': 0.0, 'Hour': 0.0, 'Month': 0.0, 'SunShine': 0.0}
2026-09-13 18:51:55,491 - experiments.runner - INFO - Filtered DPW (pre-smooth) for graph_1: {'GHI': np.float64(0.2568620495335465), 'Ambient_Temp': np.float64(0.2003241899779219), 'Panel_Temp': np.float64(0.32610167883871227), 'Wind_Speed': np.float64(0.025581563663868715), 'Humidity': np.float64(0.012882706843811306), 'Pressure': np.float64(0.0), 'SunShine': np.float64(0.14512289424947833), 'Hour': np.float64(0.03160626209923311), 'Month': np.float64(0.0015186547934278182)}
2026-09-13 18:51:55,512 - experiments.runner - INFO - Training sampling P (α=0.3) for graph_1: {'GHI': 0.21313676800681589, 'Ambient_Temp': 0.17356026631787863, 'Panel_Temp': 0.26160450852043193, 'Wind_Speed': 0.05124042789804143, 'Humidity': 0.042351228124001244, 'Pressure': 0.03333333333333333, 'SunShine': 0.13491935930796817, 'Hour': 0.055457716802796514, 'Month': 0.034396391688732805}
2026-09-13 18:51:55,531 - experiments.runner - INFO - ============================================================
2026-09-13 18:51:55,549 - experiments.runner - INFO - Processing graph: graph_2
2026-09-13 18:51:55,567 - experiments.runner - INFO - ============================================================
2026-09-13 18:51:55,587 - experiments.runner - INFO - Exact match: 'GHI' -> 'GHI'
2026-09-13 18:51:55,605 - experiments.runner - INFO - Exact match: 'DC_Power' -> 'DC_Power'
2026-09-13 18:51:55,621 - experiments.runner - INFO - Exact match: 'Panel_Temp' -> 'Panel_Temp'
2026-09-13 18:51:55,646 - experiments.runner - INFO - Exact match: 'Ambient_Temp' -> 'Ambient_Temp'
2026-09-13 18:51:55,668 - experiments.runner - INFO - Exact match: 'Humidity' -> 'Humidity'
2026-09-13 18:51:55,690 - experiments.runner - INFO - Exact match: 'Wind_Speed' -> 'Wind_Speed'
2026-09-13 18:51:55,708 - experiments.runner - INFO - Exact match: 'Hour' -> 'Hour'
2026-09-13 18:51:55,725 - experiments.runner - INFO - Exact match: 'Month' -> 'Month'
2026-09-13 18:51:55,740 - experiments.runner - INFO - Estimating DRWs with alpha=0.001...
2026-09-13 18:51:55,765 - graph.ridge_estimator - INFO - DRW coefficients for GHI (parents ['Hour', 'Month']): {'Hour': np.float64(0.09191525046233252), 'Month': np.float64(-0.0702043234618354)}
2026-09-13 18:51:55,796 - graph.ridge_estimator - INFO - R² for node GHI: 0.0137
2026-09-13 18:51:55,897 - graph.ridge_estimator - INFO - DRW coefficients for DC_Power (parents ['GHI', 'Panel_Temp', 'Humidity']): {'GHI': np.float64(0.3804491661695964), 'Panel_Temp': np.float64(0.6744658906065989), 'Humidity': np.float64(0.20322399319262252)}
2026-09-13 18:51:55,928 - graph.ridge_estimator - INFO - R² for node DC_Power: 0.7582
2026-09-13 18:51:55,959 - graph.ridge_estimator - INFO - DRW coefficients for Panel_Temp (parents ['GHI', 'Ambient_Temp']): {'GHI': np.float64(0.3283308196366098), 'Ambient_Temp': np.float64(0.7218487637709391)}
2026-09-13 18:51:55,993 - graph.ridge_estimator - INFO - R² for node Panel_Temp: 0.8695
2026-09-13 18:51:56,047 - graph.ridge_estimator - INFO - DRW coefficients for Ambient_Temp (parents ['Wind_Speed', 'Hour']): {'Wind_Speed': np.float64(0.32398615695559935), 'Hour': np.float64(0.3873885407511019)}
2026-09-13 18:51:56,095 - graph.ridge_estimator - INFO - R² for node Ambient_Temp: 0.2715
2026-09-13 18:51:56,134 - graph.ridge_estimator - INFO - DRW coefficients for Humidity (parents ['Ambient_Temp']): {'Ambient_Temp': np.float64(-0.6894408405502239)}
2026-09-13 18:51:56,212 - graph.ridge_estimator - INFO - R² for node Humidity: 0.4753
2026-09-13 18:51:56,236 - graph.ridge_estimator - INFO - DRW estimation complete for 5 nodes
2026-09-13 18:51:56,254 - graph.ridge_estimator - INFO - DRW dictionary: {'GHI': {'Hour': np.float64(0.5669596103510995), 'Month': np.float64(0.43304038964890046)}, 'DC_Power': {'GHI': np.float64(0.3023903964979273), 'Panel_Temp': np.float64(0.5360821529411356), 'Humidity': np.float64(0.16152745056093704)}, 'Panel_Temp': {'GHI': np.float64(0.31264254687875864), 'Ambient_Temp': np.float64(0.6873574531212414)}, 'Ambient_Temp': {'Wind_Speed': np.float64(0.45543671710569944), 'Hour': np.float64(0.5445632828943006)}, 'Humidity': {'Ambient_Temp': np.float64(1.0)}}
2026-09-13 18:51:56,276 - graph.ridge_estimator - INFO - R² scores: {'GHI': 0.013653082575271758, 'DC_Power': 0.7581584922917597, 'Panel_Temp': 0.8695267881976556, 'Ambient_Temp': 0.27150220660700397, 'Humidity': 0.4753288710442609, 'Wind_Speed': 0.0, 'Hour': 0.0, 'Month': 0.0}
2026-09-13 18:51:56,294 - experiments.runner - INFO - DRW estimation complete for 5 nodes
2026-09-13 18:51:56,313 - experiments.runner - INFO - Computing DPWs for target: DC_Power
2026-09-13 18:51:56,336 - graph.domain_prior - INFO - Final DPW for input features (with intrinsic): {'GHI': np.float64(0.270464649611155), 'Ambient_Temp': np.float64(0.23971815731815185), 'Panel_Temp': np.float64(0.3235510247827767), 'Wind_Speed': np.float64(0.029641647247313774), 'Humidity': np.float64(0.0974894834174402), 'Pressure': np.float64(0.0), 'SunShine': np.float64(0.0), 'Hour': np.float64(0.037535959684904696), 'Month': np.float64(0.0015990779382577195)}
2026-09-13 18:51:56,360 - experiments.runner - INFO - Raw DPW for graph_2: {'GHI': np.float64(0.270464649611155), 'Ambient_Temp': np.float64(0.23971815731815185), 'Panel_Temp': np.float64(0.3235510247827767), 'Wind_Speed': np.float64(0.029641647247313774), 'Humidity': np.float64(0.0974894834174402), 'Pressure': np.float64(0.0), 'SunShine': np.float64(0.0), 'Hour': np.float64(0.037535959684904696), 'Month': np.float64(0.0015990779382577195)}
2026-09-13 18:51:56,378 - experiments.runner - INFO - R² used for intrinsic γ: {'GHI': 0.013653082575271758, 'DC_Power': 0.7581584922917597, 'Panel_Temp': 0.8695267881976556, 'Ambient_Temp': 0.27150220660700397, 'Humidity': 0.4753288710442609, 'Wind_Speed': 0.0, 'Hour': 0.0, 'Month': 0.0}
2026-09-13 18:51:56,398 - experiments.runner - INFO - Filtered DPW (pre-smooth) for graph_2: {'GHI': np.float64(0.270464649611155), 'Ambient_Temp': np.float64(0.23971815731815185), 'Panel_Temp': np.float64(0.3235510247827767), 'Wind_Speed': np.float64(0.029641647247313774), 'Humidity': np.float64(0.0974894834174402), 'Pressure': np.float64(0.0), 'SunShine': np.float64(0.0), 'Hour': np.float64(0.037535959684904696), 'Month': np.float64(0.0015990779382577195)}
2026-09-13 18:51:56,417 - experiments.runner - INFO - Training sampling P (α=0.3) for graph_2: {'GHI': 0.22265858806114183, 'Ambient_Temp': 0.2011360434560396, 'Panel_Temp': 0.25981905068127703, 'Wind_Speed': 0.054082486406452975, 'Humidity': 0.10157597172554148, 'Pressure': 0.03333333333333333, 'SunShine': 0.03333333333333333, 'Hour': 0.05960850511276662, 'Month': 0.034452687890113735}
2026-09-13 18:51:56,435 - experiments.runner - INFO - ============================================================
2026-09-13 18:51:56,455 - experiments.runner - INFO - Processing graph: graph_3
2026-09-13 18:51:56,497 - experiments.runner - INFO - ============================================================
2026-09-13 18:51:56,515 - experiments.runner - INFO - Exact match: 'GHI' -> 'GHI'
2026-09-13 18:51:56,531 - experiments.runner - INFO - Exact match: 'DC_Power' -> 'DC_Power'
2026-09-13 18:51:56,550 - experiments.runner - INFO - Exact match: 'Panel_Temp' -> 'Panel_Temp'
2026-09-13 18:51:56,573 - experiments.runner - INFO - Exact match: 'Ambient_Temp' -> 'Ambient_Temp'
2026-09-13 18:51:56,599 - experiments.runner - INFO - Exact match: 'Humidity' -> 'Humidity'
2026-09-13 18:51:56,620 - experiments.runner - INFO - Exact match: 'Wind_Speed' -> 'Wind_Speed'
2026-09-13 18:51:56,642 - experiments.runner - INFO - Exact match: 'Hour' -> 'Hour'
2026-09-13 18:51:56,669 - experiments.runner - INFO - Exact match: 'Month' -> 'Month'
2026-09-13 18:51:56,714 - experiments.runner - INFO - Estimating DRWs with alpha=0.001...
2026-09-13 18:51:56,770 - graph.ridge_estimator - INFO - DRW coefficients for DC_Power (parents ['GHI', 'Panel_Temp', 'Ambient_Temp', 'Wind_Speed', 'Humidity']): {'GHI': np.float64(0.204480637446251), 'Panel_Temp': np.float64(1.3289315321446737), 'Ambient_Temp': np.float64(-0.7457558162888255), 'Wind_Speed': np.float64(0.03448776848683779), 'Humidity': np.float64(0.015102642108431685)}
2026-09-13 18:51:56,821 - graph.ridge_estimator - INFO - R² for node DC_Power: 0.8445
2026-09-13 18:51:56,855 - graph.ridge_estimator - INFO - DRW coefficients for Panel_Temp (parents ['GHI', 'Ambient_Temp', 'Wind_Speed']): {'GHI': np.float64(0.3025342658600985), 'Ambient_Temp': np.float64(0.6901831211685034), 'Wind_Speed': np.float64(0.1281146428945451)}
2026-09-13 18:51:56,876 - graph.ridge_estimator - INFO - R² for node Panel_Temp: 0.8834
2026-09-13 18:51:56,900 - graph.ridge_estimator - INFO - DRW coefficients for Ambient_Temp (parents ['Wind_Speed', 'Hour', 'Month']): {'Wind_Speed': np.float64(0.29163078029434875), 'Hour': np.float64(0.3955494906933935), 'Month': np.float64(0.282348148432042)}
2026-09-13 18:51:56,921 - graph.ridge_estimator - INFO - R² for node Ambient_Temp: 0.3501
2026-09-13 18:51:56,947 - graph.ridge_estimator - INFO - DRW coefficients for Humidity (parents ['Ambient_Temp', 'Wind_Speed', 'Month']): {'Ambient_Temp': np.float64(-0.7529004640516184), 'Wind_Speed': np.float64(-0.10004078680741665), 'Month': np.float64(0.32082160804206583)}
2026-09-13 18:51:56,969 - graph.ridge_estimator - INFO - R² for node Humidity: 0.5770
2026-09-13 18:51:56,990 - graph.ridge_estimator - INFO - DRW estimation complete for 4 nodes
2026-09-13 18:51:57,009 - graph.ridge_estimator - INFO - DRW dictionary: {'DC_Power': {'GHI': np.float64(0.08780672042053311), 'Panel_Temp': np.float64(0.5706609728841956), 'Ambient_Temp': np.float64(0.320237521169073), 'Wind_Speed': np.float64(0.014809509023796123), 'Humidity': np.float64(0.006485276502402379)}, 'Panel_Temp': {'GHI': np.float64(0.26991936149508733), 'Ambient_Temp': np.float64(0.6157774784646614), 'Wind_Speed': np.float64(0.11430316004025119)}, 'Ambient_Temp': {'Wind_Speed': np.float64(0.3007965258706657), 'Hour': np.float64(0.40798132656091785), 'Month': np.float64(0.29122214756841647)}, 'Humidity': {'Ambient_Temp': np.float64(0.6414417174151328), 'Wind_Speed': np.float64(0.08523083351016639), 'Month': np.float64(0.27332744907470075)}}
2026-09-13 18:51:57,029 - graph.ridge_estimator - INFO - R² scores: {'GHI': 0.0, 'DC_Power': 0.8444608702250931, 'Panel_Temp': 0.8834425082770287, 'Ambient_Temp': 0.350143882471891, 'Humidity': 0.5770023350339799, 'Wind_Speed': 0.0, 'Hour': 0.0, 'Month': 0.0}
2026-09-13 18:51:57,047 - experiments.runner - INFO - DRW estimation complete for 4 nodes
2026-09-13 18:51:57,066 - experiments.runner - INFO - Computing DPWs for target: DC_Power
2026-09-13 18:51:57,086 - graph.domain_prior - INFO - Final DPW for input features (with intrinsic): {'GHI': np.float64(0.1294467373958688), 'Ambient_Temp': np.float64(0.3660356989105594), 'Panel_Temp': np.float64(0.3299462943296303), 'Wind_Speed': np.float64(0.08061670578130667), 'Humidity': np.float64(0.003749674590249085), 'Pressure': np.float64(0.0), 'SunShine': np.float64(0.0), 'Hour': np.float64(0.05228899229753947), 'Month': np.float64(0.03791589669484631)}
2026-09-13 18:51:57,105 - experiments.runner - INFO - Raw DPW for graph_3: {'GHI': np.float64(0.1294467373958688), 'Ambient_Temp': np.float64(0.3660356989105594), 'Panel_Temp': np.float64(0.3299462943296303), 'Wind_Speed': np.float64(0.08061670578130667), 'Humidity': np.float64(0.003749674590249085), 'Pressure': np.float64(0.0), 'SunShine': np.float64(0.0), 'Hour': np.float64(0.05228899229753947), 'Month': np.float64(0.03791589669484631)}
2026-09-13 18:51:57,124 - experiments.runner - INFO - R² used for intrinsic γ: {'GHI': 0.0, 'DC_Power': 0.8444608702250931, 'Panel_Temp': 0.8834425082770287, 'Ambient_Temp': 0.350143882471891, 'Humidity': 0.5770023350339799, 'Wind_Speed': 0.0, 'Hour': 0.0, 'Month': 0.0}
2026-09-13 18:51:57,144 - experiments.runner - INFO - Filtered DPW (pre-smooth) for graph_3: {'GHI': np.float64(0.1294467373958688), 'Ambient_Temp': np.float64(0.3660356989105594), 'Panel_Temp': np.float64(0.3299462943296303), 'Wind_Speed': np.float64(0.08061670578130667), 'Humidity': np.float64(0.003749674590249085), 'Pressure': np.float64(0.0), 'SunShine': np.float64(0.0), 'Hour': np.float64(0.05228899229753947), 'Month': np.float64(0.03791589669484631)}
2026-09-13 18:51:57,162 - experiments.runner - INFO - Training sampling P (α=0.3) for graph_3: {'GHI': 0.12394604951044147, 'Ambient_Temp': 0.2895583225707249, 'Panel_Temp': 0.2642957393640745, 'Wind_Speed': 0.089765027380248, 'Humidity': 0.03595810554650769, 'Pressure': 0.03333333333333333, 'SunShine': 0.03333333333333333, 'Hour': 0.06993562794161096, 'Month': 0.05987446101972575}
2026-09-13 18:51:57,179 - experiments.runner - INFO - Baselines: RF + XGBoost always | Domain-weighted experimental: ['bagging'] (bagging.enabled=True, boosting.enabled=False, experiment_type=AlgorithmType.COMPARISON)
2026-09-13 18:51:57,198 - experiments.runner - INFO - Total tasks: 144
2026-09-13 18:52:14,475 - experiments.runner - INFO - Starting DARF V4 experiment: DARF
2026-09-13 18:52:14,491 - experiments.runner - INFO - MAPE near-zero floor (mape_threshold) set to: 5.1 (physical units after inverse-scaling y)
2026-09-13 18:52:14,510 - data.loader - INFO - Loading data from C:/Users/User/OneDrive/Personal/Masters/MPhil Electrical Engineering/MPhil/Research Papers/3_Technical paper/Riverside_data_dwrf.csv
2026-09-13 18:52:14,574 - experiments.runner - INFO - Preprocessing time: 0.064 seconds
2026-09-13 18:52:14,606 - experiments.runner - INFO - Data shapes: X_train=(3353, 9), X_test=(719, 9)
2026-09-13 18:52:14,617 - experiments.runner - INFO - Feature names: ['GHI', 'Ambient_Temp', 'Panel_Temp', 'Wind_Speed', 'Humidity', 'Pressure', 'SunShine', 'Hour', 'Month']
2026-09-13 18:52:14,632 - experiments.runner - INFO - Target column: DC_Power
2026-09-13 18:52:14,662 - experiments.runner - INFO - Full DataFrame columns: ['timestamp', 'Ambient_Temp', 'Humidity', 'Pressure', 'Wind_Speed', 'SunShine', 'GHI', 'Panel_Temp', 'DC_Power', 'Month', 'Hour', 'DC_Power_Level']
2026-09-13 18:52:14,677 - graph.multi_graph - INFO - Graph graph_1 edges: {'GHI': ['DC_Power', 'Panel_Temp'], 'Ambient_Temp': ['Panel_Temp', 'Humidity'], 'Panel_Temp': ['DC_Power'], 'Wind_Speed': ['Ambient_Temp', 'Humidity'], 'Hour': ['GHI', 'Ambient_Temp'], 'Month': ['GHI'], 'SunShine': ['DC_Power'], 'Pressure': [], 'Humidity': ['DC_Power']}
2026-09-13 18:52:14,692 - graph.multi_graph - INFO - Graph graph_2 edges: {'GHI': ['DC_Power', 'Panel_Temp'], 'Ambient_Temp': ['Panel_Temp', 'Humidity'], 'Panel_Temp': ['DC_Power'], 'Wind_Speed': ['Ambient_Temp'], 'Hour': ['GHI', 'Ambient_Temp'], 'Month': ['GHI'], 'Humidity': ['DC_Power']}
2026-09-13 18:52:14,706 - graph.multi_graph - INFO - Graph graph_3 edges: {'GHI': ['DC_Power', 'Panel_Temp'], 'Panel_Temp': ['DC_Power'], 'Ambient_Temp': ['DC_Power', 'Panel_Temp', 'Humidity'], 'Wind_Speed': ['DC_Power', 'Panel_Temp', 'Ambient_Temp', 'Humidity'], 'Humidity': ['DC_Power'], 'Hour': ['Ambient_Temp'], 'Month': ['Ambient_Temp', 'Humidity']}
2026-09-13 18:52:14,720 - experiments.runner - INFO - ============================================================
2026-09-13 18:52:14,734 - experiments.runner - INFO - Processing graph: graph_1
2026-09-13 18:52:14,748 - experiments.runner - INFO - ============================================================
2026-09-13 18:52:14,762 - experiments.runner - INFO - Exact match: 'GHI' -> 'GHI'
2026-09-13 18:52:14,775 - experiments.runner - INFO - Exact match: 'DC_Power' -> 'DC_Power'
2026-09-13 18:52:14,789 - experiments.runner - INFO - Exact match: 'Panel_Temp' -> 'Panel_Temp'
2026-09-13 18:52:14,802 - experiments.runner - INFO - Exact match: 'Ambient_Temp' -> 'Ambient_Temp'
2026-09-13 18:52:14,816 - experiments.runner - INFO - Exact match: 'Humidity' -> 'Humidity'
2026-09-13 18:52:14,829 - experiments.runner - INFO - Exact match: 'Wind_Speed' -> 'Wind_Speed'
2026-09-13 18:52:14,843 - experiments.runner - INFO - Exact match: 'Hour' -> 'Hour'
2026-09-13 18:52:14,857 - experiments.runner - INFO - Exact match: 'Month' -> 'Month'
2026-09-13 18:52:14,871 - experiments.runner - INFO - Exact match: 'SunShine' -> 'SunShine'
2026-09-13 18:52:14,883 - experiments.runner - INFO - Estimating DRWs with alpha=0.001...
2026-09-13 18:52:14,901 - graph.ridge_estimator - INFO - DRW coefficients for GHI (parents ['Hour', 'Month']): {'Hour': np.float64(0.09191525046233252), 'Month': np.float64(-0.0702043234618354)}
2026-09-13 18:52:14,930 - graph.ridge_estimator - INFO - R² for node GHI: 0.0137
2026-09-13 18:52:14,954 - graph.ridge_estimator - INFO - DRW coefficients for DC_Power (parents ['GHI', 'Panel_Temp', 'SunShine', 'Humidity']): {'GHI': np.float64(0.34626309261009086), 'Panel_Temp': np.float64(0.6712819204539988), 'SunShine': np.float64(-0.29873619633161985), 'Humidity': np.float64(0.026519115821653703)}
2026-09-13 18:52:14,974 - graph.ridge_estimator - INFO - R² for node DC_Power: 0.8212
2026-09-13 18:52:14,996 - graph.ridge_estimator - INFO - DRW coefficients for Panel_Temp (parents ['GHI', 'Ambient_Temp']): {'GHI': np.float64(0.3283308196366098), 'Ambient_Temp': np.float64(0.7218487637709391)}
2026-09-13 18:52:15,012 - graph.ridge_estimator - INFO - R² for node Panel_Temp: 0.8695
2026-09-13 18:52:15,031 - graph.ridge_estimator - INFO - DRW coefficients for Ambient_Temp (parents ['Wind_Speed', 'Hour']): {'Wind_Speed': np.float64(0.32398615695559935), 'Hour': np.float64(0.3873885407511019)}
2026-09-13 18:52:15,047 - graph.ridge_estimator - INFO - R² for node Ambient_Temp: 0.2715
2026-09-13 18:52:15,064 - graph.ridge_estimator - INFO - DRW coefficients for Humidity (parents ['Ambient_Temp', 'Wind_Speed']): {'Ambient_Temp': np.float64(-0.6551916119343523), 'Wind_Speed': np.float64(-0.09802396605255873)}
2026-09-13 18:52:15,081 - graph.ridge_estimator - INFO - R² for node Humidity: 0.4838
2026-09-13 18:52:15,097 - graph.ridge_estimator - INFO - DRW estimation complete for 5 nodes
2026-09-13 18:52:15,111 - graph.ridge_estimator - INFO - DRW dictionary: {'GHI': {'Hour': np.float64(0.5669596103510995), 'Month': np.float64(0.43304038964890046)}, 'DC_Power': {'GHI': np.float64(0.25786640508449393), 'Panel_Temp': np.float64(0.4999119436058643), 'SunShine': np.float64(0.22247253796521269), 'Humidity': np.float64(0.0197491133444289)}, 'Panel_Temp': {'GHI': np.float64(0.31264254687875864), 'Ambient_Temp': np.float64(0.6873574531212414)}, 'Ambient_Temp': {'Wind_Speed': np.float64(0.45543671710569944), 'Hour': np.float64(0.5445632828943006)}, 'Humidity': {'Ambient_Temp': np.float64(0.8698593484822188), 'Wind_Speed': np.float64(0.1301406515177812)}}
2026-09-13 18:52:15,127 - graph.ridge_estimator - INFO - R² scores: {'GHI': 0.013653082575271758, 'DC_Power': 0.8212201343982459, 'Panel_Temp': 0.8695267881976556, 'Ambient_Temp': 0.27150220660700397, 'Humidity': 0.48376455345814096, 'Wind_Speed': 0.0, 'Hour': 0.0, 'Month': 0.0, 'SunShine': 0.0}
2026-09-13 18:52:15,145 - experiments.runner - INFO - DRW estimation complete for 5 nodes
2026-09-13 18:52:15,161 - experiments.runner - INFO - Computing DPWs for target: DC_Power
2026-09-13 18:52:15,174 - graph.domain_prior - INFO - Final DPW for input features (with intrinsic): {'GHI': np.float64(0.2568620495335465), 'Ambient_Temp': np.float64(0.2003241899779219), 'Panel_Temp': np.float64(0.32610167883871227), 'Wind_Speed': np.float64(0.025581563663868715), 'Humidity': np.float64(0.012882706843811306), 'Pressure': np.float64(0.0), 'SunShine': np.float64(0.14512289424947833), 'Hour': np.float64(0.03160626209923311), 'Month': np.float64(0.0015186547934278182)}
2026-09-13 18:52:15,219 - experiments.runner - INFO - Raw DPW for graph_1: {'GHI': np.float64(0.2568620495335465), 'Ambient_Temp': np.float64(0.2003241899779219), 'Panel_Temp': np.float64(0.32610167883871227), 'Wind_Speed': np.float64(0.025581563663868715), 'Humidity': np.float64(0.012882706843811306), 'Pressure': np.float64(0.0), 'SunShine': np.float64(0.14512289424947833), 'Hour': np.float64(0.03160626209923311), 'Month': np.float64(0.0015186547934278182)}
2026-09-13 18:52:15,232 - experiments.runner - INFO - R² used for intrinsic γ: {'GHI': 0.013653082575271758, 'DC_Power': 0.8212201343982459, 'Panel_Temp': 0.8695267881976556, 'Ambient_Temp': 0.27150220660700397, 'Humidity': 0.48376455345814096, 'Wind_Speed': 0.0, 'Hour': 0.0, 'Month': 0.0, 'SunShine': 0.0}
2026-09-13 18:52:15,250 - experiments.runner - INFO - Filtered DPW (pre-smooth) for graph_1: {'GHI': np.float64(0.2568620495335465), 'Ambient_Temp': np.float64(0.2003241899779219), 'Panel_Temp': np.float64(0.32610167883871227), 'Wind_Speed': np.float64(0.025581563663868715), 'Humidity': np.float64(0.012882706843811306), 'Pressure': np.float64(0.0), 'SunShine': np.float64(0.14512289424947833), 'Hour': np.float64(0.03160626209923311), 'Month': np.float64(0.0015186547934278182)}
2026-09-13 18:52:15,263 - experiments.runner - INFO - Training sampling P (α=0.3) for graph_1: {'GHI': 0.21313676800681589, 'Ambient_Temp': 0.17356026631787863, 'Panel_Temp': 0.26160450852043193, 'Wind_Speed': 0.05124042789804143, 'Humidity': 0.042351228124001244, 'Pressure': 0.03333333333333333, 'SunShine': 0.13491935930796817, 'Hour': 0.055457716802796514, 'Month': 0.034396391688732805}
2026-09-13 18:52:15,277 - experiments.runner - INFO - ============================================================
2026-09-13 18:52:15,292 - experiments.runner - INFO - Processing graph: graph_2
2026-09-13 18:52:15,304 - experiments.runner - INFO - ============================================================
2026-09-13 18:52:15,317 - experiments.runner - INFO - Exact match: 'GHI' -> 'GHI'
2026-09-13 18:52:15,330 - experiments.runner - INFO - Exact match: 'DC_Power' -> 'DC_Power'
2026-09-13 18:52:15,343 - experiments.runner - INFO - Exact match: 'Panel_Temp' -> 'Panel_Temp'
2026-09-13 18:52:15,356 - experiments.runner - INFO - Exact match: 'Ambient_Temp' -> 'Ambient_Temp'
2026-09-13 18:52:15,367 - experiments.runner - INFO - Exact match: 'Humidity' -> 'Humidity'
2026-09-13 18:52:15,379 - experiments.runner - INFO - Exact match: 'Wind_Speed' -> 'Wind_Speed'
2026-09-13 18:52:15,392 - experiments.runner - INFO - Exact match: 'Hour' -> 'Hour'
2026-09-13 18:52:15,409 - experiments.runner - INFO - Exact match: 'Month' -> 'Month'
2026-09-13 18:52:15,425 - experiments.runner - INFO - Estimating DRWs with alpha=0.001...
2026-09-13 18:52:15,443 - graph.ridge_estimator - INFO - DRW coefficients for GHI (parents ['Hour', 'Month']): {'Hour': np.float64(0.09191525046233252), 'Month': np.float64(-0.0702043234618354)}
2026-09-13 18:52:15,460 - graph.ridge_estimator - INFO - R² for node GHI: 0.0137
2026-09-13 18:52:15,557 - graph.ridge_estimator - INFO - DRW coefficients for DC_Power (parents ['GHI', 'Panel_Temp', 'Humidity']): {'GHI': np.float64(0.3804491661695964), 'Panel_Temp': np.float64(0.6744658906065989), 'Humidity': np.float64(0.20322399319262252)}
2026-09-13 18:52:15,574 - graph.ridge_estimator - INFO - R² for node DC_Power: 0.7582
2026-09-13 18:52:15,599 - graph.ridge_estimator - INFO - DRW coefficients for Panel_Temp (parents ['GHI', 'Ambient_Temp']): {'GHI': np.float64(0.3283308196366098), 'Ambient_Temp': np.float64(0.7218487637709391)}
2026-09-13 18:52:15,618 - graph.ridge_estimator - INFO - R² for node Panel_Temp: 0.8695
2026-09-13 18:52:15,647 - graph.ridge_estimator - INFO - DRW coefficients for Ambient_Temp (parents ['Wind_Speed', 'Hour']): {'Wind_Speed': np.float64(0.32398615695559935), 'Hour': np.float64(0.3873885407511019)}
2026-09-13 18:52:15,670 - graph.ridge_estimator - INFO - R² for node Ambient_Temp: 0.2715
2026-09-13 18:52:15,714 - graph.ridge_estimator - INFO - DRW coefficients for Humidity (parents ['Ambient_Temp']): {'Ambient_Temp': np.float64(-0.6894408405502239)}
2026-09-13 18:52:15,754 - graph.ridge_estimator - INFO - R² for node Humidity: 0.4753
2026-09-13 18:52:15,776 - graph.ridge_estimator - INFO - DRW estimation complete for 5 nodes
2026-09-13 18:52:15,804 - graph.ridge_estimator - INFO - DRW dictionary: {'GHI': {'Hour': np.float64(0.5669596103510995), 'Month': np.float64(0.43304038964890046)}, 'DC_Power': {'GHI': np.float64(0.3023903964979273), 'Panel_Temp': np.float64(0.5360821529411356), 'Humidity': np.float64(0.16152745056093704)}, 'Panel_Temp': {'GHI': np.float64(0.31264254687875864), 'Ambient_Temp': np.float64(0.6873574531212414)}, 'Ambient_Temp': {'Wind_Speed': np.float64(0.45543671710569944), 'Hour': np.float64(0.5445632828943006)}, 'Humidity': {'Ambient_Temp': np.float64(1.0)}}
2026-09-13 18:52:15,853 - graph.ridge_estimator - INFO - R² scores: {'GHI': 0.013653082575271758, 'DC_Power': 0.7581584922917597, 'Panel_Temp': 0.8695267881976556, 'Ambient_Temp': 0.27150220660700397, 'Humidity': 0.4753288710442609, 'Wind_Speed': 0.0, 'Hour': 0.0, 'Month': 0.0}
2026-09-13 18:52:15,872 - experiments.runner - INFO - DRW estimation complete for 5 nodes
2026-09-13 18:52:15,923 - experiments.runner - INFO - Computing DPWs for target: DC_Power
2026-09-13 18:52:15,937 - graph.domain_prior - INFO - Final DPW for input features (with intrinsic): {'GHI': np.float64(0.270464649611155), 'Ambient_Temp': np.float64(0.23971815731815185), 'Panel_Temp': np.float64(0.3235510247827767), 'Wind_Speed': np.float64(0.029641647247313774), 'Humidity': np.float64(0.0974894834174402), 'Pressure': np.float64(0.0), 'SunShine': np.float64(0.0), 'Hour': np.float64(0.037535959684904696), 'Month': np.float64(0.0015990779382577195)}
2026-09-13 18:52:15,964 - experiments.runner - INFO - Raw DPW for graph_2: {'GHI': np.float64(0.270464649611155), 'Ambient_Temp': np.float64(0.23971815731815185), 'Panel_Temp': np.float64(0.3235510247827767), 'Wind_Speed': np.float64(0.029641647247313774), 'Humidity': np.float64(0.0974894834174402), 'Pressure': np.float64(0.0), 'SunShine': np.float64(0.0), 'Hour': np.float64(0.037535959684904696), 'Month': np.float64(0.0015990779382577195)}
2026-09-13 18:52:15,992 - experiments.runner - INFO - R² used for intrinsic γ: {'GHI': 0.013653082575271758, 'DC_Power': 0.7581584922917597, 'Panel_Temp': 0.8695267881976556, 'Ambient_Temp': 0.27150220660700397, 'Humidity': 0.4753288710442609, 'Wind_Speed': 0.0, 'Hour': 0.0, 'Month': 0.0}
2026-09-13 18:52:16,054 - experiments.runner - INFO - Filtered DPW (pre-smooth) for graph_2: {'GHI': np.float64(0.270464649611155), 'Ambient_Temp': np.float64(0.23971815731815185), 'Panel_Temp': np.float64(0.3235510247827767), 'Wind_Speed': np.float64(0.029641647247313774), 'Humidity': np.float64(0.0974894834174402), 'Pressure': np.float64(0.0), 'SunShine': np.float64(0.0), 'Hour': np.float64(0.037535959684904696), 'Month': np.float64(0.0015990779382577195)}
2026-09-13 18:52:16,075 - experiments.runner - INFO - Training sampling P (α=0.3) for graph_2: {'GHI': 0.22265858806114183, 'Ambient_Temp': 0.2011360434560396, 'Panel_Temp': 0.25981905068127703, 'Wind_Speed': 0.054082486406452975, 'Humidity': 0.10157597172554148, 'Pressure': 0.03333333333333333, 'SunShine': 0.03333333333333333, 'Hour': 0.05960850511276662, 'Month': 0.034452687890113735}
2026-09-13 18:52:16,127 - experiments.runner - INFO - ============================================================
2026-09-13 18:52:16,158 - experiments.runner - INFO - Processing graph: graph_3
2026-09-13 18:52:16,292 - experiments.runner - INFO - ============================================================
2026-09-13 18:52:16,311 - experiments.runner - INFO - Exact match: 'GHI' -> 'GHI'
2026-09-13 18:52:16,337 - experiments.runner - INFO - Exact match: 'DC_Power' -> 'DC_Power'
2026-09-13 18:52:16,362 - experiments.runner - INFO - Exact match: 'Panel_Temp' -> 'Panel_Temp'
2026-09-13 18:52:16,377 - experiments.runner - INFO - Exact match: 'Ambient_Temp' -> 'Ambient_Temp'
2026-09-13 18:52:16,395 - experiments.runner - INFO - Exact match: 'Humidity' -> 'Humidity'
2026-09-13 18:52:16,409 - experiments.runner - INFO - Exact match: 'Wind_Speed' -> 'Wind_Speed'
2026-09-13 18:52:16,429 - experiments.runner - INFO - Exact match: 'Hour' -> 'Hour'
2026-09-13 18:52:16,445 - experiments.runner - INFO - Exact match: 'Month' -> 'Month'
2026-09-13 18:52:16,478 - experiments.runner - INFO - Estimating DRWs with alpha=0.001...
2026-09-13 18:52:16,526 - graph.ridge_estimator - INFO - DRW coefficients for DC_Power (parents ['GHI', 'Panel_Temp', 'Ambient_Temp', 'Wind_Speed', 'Humidity']): {'GHI': np.float64(0.204480637446251), 'Panel_Temp': np.float64(1.3289315321446737), 'Ambient_Temp': np.float64(-0.7457558162888255), 'Wind_Speed': np.float64(0.03448776848683779), 'Humidity': np.float64(0.015102642108431685)}
2026-09-13 18:52:16,545 - graph.ridge_estimator - INFO - R² for node DC_Power: 0.8445
2026-09-13 18:52:16,563 - graph.ridge_estimator - INFO - DRW coefficients for Panel_Temp (parents ['GHI', 'Ambient_Temp', 'Wind_Speed']): {'GHI': np.float64(0.3025342658600985), 'Ambient_Temp': np.float64(0.6901831211685034), 'Wind_Speed': np.float64(0.1281146428945451)}
2026-09-13 18:52:16,580 - graph.ridge_estimator - INFO - R² for node Panel_Temp: 0.8834
2026-09-13 18:52:16,601 - graph.ridge_estimator - INFO - DRW coefficients for Ambient_Temp (parents ['Wind_Speed', 'Hour', 'Month']): {'Wind_Speed': np.float64(0.29163078029434875), 'Hour': np.float64(0.3955494906933935), 'Month': np.float64(0.282348148432042)}
2026-09-13 18:52:16,622 - graph.ridge_estimator - INFO - R² for node Ambient_Temp: 0.3501
2026-09-13 18:52:16,644 - graph.ridge_estimator - INFO - DRW coefficients for Humidity (parents ['Ambient_Temp', 'Wind_Speed', 'Month']): {'Ambient_Temp': np.float64(-0.7529004640516184), 'Wind_Speed': np.float64(-0.10004078680741665), 'Month': np.float64(0.32082160804206583)}
2026-09-13 18:52:16,674 - graph.ridge_estimator - INFO - R² for node Humidity: 0.5770
2026-09-13 18:52:16,688 - graph.ridge_estimator - INFO - DRW estimation complete for 4 nodes
2026-09-13 18:52:16,700 - graph.ridge_estimator - INFO - DRW dictionary: {'DC_Power': {'GHI': np.float64(0.08780672042053311), 'Panel_Temp': np.float64(0.5706609728841956), 'Ambient_Temp': np.float64(0.320237521169073), 'Wind_Speed': np.float64(0.014809509023796123), 'Humidity': np.float64(0.006485276502402379)}, 'Panel_Temp': {'GHI': np.float64(0.26991936149508733), 'Ambient_Temp': np.float64(0.6157774784646614), 'Wind_Speed': np.float64(0.11430316004025119)}, 'Ambient_Temp': {'Wind_Speed': np.float64(0.3007965258706657), 'Hour': np.float64(0.40798132656091785), 'Month': np.float64(0.29122214756841647)}, 'Humidity': {'Ambient_Temp': np.float64(0.6414417174151328), 'Wind_Speed': np.float64(0.08523083351016639), 'Month': np.float64(0.27332744907470075)}}
2026-09-13 18:52:16,714 - graph.ridge_estimator - INFO - R² scores: {'GHI': 0.0, 'DC_Power': 0.8444608702250931, 'Panel_Temp': 0.8834425082770287, 'Ambient_Temp': 0.350143882471891, 'Humidity': 0.5770023350339799, 'Wind_Speed': 0.0, 'Hour': 0.0, 'Month': 0.0}
2026-09-13 18:52:16,729 - experiments.runner - INFO - DRW estimation complete for 4 nodes
2026-09-13 18:52:16,742 - experiments.runner - INFO - Computing DPWs for target: DC_Power
2026-09-13 18:52:16,756 - graph.domain_prior - INFO - Final DPW for input features (with intrinsic): {'GHI': np.float64(0.1294467373958688), 'Ambient_Temp': np.float64(0.3660356989105594), 'Panel_Temp': np.float64(0.3299462943296303), 'Wind_Speed': np.float64(0.08061670578130667), 'Humidity': np.float64(0.003749674590249085), 'Pressure': np.float64(0.0), 'SunShine': np.float64(0.0), 'Hour': np.float64(0.05228899229753947), 'Month': np.float64(0.03791589669484631)}
2026-09-13 18:52:16,769 - experiments.runner - INFO - Raw DPW for graph_3: {'GHI': np.float64(0.1294467373958688), 'Ambient_Temp': np.float64(0.3660356989105594), 'Panel_Temp': np.float64(0.3299462943296303), 'Wind_Speed': np.float64(0.08061670578130667), 'Humidity': np.float64(0.003749674590249085), 'Pressure': np.float64(0.0), 'SunShine': np.float64(0.0), 'Hour': np.float64(0.05228899229753947), 'Month': np.float64(0.03791589669484631)}
2026-09-13 18:52:16,781 - experiments.runner - INFO - R² used for intrinsic γ: {'GHI': 0.0, 'DC_Power': 0.8444608702250931, 'Panel_Temp': 0.8834425082770287, 'Ambient_Temp': 0.350143882471891, 'Humidity': 0.5770023350339799, 'Wind_Speed': 0.0, 'Hour': 0.0, 'Month': 0.0}
2026-09-13 18:52:16,799 - experiments.runner - INFO - Filtered DPW (pre-smooth) for graph_3: {'GHI': np.float64(0.1294467373958688), 'Ambient_Temp': np.float64(0.3660356989105594), 'Panel_Temp': np.float64(0.3299462943296303), 'Wind_Speed': np.float64(0.08061670578130667), 'Humidity': np.float64(0.003749674590249085), 'Pressure': np.float64(0.0), 'SunShine': np.float64(0.0), 'Hour': np.float64(0.05228899229753947), 'Month': np.float64(0.03791589669484631)}
2026-09-13 18:52:16,811 - experiments.runner - INFO - Training sampling P (α=0.3) for graph_3: {'GHI': 0.12394604951044147, 'Ambient_Temp': 0.2895583225707249, 'Panel_Temp': 0.2642957393640745, 'Wind_Speed': 0.089765027380248, 'Humidity': 0.03595810554650769, 'Pressure': 0.03333333333333333, 'SunShine': 0.03333333333333333, 'Hour': 0.06993562794161096, 'Month': 0.05987446101972575}
2026-09-13 18:52:16,824 - experiments.runner - INFO - Baselines: RF + XGBoost always | Domain-weighted experimental: ['bagging'] (bagging.enabled=True, boosting.enabled=False, experiment_type=AlgorithmType.COMPARISON)
2026-09-13 18:52:16,840 - experiments.runner - INFO - Total tasks: 45
2026-09-13 18:56:09,854 - experiments.runner - INFO - Valid results: 45 / 45
2026-09-13 18:56:09,902 - experiments.runner - INFO - RF predictions averaged over 15 runs (physical units)
2026-09-13 18:56:09,933 - experiments.runner - INFO - XGBoost predictions averaged over 15 runs (physical units)
2026-09-13 18:56:09,974 - experiments.runner - INFO - DARF predictions averaged over 15 runs (physical units)
2026-09-13 18:56:10,018 - experiments.runner - INFO - Average timing: {'Preprocessing': 0.06382298469543457, 'Training': {'RF': 5.737287675556339, 'XGBoost': 4.830699399999705, 'DARF': 6.010090331111698}, 'Inference': {'RF': 0.9812046111134501, 'XGBoost': 0.04764165111183603, 'DARF': 1.2295095711112178}}
2026-09-13 18:56:10,051 - experiments.runner - INFO - Model result keys: ['graph_1_bagging_rf', 'graph_1_bagging_dwrf', 'graph_1_bagging_xgb', 'graph_2_bagging_rf', 'graph_2_bagging_dwrf', 'graph_2_bagging_xgb', 'graph_3_bagging_rf', 'graph_3_bagging_dwrf', 'graph_3_bagging_xgb']
2026-09-13 18:56:21,835 - analysis.sensitivity - WARNING - full_df_scaled / graphs missing from data_dict – λ-sensitivity will reuse the original DPW (incomplete).
2026-09-13 18:56:21,862 - analysis.sensitivity - INFO - λ-sensitivity: estimating DRW/DPW with λ=0.01
2026-09-13 18:56:30,809 - analysis.sensitivity - INFO - λ=0.01 (seed=10042) → MAE=0.3552, MAPE=77.5527
2026-09-13 18:56:30,842 - analysis.sensitivity - INFO - λ-sensitivity: estimating DRW/DPW with λ=0.05
2026-09-13 18:56:38,086 - analysis.sensitivity - INFO - λ=0.05 (seed=50042) → MAE=0.3726, MAPE=80.0229
2026-09-13 18:56:38,125 - analysis.sensitivity - INFO - λ-sensitivity: estimating DRW/DPW with λ=0.1
2026-09-13 18:56:43,704 - analysis.sensitivity - INFO - λ=0.1 (seed=100042) → MAE=0.3586, MAPE=75.7810
2026-09-13 18:56:43,725 - analysis.sensitivity - INFO - λ-sensitivity: estimating DRW/DPW with λ=0.5
2026-09-13 18:56:49,068 - analysis.sensitivity - INFO - λ=0.5 (seed=500042) → MAE=0.3656, MAPE=79.6570
2026-09-13 18:56:49,087 - analysis.sensitivity - INFO - λ-sensitivity: estimating DRW/DPW with λ=1.0
2026-09-13 18:56:53,379 - analysis.sensitivity - INFO - λ=1.0 (seed=1000042) → MAE=0.3634, MAPE=79.0872
2026-09-13 18:56:53,402 - analysis.sensitivity - INFO - λ-sensitivity: estimating DRW/DPW with λ=2.0
2026-09-13 18:56:57,998 - analysis.sensitivity - INFO - λ=2.0 (seed=2000042) → MAE=0.3672, MAPE=79.7476
2026-09-13 18:56:58,028 - analysis.sensitivity - INFO - λ-sensitivity: estimating DRW/DPW with λ=5.0
2026-09-13 18:57:04,027 - analysis.sensitivity - INFO - λ=5.0 (seed=5000042) → MAE=0.3708, MAPE=81.7319
2026-09-13 18:57:04,047 - analysis.sensitivity - INFO - λ-sensitivity: estimating DRW/DPW with λ=7.0
2026-09-13 18:57:08,440 - analysis.sensitivity - INFO - λ=7.0 (seed=7000042) → MAE=0.3561, MAPE=78.1523
2026-09-13 18:57:08,463 - analysis.sensitivity - INFO - λ-sensitivity: estimating DRW/DPW with λ=10.0
2026-09-13 18:57:12,789 - analysis.sensitivity - INFO - λ=10.0 (seed=10000042) → MAE=0.3687, MAPE=82.6128
2026-09-13 18:57:18,192 - analysis.sensitivity - INFO - α=0.01 (seed=10010042) → MAE=0.3662
2026-09-13 18:57:22,640 - analysis.sensitivity - INFO - α=0.05 (seed=10050042) → MAE=0.3655
2026-09-13 18:57:26,967 - analysis.sensitivity - INFO - α=0.1 (seed=10100042) → MAE=0.3744
2026-09-13 18:57:31,888 - analysis.sensitivity - INFO - α=0.2 (seed=10200042) → MAE=0.3616
2026-09-13 18:57:36,716 - analysis.sensitivity - INFO - α=0.3 (seed=10300042) → MAE=0.3411
2026-09-13 18:57:40,945 - analysis.sensitivity - INFO - α=0.4 (seed=10400042) → MAE=0.3470
2026-09-13 18:57:45,346 - analysis.sensitivity - INFO - α=0.5 (seed=10500042) → MAE=0.3441
2026-09-13 18:57:50,993 - analysis.sensitivity - INFO - α=0.7 (seed=10700042) → MAE=0.3579
2026-09-13 18:57:55,185 - analysis.sensitivity - INFO - α=1.0 (seed=11000042) → MAE=0.3625
2026-09-13 18:58:02,087 - evaluation.metrics - WARNING - mape_threshold=5.1 excluded all 11 points (max |y|=0.08). Falling back to full-set MAPE. Use a smaller floor in the same units as y, or ensure y is inverse-scaled to physical units before metrics.
2026-09-13 18:58:02,136 - evaluation.metrics - WARNING - mape_threshold=5.1 excluded all 11 points (max |y|=0.08). Falling back to full-set MAPE. Use a smaller floor in the same units as y, or ensure y is inverse-scaled to physical units before metrics.
2026-09-13 18:58:02,174 - evaluation.metrics - WARNING - mape_threshold=5.1 excluded all 11 points (max |y|=0.08). Falling back to full-set MAPE. Use a smaller floor in the same units as y, or ensure y is inverse-scaled to physical units before metrics.
2026-09-13 18:58:02,208 - evaluation.metrics - WARNING - mape_threshold=5.1 excluded all 52 points (max |y|=2.75). Falling back to full-set MAPE. Use a smaller floor in the same units as y, or ensure y is inverse-scaled to physical units before metrics.
2026-09-13 18:58:02,241 - evaluation.metrics - WARNING - mape_threshold=5.1 excluded all 52 points (max |y|=2.75). Falling back to full-set MAPE. Use a smaller floor in the same units as y, or ensure y is inverse-scaled to physical units before metrics.
2026-09-13 18:58:02,274 - evaluation.metrics - WARNING - mape_threshold=5.1 excluded all 52 points (max |y|=2.75). Falling back to full-set MAPE. Use a smaller floor in the same units as y, or ensure y is inverse-scaled to physical units before metrics.
2026-09-13 18:58:02,500 - evaluation.metrics - WARNING - mape_threshold=5.1 excluded all 50 points (max |y|=0.85). Falling back to full-set MAPE. Use a smaller floor in the same units as y, or ensure y is inverse-scaled to physical units before metrics.
2026-09-13 18:58:02,538 - evaluation.metrics - WARNING - mape_threshold=5.1 excluded all 50 points (max |y|=0.85). Falling back to full-set MAPE. Use a smaller floor in the same units as y, or ensure y is inverse-scaled to physical units before metrics.
2026-09-13 18:58:02,567 - evaluation.metrics - WARNING - mape_threshold=5.1 excluded all 50 points (max |y|=0.85). Falling back to full-set MAPE. Use a smaller floor in the same units as y, or ensure y is inverse-scaled to physical units before metrics.
2026-09-13 18:58:02,597 - experiments.runner - INFO - Temporal analysis completed (RF, XGBoost, experimental).
2026-09-13 18:58:02,638 - experiments.runner - INFO - Viz keys: rf=graph_1_bagging_rf, dwrf=graph_1_bagging_dwrf, xgb=graph_1_bagging_xgb
2026-09-13 18:58:02,691 - visualization.plots - INFO - Generating all plots...
2026-09-13 18:58:21,944 - visualization.plots - INFO - All plots generated.
2026-09-13 18:58:21,965 - experiments.runner - INFO - Visualizations generated.
2026-09-13 18:58:22,032 - experiments.runner - INFO - Results saved to dwrf_output\results_summary.json
2026-09-13 18:58:22,058 - experiments.runner - INFO - Experiment completed successfully.
2026-09-13 19:01:34,681 - experiments.runner - INFO - Starting DARF V4 experiment: DARF
2026-09-13 19:01:34,702 - experiments.runner - INFO - MAPE near-zero floor (mape_threshold) set to: 5.1 (physical units after inverse-scaling y)
2026-09-13 19:01:34,720 - data.loader - INFO - Loading data from C:/Users/User/OneDrive/Personal/Masters/MPhil Electrical Engineering/MPhil/Research Papers/3_Technical paper/Riverside_data_dwrf.csv
2026-09-13 19:01:34,848 - experiments.runner - INFO - Preprocessing time: 0.127 seconds
2026-09-13 19:01:34,885 - experiments.runner - INFO - Data shapes: X_train=(3353, 9), X_test=(719, 9)
2026-09-13 19:01:34,905 - experiments.runner - INFO - Feature names: ['GHI', 'Ambient_Temp', 'Panel_Temp', 'Wind_Speed', 'Humidity', 'Pressure', 'SunShine', 'Hour', 'Month']
2026-09-13 19:01:34,920 - experiments.runner - INFO - Target column: DC_Power
2026-09-13 19:01:34,935 - experiments.runner - INFO - Full DataFrame columns: ['timestamp', 'Ambient_Temp', 'Humidity', 'Pressure', 'Wind_Speed', 'SunShine', 'GHI', 'Panel_Temp', 'DC_Power', 'Month', 'Hour', 'DC_Power_Level']
2026-09-13 19:01:34,953 - graph.multi_graph - INFO - Graph graph_1 edges: {'GHI': ['DC_Power', 'Panel_Temp'], 'Ambient_Temp': ['Panel_Temp', 'Humidity'], 'Panel_Temp': ['DC_Power'], 'Wind_Speed': ['Ambient_Temp', 'Humidity'], 'Hour': ['GHI', 'Ambient_Temp'], 'Month': ['GHI'], 'SunShine': ['DC_Power'], 'Pressure': [], 'Humidity': ['DC_Power']}
2026-09-13 19:01:34,969 - graph.multi_graph - INFO - Graph graph_2 edges: {'GHI': ['DC_Power', 'Panel_Temp'], 'Ambient_Temp': ['Panel_Temp', 'Humidity'], 'Panel_Temp': ['DC_Power'], 'Wind_Speed': ['Ambient_Temp'], 'Hour': ['GHI', 'Ambient_Temp'], 'Month': ['GHI'], 'Humidity': ['DC_Power']}
2026-09-13 19:01:34,987 - graph.multi_graph - INFO - Graph graph_3 edges: {'GHI': ['DC_Power', 'Panel_Temp'], 'Panel_Temp': ['DC_Power'], 'Ambient_Temp': ['DC_Power', 'Panel_Temp', 'Humidity'], 'Wind_Speed': ['DC_Power', 'Panel_Temp', 'Ambient_Temp', 'Humidity'], 'Humidity': ['DC_Power'], 'Hour': ['Ambient_Temp'], 'Month': ['Ambient_Temp', 'Humidity']}
2026-09-13 19:01:35,002 - experiments.runner - INFO - ============================================================
2026-09-13 19:01:35,018 - experiments.runner - INFO - Processing graph: graph_1
2026-09-13 19:01:35,033 - experiments.runner - INFO - ============================================================
2026-09-13 19:01:35,055 - experiments.runner - INFO - Exact match: 'GHI' -> 'GHI'
2026-09-13 19:01:35,071 - experiments.runner - INFO - Exact match: 'DC_Power' -> 'DC_Power'
2026-09-13 19:01:35,086 - experiments.runner - INFO - Exact match: 'Panel_Temp' -> 'Panel_Temp'
2026-09-13 19:01:35,101 - experiments.runner - INFO - Exact match: 'Ambient_Temp' -> 'Ambient_Temp'
2026-09-13 19:01:35,129 - experiments.runner - INFO - Exact match: 'Humidity' -> 'Humidity'
2026-09-13 19:01:35,161 - experiments.runner - INFO - Exact match: 'Wind_Speed' -> 'Wind_Speed'
2026-09-13 19:01:35,185 - experiments.runner - INFO - Exact match: 'Hour' -> 'Hour'
2026-09-13 19:01:35,241 - experiments.runner - INFO - Exact match: 'Month' -> 'Month'
2026-09-13 19:01:35,289 - experiments.runner - INFO - Exact match: 'SunShine' -> 'SunShine'
2026-09-13 19:01:35,323 - experiments.runner - INFO - Estimating DRWs with alpha=0.001...
2026-09-13 19:01:35,387 - graph.ridge_estimator - INFO - DRW coefficients for GHI (parents ['Hour', 'Month']): {'Hour': np.float64(0.09191525046233252), 'Month': np.float64(-0.0702043234618354)}
2026-09-13 19:01:35,419 - graph.ridge_estimator - INFO - R² for node GHI: 0.0137
2026-09-13 19:01:35,454 - graph.ridge_estimator - INFO - DRW coefficients for DC_Power (parents ['GHI', 'Panel_Temp', 'SunShine', 'Humidity']): {'GHI': np.float64(0.34626309261009086), 'Panel_Temp': np.float64(0.6712819204539988), 'SunShine': np.float64(-0.29873619633161985), 'Humidity': np.float64(0.026519115821653703)}
2026-09-13 19:01:35,480 - graph.ridge_estimator - INFO - R² for node DC_Power: 0.8212
2026-09-13 19:01:35,508 - graph.ridge_estimator - INFO - DRW coefficients for Panel_Temp (parents ['GHI', 'Ambient_Temp']): {'GHI': np.float64(0.3283308196366098), 'Ambient_Temp': np.float64(0.7218487637709391)}
2026-09-13 19:01:35,533 - graph.ridge_estimator - INFO - R² for node Panel_Temp: 0.8695
2026-09-13 19:01:35,567 - graph.ridge_estimator - INFO - DRW coefficients for Ambient_Temp (parents ['Wind_Speed', 'Hour']): {'Wind_Speed': np.float64(0.32398615695559935), 'Hour': np.float64(0.3873885407511019)}
2026-09-13 19:01:35,588 - graph.ridge_estimator - INFO - R² for node Ambient_Temp: 0.2715
2026-09-13 19:01:35,611 - graph.ridge_estimator - INFO - DRW coefficients for Humidity (parents ['Ambient_Temp', 'Wind_Speed']): {'Ambient_Temp': np.float64(-0.6551916119343523), 'Wind_Speed': np.float64(-0.09802396605255873)}
2026-09-13 19:01:35,635 - graph.ridge_estimator - INFO - R² for node Humidity: 0.4838
2026-09-13 19:01:35,652 - graph.ridge_estimator - INFO - DRW estimation complete for 5 nodes
2026-09-13 19:01:35,670 - graph.ridge_estimator - INFO - DRW dictionary: {'GHI': {'Hour': np.float64(0.5669596103510995), 'Month': np.float64(0.43304038964890046)}, 'DC_Power': {'GHI': np.float64(0.25786640508449393), 'Panel_Temp': np.float64(0.4999119436058643), 'SunShine': np.float64(0.22247253796521269), 'Humidity': np.float64(0.0197491133444289)}, 'Panel_Temp': {'GHI': np.float64(0.31264254687875864), 'Ambient_Temp': np.float64(0.6873574531212414)}, 'Ambient_Temp': {'Wind_Speed': np.float64(0.45543671710569944), 'Hour': np.float64(0.5445632828943006)}, 'Humidity': {'Ambient_Temp': np.float64(0.8698593484822188), 'Wind_Speed': np.float64(0.1301406515177812)}}
2026-09-13 19:01:35,689 - graph.ridge_estimator - INFO - R² scores: {'GHI': 0.013653082575271758, 'DC_Power': 0.8212201343982459, 'Panel_Temp': 0.8695267881976556, 'Ambient_Temp': 0.27150220660700397, 'Humidity': 0.48376455345814096, 'Wind_Speed': 0.0, 'Hour': 0.0, 'Month': 0.0, 'SunShine': 0.0}
2026-09-13 19:01:35,713 - experiments.runner - INFO - DRW estimation complete for 5 nodes
2026-09-13 19:01:35,732 - experiments.runner - INFO - Computing DPWs for target: DC_Power
2026-09-13 19:01:35,749 - graph.domain_prior - INFO - Final DPW for input features (with intrinsic): {'GHI': np.float64(0.2568620495335465), 'Ambient_Temp': np.float64(0.2003241899779219), 'Panel_Temp': np.float64(0.32610167883871227), 'Wind_Speed': np.float64(0.025581563663868715), 'Humidity': np.float64(0.012882706843811306), 'Pressure': np.float64(0.0), 'SunShine': np.float64(0.14512289424947833), 'Hour': np.float64(0.03160626209923311), 'Month': np.float64(0.0015186547934278182)}
2026-09-13 19:01:35,767 - experiments.runner - INFO - Raw DPW for graph_1: {'GHI': np.float64(0.2568620495335465), 'Ambient_Temp': np.float64(0.2003241899779219), 'Panel_Temp': np.float64(0.32610167883871227), 'Wind_Speed': np.float64(0.025581563663868715), 'Humidity': np.float64(0.012882706843811306), 'Pressure': np.float64(0.0), 'SunShine': np.float64(0.14512289424947833), 'Hour': np.float64(0.03160626209923311), 'Month': np.float64(0.0015186547934278182)}
2026-09-13 19:01:35,791 - experiments.runner - INFO - R² used for intrinsic γ: {'GHI': 0.013653082575271758, 'DC_Power': 0.8212201343982459, 'Panel_Temp': 0.8695267881976556, 'Ambient_Temp': 0.27150220660700397, 'Humidity': 0.48376455345814096, 'Wind_Speed': 0.0, 'Hour': 0.0, 'Month': 0.0, 'SunShine': 0.0}
2026-09-13 19:01:35,811 - experiments.runner - INFO - Filtered DPW (pre-smooth) for graph_1: {'GHI': np.float64(0.2568620495335465), 'Ambient_Temp': np.float64(0.2003241899779219), 'Panel_Temp': np.float64(0.32610167883871227), 'Wind_Speed': np.float64(0.025581563663868715), 'Humidity': np.float64(0.012882706843811306), 'Pressure': np.float64(0.0), 'SunShine': np.float64(0.14512289424947833), 'Hour': np.float64(0.03160626209923311), 'Month': np.float64(0.0015186547934278182)}
2026-09-13 19:01:35,831 - experiments.runner - INFO - Training sampling P (α=0.3) for graph_1: {'GHI': 0.21313676800681589, 'Ambient_Temp': 0.17356026631787863, 'Panel_Temp': 0.26160450852043193, 'Wind_Speed': 0.05124042789804143, 'Humidity': 0.042351228124001244, 'Pressure': 0.03333333333333333, 'SunShine': 0.13491935930796817, 'Hour': 0.055457716802796514, 'Month': 0.034396391688732805}
2026-09-13 19:01:35,849 - experiments.runner - INFO - ============================================================
2026-09-13 19:01:35,862 - experiments.runner - INFO - Processing graph: graph_2
2026-09-13 19:01:35,876 - experiments.runner - INFO - ============================================================
2026-09-13 19:01:35,889 - experiments.runner - INFO - Exact match: 'GHI' -> 'GHI'
2026-09-13 19:01:35,905 - experiments.runner - INFO - Exact match: 'DC_Power' -> 'DC_Power'
2026-09-13 19:01:35,920 - experiments.runner - INFO - Exact match: 'Panel_Temp' -> 'Panel_Temp'
2026-09-13 19:01:35,934 - experiments.runner - INFO - Exact match: 'Ambient_Temp' -> 'Ambient_Temp'
2026-09-13 19:01:35,950 - experiments.runner - INFO - Exact match: 'Humidity' -> 'Humidity'
2026-09-13 19:01:35,965 - experiments.runner - INFO - Exact match: 'Wind_Speed' -> 'Wind_Speed'
2026-09-13 19:01:35,977 - experiments.runner - INFO - Exact match: 'Hour' -> 'Hour'
2026-09-13 19:01:36,011 - experiments.runner - INFO - Exact match: 'Month' -> 'Month'
2026-09-13 19:01:36,025 - experiments.runner - INFO - Estimating DRWs with alpha=0.001...
2026-09-13 19:01:36,044 - graph.ridge_estimator - INFO - DRW coefficients for GHI (parents ['Hour', 'Month']): {'Hour': np.float64(0.09191525046233252), 'Month': np.float64(-0.0702043234618354)}
2026-09-13 19:01:36,062 - graph.ridge_estimator - INFO - R² for node GHI: 0.0137
2026-09-13 19:01:36,088 - graph.ridge_estimator - INFO - DRW coefficients for DC_Power (parents ['GHI', 'Panel_Temp', 'Humidity']): {'GHI': np.float64(0.3804491661695964), 'Panel_Temp': np.float64(0.6744658906065989), 'Humidity': np.float64(0.20322399319262252)}
2026-09-13 19:01:36,106 - graph.ridge_estimator - INFO - R² for node DC_Power: 0.7582
2026-09-13 19:01:36,127 - graph.ridge_estimator - INFO - DRW coefficients for Panel_Temp (parents ['GHI', 'Ambient_Temp']): {'GHI': np.float64(0.3283308196366098), 'Ambient_Temp': np.float64(0.7218487637709391)}
2026-09-13 19:01:36,145 - graph.ridge_estimator - INFO - R² for node Panel_Temp: 0.8695
2026-09-13 19:01:36,163 - graph.ridge_estimator - INFO - DRW coefficients for Ambient_Temp (parents ['Wind_Speed', 'Hour']): {'Wind_Speed': np.float64(0.32398615695559935), 'Hour': np.float64(0.3873885407511019)}
2026-09-13 19:01:36,178 - graph.ridge_estimator - INFO - R² for node Ambient_Temp: 0.2715
2026-09-13 19:01:36,201 - graph.ridge_estimator - INFO - DRW coefficients for Humidity (parents ['Ambient_Temp']): {'Ambient_Temp': np.float64(-0.6894408405502239)}
2026-09-13 19:01:36,224 - graph.ridge_estimator - INFO - R² for node Humidity: 0.4753
2026-09-13 19:01:36,245 - graph.ridge_estimator - INFO - DRW estimation complete for 5 nodes
2026-09-13 19:01:36,259 - graph.ridge_estimator - INFO - DRW dictionary: {'GHI': {'Hour': np.float64(0.5669596103510995), 'Month': np.float64(0.43304038964890046)}, 'DC_Power': {'GHI': np.float64(0.3023903964979273), 'Panel_Temp': np.float64(0.5360821529411356), 'Humidity': np.float64(0.16152745056093704)}, 'Panel_Temp': {'GHI': np.float64(0.31264254687875864), 'Ambient_Temp': np.float64(0.6873574531212414)}, 'Ambient_Temp': {'Wind_Speed': np.float64(0.45543671710569944), 'Hour': np.float64(0.5445632828943006)}, 'Humidity': {'Ambient_Temp': np.float64(1.0)}}
2026-09-13 19:01:36,279 - graph.ridge_estimator - INFO - R² scores: {'GHI': 0.013653082575271758, 'DC_Power': 0.7581584922917597, 'Panel_Temp': 0.8695267881976556, 'Ambient_Temp': 0.27150220660700397, 'Humidity': 0.4753288710442609, 'Wind_Speed': 0.0, 'Hour': 0.0, 'Month': 0.0}
2026-09-13 19:01:36,294 - experiments.runner - INFO - DRW estimation complete for 5 nodes
2026-09-13 19:01:36,307 - experiments.runner - INFO - Computing DPWs for target: DC_Power
2026-09-13 19:01:36,389 - graph.domain_prior - INFO - Final DPW for input features (with intrinsic): {'GHI': np.float64(0.270464649611155), 'Ambient_Temp': np.float64(0.23971815731815185), 'Panel_Temp': np.float64(0.3235510247827767), 'Wind_Speed': np.float64(0.029641647247313774), 'Humidity': np.float64(0.0974894834174402), 'Pressure': np.float64(0.0), 'SunShine': np.float64(0.0), 'Hour': np.float64(0.037535959684904696), 'Month': np.float64(0.0015990779382577195)}
2026-09-13 19:01:36,405 - experiments.runner - INFO - Raw DPW for graph_2: {'GHI': np.float64(0.270464649611155), 'Ambient_Temp': np.float64(0.23971815731815185), 'Panel_Temp': np.float64(0.3235510247827767), 'Wind_Speed': np.float64(0.029641647247313774), 'Humidity': np.float64(0.0974894834174402), 'Pressure': np.float64(0.0), 'SunShine': np.float64(0.0), 'Hour': np.float64(0.037535959684904696), 'Month': np.float64(0.0015990779382577195)}
2026-09-13 19:01:36,421 - experiments.runner - INFO - R² used for intrinsic γ: {'GHI': 0.013653082575271758, 'DC_Power': 0.7581584922917597, 'Panel_Temp': 0.8695267881976556, 'Ambient_Temp': 0.27150220660700397, 'Humidity': 0.4753288710442609, 'Wind_Speed': 0.0, 'Hour': 0.0, 'Month': 0.0}
2026-09-13 19:01:36,437 - experiments.runner - INFO - Filtered DPW (pre-smooth) for graph_2: {'GHI': np.float64(0.270464649611155), 'Ambient_Temp': np.float64(0.23971815731815185), 'Panel_Temp': np.float64(0.3235510247827767), 'Wind_Speed': np.float64(0.029641647247313774), 'Humidity': np.float64(0.0974894834174402), 'Pressure': np.float64(0.0), 'SunShine': np.float64(0.0), 'Hour': np.float64(0.037535959684904696), 'Month': np.float64(0.0015990779382577195)}
2026-09-13 19:01:36,452 - experiments.runner - INFO - Training sampling P (α=0.3) for graph_2: {'GHI': 0.22265858806114183, 'Ambient_Temp': 0.2011360434560396, 'Panel_Temp': 0.25981905068127703, 'Wind_Speed': 0.054082486406452975, 'Humidity': 0.10157597172554148, 'Pressure': 0.03333333333333333, 'SunShine': 0.03333333333333333, 'Hour': 0.05960850511276662, 'Month': 0.034452687890113735}
2026-09-13 19:01:36,468 - experiments.runner - INFO - ============================================================
2026-09-13 19:01:36,483 - experiments.runner - INFO - Processing graph: graph_3
2026-09-13 19:01:36,498 - experiments.runner - INFO - ============================================================
2026-09-13 19:01:36,513 - experiments.runner - INFO - Exact match: 'GHI' -> 'GHI'
2026-09-13 19:01:36,525 - experiments.runner - INFO - Exact match: 'DC_Power' -> 'DC_Power'
2026-09-13 19:01:36,539 - experiments.runner - INFO - Exact match: 'Panel_Temp' -> 'Panel_Temp'
2026-09-13 19:01:36,553 - experiments.runner - INFO - Exact match: 'Ambient_Temp' -> 'Ambient_Temp'
2026-09-13 19:01:36,567 - experiments.runner - INFO - Exact match: 'Humidity' -> 'Humidity'
2026-09-13 19:01:36,580 - experiments.runner - INFO - Exact match: 'Wind_Speed' -> 'Wind_Speed'
2026-09-13 19:01:36,594 - experiments.runner - INFO - Exact match: 'Hour' -> 'Hour'
2026-09-13 19:01:36,607 - experiments.runner - INFO - Exact match: 'Month' -> 'Month'
2026-09-13 19:01:36,621 - experiments.runner - INFO - Estimating DRWs with alpha=0.001...
2026-09-13 19:01:36,731 - graph.ridge_estimator - INFO - DRW coefficients for DC_Power (parents ['GHI', 'Panel_Temp', 'Ambient_Temp', 'Wind_Speed', 'Humidity']): {'GHI': np.float64(0.204480637446251), 'Panel_Temp': np.float64(1.3289315321446737), 'Ambient_Temp': np.float64(-0.7457558162888255), 'Wind_Speed': np.float64(0.03448776848683779), 'Humidity': np.float64(0.015102642108431685)}
2026-09-13 19:01:36,778 - graph.ridge_estimator - INFO - R² for node DC_Power: 0.8445
2026-09-13 19:01:36,812 - graph.ridge_estimator - INFO - DRW coefficients for Panel_Temp (parents ['GHI', 'Ambient_Temp', 'Wind_Speed']): {'GHI': np.float64(0.3025342658600985), 'Ambient_Temp': np.float64(0.6901831211685034), 'Wind_Speed': np.float64(0.1281146428945451)}
2026-09-13 19:01:36,848 - graph.ridge_estimator - INFO - R² for node Panel_Temp: 0.8834
2026-09-13 19:01:36,914 - graph.ridge_estimator - INFO - DRW coefficients for Ambient_Temp (parents ['Wind_Speed', 'Hour', 'Month']): {'Wind_Speed': np.float64(0.29163078029434875), 'Hour': np.float64(0.3955494906933935), 'Month': np.float64(0.282348148432042)}
2026-09-13 19:01:36,972 - graph.ridge_estimator - INFO - R² for node Ambient_Temp: 0.3501
2026-09-13 19:01:37,014 - graph.ridge_estimator - INFO - DRW coefficients for Humidity (parents ['Ambient_Temp', 'Wind_Speed', 'Month']): {'Ambient_Temp': np.float64(-0.7529004640516184), 'Wind_Speed': np.float64(-0.10004078680741665), 'Month': np.float64(0.32082160804206583)}
2026-09-13 19:01:37,049 - graph.ridge_estimator - INFO - R² for node Humidity: 0.5770
2026-09-13 19:01:37,081 - graph.ridge_estimator - INFO - DRW estimation complete for 4 nodes
2026-09-13 19:01:37,099 - graph.ridge_estimator - INFO - DRW dictionary: {'DC_Power': {'GHI': np.float64(0.08780672042053311), 'Panel_Temp': np.float64(0.5706609728841956), 'Ambient_Temp': np.float64(0.320237521169073), 'Wind_Speed': np.float64(0.014809509023796123), 'Humidity': np.float64(0.006485276502402379)}, 'Panel_Temp': {'GHI': np.float64(0.26991936149508733), 'Ambient_Temp': np.float64(0.6157774784646614), 'Wind_Speed': np.float64(0.11430316004025119)}, 'Ambient_Temp': {'Wind_Speed': np.float64(0.3007965258706657), 'Hour': np.float64(0.40798132656091785), 'Month': np.float64(0.29122214756841647)}, 'Humidity': {'Ambient_Temp': np.float64(0.6414417174151328), 'Wind_Speed': np.float64(0.08523083351016639), 'Month': np.float64(0.27332744907470075)}}
2026-09-13 19:01:37,115 - graph.ridge_estimator - INFO - R² scores: {'GHI': 0.0, 'DC_Power': 0.8444608702250931, 'Panel_Temp': 0.8834425082770287, 'Ambient_Temp': 0.350143882471891, 'Humidity': 0.5770023350339799, 'Wind_Speed': 0.0, 'Hour': 0.0, 'Month': 0.0}
2026-09-13 19:01:37,147 - experiments.runner - INFO - DRW estimation complete for 4 nodes
2026-09-13 19:01:37,199 - experiments.runner - INFO - Computing DPWs for target: DC_Power
2026-09-13 19:01:37,239 - graph.domain_prior - INFO - Final DPW for input features (with intrinsic): {'GHI': np.float64(0.1294467373958688), 'Ambient_Temp': np.float64(0.3660356989105594), 'Panel_Temp': np.float64(0.3299462943296303), 'Wind_Speed': np.float64(0.08061670578130667), 'Humidity': np.float64(0.003749674590249085), 'Pressure': np.float64(0.0), 'SunShine': np.float64(0.0), 'Hour': np.float64(0.05228899229753947), 'Month': np.float64(0.03791589669484631)}
2026-09-13 19:01:37,309 - experiments.runner - INFO - Raw DPW for graph_3: {'GHI': np.float64(0.1294467373958688), 'Ambient_Temp': np.float64(0.3660356989105594), 'Panel_Temp': np.float64(0.3299462943296303), 'Wind_Speed': np.float64(0.08061670578130667), 'Humidity': np.float64(0.003749674590249085), 'Pressure': np.float64(0.0), 'SunShine': np.float64(0.0), 'Hour': np.float64(0.05228899229753947), 'Month': np.float64(0.03791589669484631)}
2026-09-13 19:01:37,351 - experiments.runner - INFO - R² used for intrinsic γ: {'GHI': 0.0, 'DC_Power': 0.8444608702250931, 'Panel_Temp': 0.8834425082770287, 'Ambient_Temp': 0.350143882471891, 'Humidity': 0.5770023350339799, 'Wind_Speed': 0.0, 'Hour': 0.0, 'Month': 0.0}
2026-09-13 19:01:37,379 - experiments.runner - INFO - Filtered DPW (pre-smooth) for graph_3: {'GHI': np.float64(0.1294467373958688), 'Ambient_Temp': np.float64(0.3660356989105594), 'Panel_Temp': np.float64(0.3299462943296303), 'Wind_Speed': np.float64(0.08061670578130667), 'Humidity': np.float64(0.003749674590249085), 'Pressure': np.float64(0.0), 'SunShine': np.float64(0.0), 'Hour': np.float64(0.05228899229753947), 'Month': np.float64(0.03791589669484631)}
2026-09-13 19:01:37,394 - experiments.runner - INFO - Training sampling P (α=0.3) for graph_3: {'GHI': 0.12394604951044147, 'Ambient_Temp': 0.2895583225707249, 'Panel_Temp': 0.2642957393640745, 'Wind_Speed': 0.089765027380248, 'Humidity': 0.03595810554650769, 'Pressure': 0.03333333333333333, 'SunShine': 0.03333333333333333, 'Hour': 0.06993562794161096, 'Month': 0.05987446101972575}
2026-09-13 19:01:37,410 - experiments.runner - INFO - Baselines: RF + XGBoost always | Domain-weighted experimental: ['bagging'] (bagging.enabled=True, boosting.enabled=False, experiment_type=AlgorithmType.COMPARISON)
2026-09-13 19:01:37,424 - experiments.runner - INFO - Total tasks: 180
2026-09-13 19:06:50,180 - experiments.runner - INFO - Starting DARF V4 experiment: DARF
2026-09-13 19:06:50,241 - experiments.runner - INFO - MAPE near-zero floor (mape_threshold) set to: 5.1 (physical units after inverse-scaling y)
2026-09-13 19:06:50,265 - data.loader - INFO - Loading data from C:/Users/User/OneDrive/Personal/Masters/MPhil Electrical Engineering/MPhil/Research Papers/3_Technical paper/Riverside_data_dwrf.csv
2026-09-13 19:06:50,359 - experiments.runner - INFO - Preprocessing time: 0.094 seconds
2026-09-13 19:06:50,403 - experiments.runner - INFO - Data shapes: X_train=(3353, 9), X_test=(719, 9)
2026-09-13 19:06:50,431 - experiments.runner - INFO - Feature names: ['GHI', 'Ambient_Temp', 'Panel_Temp', 'Wind_Speed', 'Humidity', 'Pressure', 'SunShine', 'Hour', 'Month']
2026-09-13 19:06:50,456 - experiments.runner - INFO - Target column: DC_Power
2026-09-13 19:06:50,479 - experiments.runner - INFO - Full DataFrame columns: ['timestamp', 'Ambient_Temp', 'Humidity', 'Pressure', 'Wind_Speed', 'SunShine', 'GHI', 'Panel_Temp', 'DC_Power', 'Month', 'Hour', 'DC_Power_Level']
2026-09-13 19:06:50,515 - graph.multi_graph - INFO - Graph graph_1 edges: {'GHI': ['DC_Power', 'Panel_Temp'], 'Ambient_Temp': ['Panel_Temp', 'Humidity'], 'Panel_Temp': ['DC_Power'], 'Wind_Speed': ['Ambient_Temp', 'Humidity'], 'Hour': ['GHI', 'Ambient_Temp'], 'Month': ['GHI'], 'SunShine': ['DC_Power'], 'Pressure': [], 'Humidity': ['DC_Power']}
2026-09-13 19:06:50,543 - graph.multi_graph - INFO - Graph graph_2 edges: {'GHI': ['DC_Power', 'Panel_Temp'], 'Ambient_Temp': ['Panel_Temp', 'Humidity'], 'Panel_Temp': ['DC_Power'], 'Wind_Speed': ['Ambient_Temp'], 'Hour': ['GHI', 'Ambient_Temp'], 'Month': ['GHI'], 'Humidity': ['DC_Power']}
2026-09-13 19:06:50,566 - graph.multi_graph - INFO - Graph graph_3 edges: {'GHI': ['DC_Power', 'Panel_Temp'], 'Panel_Temp': ['DC_Power'], 'Ambient_Temp': ['DC_Power', 'Panel_Temp', 'Humidity'], 'Wind_Speed': ['DC_Power', 'Panel_Temp', 'Ambient_Temp', 'Humidity'], 'Humidity': ['DC_Power'], 'Hour': ['Ambient_Temp'], 'Month': ['Ambient_Temp', 'Humidity']}
2026-09-13 19:06:50,586 - experiments.runner - INFO - ============================================================
2026-09-13 19:06:50,615 - experiments.runner - INFO - Processing graph: graph_1
2026-09-13 19:06:50,638 - experiments.runner - INFO - ============================================================
2026-09-13 19:06:50,662 - experiments.runner - INFO - Exact match: 'GHI' -> 'GHI'
2026-09-13 19:06:50,683 - experiments.runner - INFO - Exact match: 'DC_Power' -> 'DC_Power'
2026-09-13 19:06:50,704 - experiments.runner - INFO - Exact match: 'Panel_Temp' -> 'Panel_Temp'
2026-09-13 19:06:50,728 - experiments.runner - INFO - Exact match: 'Ambient_Temp' -> 'Ambient_Temp'
2026-09-13 19:06:50,749 - experiments.runner - INFO - Exact match: 'Humidity' -> 'Humidity'
2026-09-13 19:06:50,772 - experiments.runner - INFO - Exact match: 'Wind_Speed' -> 'Wind_Speed'
2026-09-13 19:06:50,794 - experiments.runner - INFO - Exact match: 'Hour' -> 'Hour'
2026-09-13 19:06:50,816 - experiments.runner - INFO - Exact match: 'Month' -> 'Month'
2026-09-13 19:06:50,843 - experiments.runner - INFO - Exact match: 'SunShine' -> 'SunShine'
2026-09-13 19:06:50,863 - experiments.runner - INFO - Estimating DRWs with alpha=0.001...
2026-09-13 19:06:50,891 - graph.ridge_estimator - INFO - DRW coefficients for GHI (parents ['Hour', 'Month']): {'Hour': np.float64(0.09191525046233252), 'Month': np.float64(-0.0702043234618354)}
2026-09-13 19:06:50,917 - graph.ridge_estimator - INFO - R² for node GHI: 0.0137
2026-09-13 19:06:50,943 - graph.ridge_estimator - INFO - DRW coefficients for DC_Power (parents ['GHI', 'Panel_Temp', 'SunShine', 'Humidity']): {'GHI': np.float64(0.34626309261009086), 'Panel_Temp': np.float64(0.6712819204539988), 'SunShine': np.float64(-0.29873619633161985), 'Humidity': np.float64(0.026519115821653703)}
2026-09-13 19:06:50,982 - graph.ridge_estimator - INFO - R² for node DC_Power: 0.8212
2026-09-13 19:06:51,015 - graph.ridge_estimator - INFO - DRW coefficients for Panel_Temp (parents ['GHI', 'Ambient_Temp']): {'GHI': np.float64(0.3283308196366098), 'Ambient_Temp': np.float64(0.7218487637709391)}
2026-09-13 19:06:51,040 - graph.ridge_estimator - INFO - R² for node Panel_Temp: 0.8695
2026-09-13 19:06:51,072 - graph.ridge_estimator - INFO - DRW coefficients for Ambient_Temp (parents ['Wind_Speed', 'Hour']): {'Wind_Speed': np.float64(0.32398615695559935), 'Hour': np.float64(0.3873885407511019)}
2026-09-13 19:06:51,103 - graph.ridge_estimator - INFO - R² for node Ambient_Temp: 0.2715
2026-09-13 19:06:51,138 - graph.ridge_estimator - INFO - DRW coefficients for Humidity (parents ['Ambient_Temp', 'Wind_Speed']): {'Ambient_Temp': np.float64(-0.6551916119343523), 'Wind_Speed': np.float64(-0.09802396605255873)}
2026-09-13 19:06:51,183 - graph.ridge_estimator - INFO - R² for node Humidity: 0.4838
2026-09-13 19:06:51,272 - graph.ridge_estimator - INFO - DRW estimation complete for 5 nodes
2026-09-13 19:06:51,342 - graph.ridge_estimator - INFO - DRW dictionary: {'GHI': {'Hour': np.float64(0.5669596103510995), 'Month': np.float64(0.43304038964890046)}, 'DC_Power': {'GHI': np.float64(0.25786640508449393), 'Panel_Temp': np.float64(0.4999119436058643), 'SunShine': np.float64(0.22247253796521269), 'Humidity': np.float64(0.0197491133444289)}, 'Panel_Temp': {'GHI': np.float64(0.31264254687875864), 'Ambient_Temp': np.float64(0.6873574531212414)}, 'Ambient_Temp': {'Wind_Speed': np.float64(0.45543671710569944), 'Hour': np.float64(0.5445632828943006)}, 'Humidity': {'Ambient_Temp': np.float64(0.8698593484822188), 'Wind_Speed': np.float64(0.1301406515177812)}}
2026-09-13 19:06:51,429 - graph.ridge_estimator - INFO - R² scores: {'GHI': 0.013653082575271758, 'DC_Power': 0.8212201343982459, 'Panel_Temp': 0.8695267881976556, 'Ambient_Temp': 0.27150220660700397, 'Humidity': 0.48376455345814096, 'Wind_Speed': 0.0, 'Hour': 0.0, 'Month': 0.0, 'SunShine': 0.0}
2026-09-13 19:06:51,478 - experiments.runner - INFO - DRW estimation complete for 5 nodes
2026-09-13 19:06:51,549 - experiments.runner - INFO - Computing DPWs for target: DC_Power
2026-09-13 19:06:51,628 - graph.domain_prior - INFO - Final DPW for input features (with intrinsic): {'GHI': np.float64(0.2568620495335465), 'Ambient_Temp': np.float64(0.2003241899779219), 'Panel_Temp': np.float64(0.32610167883871227), 'Wind_Speed': np.float64(0.025581563663868715), 'Humidity': np.float64(0.012882706843811306), 'Pressure': np.float64(0.0), 'SunShine': np.float64(0.14512289424947833), 'Hour': np.float64(0.03160626209923311), 'Month': np.float64(0.0015186547934278182)}
2026-09-13 19:06:51,654 - experiments.runner - INFO - Raw DPW for graph_1: {'GHI': np.float64(0.2568620495335465), 'Ambient_Temp': np.float64(0.2003241899779219), 'Panel_Temp': np.float64(0.32610167883871227), 'Wind_Speed': np.float64(0.025581563663868715), 'Humidity': np.float64(0.012882706843811306), 'Pressure': np.float64(0.0), 'SunShine': np.float64(0.14512289424947833), 'Hour': np.float64(0.03160626209923311), 'Month': np.float64(0.0015186547934278182)}
2026-09-13 19:06:51,680 - experiments.runner - INFO - R² used for intrinsic γ: {'GHI': 0.013653082575271758, 'DC_Power': 0.8212201343982459, 'Panel_Temp': 0.8695267881976556, 'Ambient_Temp': 0.27150220660700397, 'Humidity': 0.48376455345814096, 'Wind_Speed': 0.0, 'Hour': 0.0, 'Month': 0.0, 'SunShine': 0.0}
2026-09-13 19:06:51,707 - experiments.runner - INFO - Filtered DPW (pre-smooth) for graph_1: {'GHI': np.float64(0.2568620495335465), 'Ambient_Temp': np.float64(0.2003241899779219), 'Panel_Temp': np.float64(0.32610167883871227), 'Wind_Speed': np.float64(0.025581563663868715), 'Humidity': np.float64(0.012882706843811306), 'Pressure': np.float64(0.0), 'SunShine': np.float64(0.14512289424947833), 'Hour': np.float64(0.03160626209923311), 'Month': np.float64(0.0015186547934278182)}
2026-09-13 19:06:51,735 - experiments.runner - INFO - Training sampling P (α=0.3) for graph_1: {'GHI': 0.21313676800681589, 'Ambient_Temp': 0.17356026631787863, 'Panel_Temp': 0.26160450852043193, 'Wind_Speed': 0.05124042789804143, 'Humidity': 0.042351228124001244, 'Pressure': 0.03333333333333333, 'SunShine': 0.13491935930796817, 'Hour': 0.055457716802796514, 'Month': 0.034396391688732805}
2026-09-13 19:06:51,762 - experiments.runner - INFO - ============================================================
2026-09-13 19:06:51,785 - experiments.runner - INFO - Processing graph: graph_2
2026-09-13 19:06:51,823 - experiments.runner - INFO - ============================================================
2026-09-13 19:06:51,849 - experiments.runner - INFO - Exact match: 'GHI' -> 'GHI'
2026-09-13 19:06:51,876 - experiments.runner - INFO - Exact match: 'DC_Power' -> 'DC_Power'
2026-09-13 19:06:51,897 - experiments.runner - INFO - Exact match: 'Panel_Temp' -> 'Panel_Temp'
2026-09-13 19:06:51,920 - experiments.runner - INFO - Exact match: 'Ambient_Temp' -> 'Ambient_Temp'
2026-09-13 19:06:51,942 - experiments.runner - INFO - Exact match: 'Humidity' -> 'Humidity'
2026-09-13 19:06:51,963 - experiments.runner - INFO - Exact match: 'Wind_Speed' -> 'Wind_Speed'
2026-09-13 19:06:51,985 - experiments.runner - INFO - Exact match: 'Hour' -> 'Hour'
2026-09-13 19:06:52,009 - experiments.runner - INFO - Exact match: 'Month' -> 'Month'
2026-09-13 19:06:52,061 - experiments.runner - INFO - Estimating DRWs with alpha=0.001...
2026-09-13 19:06:52,140 - graph.ridge_estimator - INFO - DRW coefficients for GHI (parents ['Hour', 'Month']): {'Hour': np.float64(0.09191525046233252), 'Month': np.float64(-0.0702043234618354)}
2026-09-13 19:06:52,231 - graph.ridge_estimator - INFO - R² for node GHI: 0.0137
2026-09-13 19:06:52,313 - graph.ridge_estimator - INFO - DRW coefficients for DC_Power (parents ['GHI', 'Panel_Temp', 'Humidity']): {'GHI': np.float64(0.3804491661695964), 'Panel_Temp': np.float64(0.6744658906065989), 'Humidity': np.float64(0.20322399319262252)}
2026-09-13 19:06:52,350 - graph.ridge_estimator - INFO - R² for node DC_Power: 0.7582
2026-09-13 19:06:52,389 - graph.ridge_estimator - INFO - DRW coefficients for Panel_Temp (parents ['GHI', 'Ambient_Temp']): {'GHI': np.float64(0.3283308196366098), 'Ambient_Temp': np.float64(0.7218487637709391)}
2026-09-13 19:06:52,421 - graph.ridge_estimator - INFO - R² for node Panel_Temp: 0.8695
2026-09-13 19:06:52,458 - graph.ridge_estimator - INFO - DRW coefficients for Ambient_Temp (parents ['Wind_Speed', 'Hour']): {'Wind_Speed': np.float64(0.32398615695559935), 'Hour': np.float64(0.3873885407511019)}
2026-09-13 19:06:52,504 - graph.ridge_estimator - INFO - R² for node Ambient_Temp: 0.2715
2026-09-13 19:06:52,531 - graph.ridge_estimator - INFO - DRW coefficients for Humidity (parents ['Ambient_Temp']): {'Ambient_Temp': np.float64(-0.6894408405502239)}
2026-09-13 19:06:52,552 - graph.ridge_estimator - INFO - R² for node Humidity: 0.4753
2026-09-13 19:06:52,575 - graph.ridge_estimator - INFO - DRW estimation complete for 5 nodes
2026-09-13 19:06:52,595 - graph.ridge_estimator - INFO - DRW dictionary: {'GHI': {'Hour': np.float64(0.5669596103510995), 'Month': np.float64(0.43304038964890046)}, 'DC_Power': {'GHI': np.float64(0.3023903964979273), 'Panel_Temp': np.float64(0.5360821529411356), 'Humidity': np.float64(0.16152745056093704)}, 'Panel_Temp': {'GHI': np.float64(0.31264254687875864), 'Ambient_Temp': np.float64(0.6873574531212414)}, 'Ambient_Temp': {'Wind_Speed': np.float64(0.45543671710569944), 'Hour': np.float64(0.5445632828943006)}, 'Humidity': {'Ambient_Temp': np.float64(1.0)}}
2026-09-13 19:06:52,615 - graph.ridge_estimator - INFO - R² scores: {'GHI': 0.013653082575271758, 'DC_Power': 0.7581584922917597, 'Panel_Temp': 0.8695267881976556, 'Ambient_Temp': 0.27150220660700397, 'Humidity': 0.4753288710442609, 'Wind_Speed': 0.0, 'Hour': 0.0, 'Month': 0.0}
2026-09-13 19:06:52,639 - experiments.runner - INFO - DRW estimation complete for 5 nodes
2026-09-13 19:06:52,673 - experiments.runner - INFO - Computing DPWs for target: DC_Power
2026-09-13 19:06:52,694 - graph.domain_prior - INFO - Final DPW for input features (with intrinsic): {'GHI': np.float64(0.270464649611155), 'Ambient_Temp': np.float64(0.23971815731815185), 'Panel_Temp': np.float64(0.3235510247827767), 'Wind_Speed': np.float64(0.029641647247313774), 'Humidity': np.float64(0.0974894834174402), 'Pressure': np.float64(0.0), 'SunShine': np.float64(0.0), 'Hour': np.float64(0.037535959684904696), 'Month': np.float64(0.0015990779382577195)}
2026-09-13 19:06:52,716 - experiments.runner - INFO - Raw DPW for graph_2: {'GHI': np.float64(0.270464649611155), 'Ambient_Temp': np.float64(0.23971815731815185), 'Panel_Temp': np.float64(0.3235510247827767), 'Wind_Speed': np.float64(0.029641647247313774), 'Humidity': np.float64(0.0974894834174402), 'Pressure': np.float64(0.0), 'SunShine': np.float64(0.0), 'Hour': np.float64(0.037535959684904696), 'Month': np.float64(0.0015990779382577195)}
2026-09-13 19:06:52,738 - experiments.runner - INFO - R² used for intrinsic γ: {'GHI': 0.013653082575271758, 'DC_Power': 0.7581584922917597, 'Panel_Temp': 0.8695267881976556, 'Ambient_Temp': 0.27150220660700397, 'Humidity': 0.4753288710442609, 'Wind_Speed': 0.0, 'Hour': 0.0, 'Month': 0.0}
2026-09-13 19:06:52,758 - experiments.runner - INFO - Filtered DPW (pre-smooth) for graph_2: {'GHI': np.float64(0.270464649611155), 'Ambient_Temp': np.float64(0.23971815731815185), 'Panel_Temp': np.float64(0.3235510247827767), 'Wind_Speed': np.float64(0.029641647247313774), 'Humidity': np.float64(0.0974894834174402), 'Pressure': np.float64(0.0), 'SunShine': np.float64(0.0), 'Hour': np.float64(0.037535959684904696), 'Month': np.float64(0.0015990779382577195)}
2026-09-13 19:06:52,777 - experiments.runner - INFO - Training sampling P (α=0.3) for graph_2: {'GHI': 0.22265858806114183, 'Ambient_Temp': 0.2011360434560396, 'Panel_Temp': 0.25981905068127703, 'Wind_Speed': 0.054082486406452975, 'Humidity': 0.10157597172554148, 'Pressure': 0.03333333333333333, 'SunShine': 0.03333333333333333, 'Hour': 0.05960850511276662, 'Month': 0.034452687890113735}
2026-09-13 19:06:52,801 - experiments.runner - INFO - ============================================================
2026-09-13 19:06:52,821 - experiments.runner - INFO - Processing graph: graph_3
2026-09-13 19:06:52,840 - experiments.runner - INFO - ============================================================
2026-09-13 19:06:52,860 - experiments.runner - INFO - Exact match: 'GHI' -> 'GHI'
2026-09-13 19:06:52,880 - experiments.runner - INFO - Exact match: 'DC_Power' -> 'DC_Power'
2026-09-13 19:06:52,899 - experiments.runner - INFO - Exact match: 'Panel_Temp' -> 'Panel_Temp'
2026-09-13 19:06:52,922 - experiments.runner - INFO - Exact match: 'Ambient_Temp' -> 'Ambient_Temp'
2026-09-13 19:06:52,943 - experiments.runner - INFO - Exact match: 'Humidity' -> 'Humidity'
2026-09-13 19:06:52,962 - experiments.runner - INFO - Exact match: 'Wind_Speed' -> 'Wind_Speed'
2026-09-13 19:06:52,982 - experiments.runner - INFO - Exact match: 'Hour' -> 'Hour'
2026-09-13 19:06:53,001 - experiments.runner - INFO - Exact match: 'Month' -> 'Month'
2026-09-13 19:06:53,021 - experiments.runner - INFO - Estimating DRWs with alpha=0.001...
2026-09-13 19:06:53,051 - graph.ridge_estimator - INFO - DRW coefficients for DC_Power (parents ['GHI', 'Panel_Temp', 'Ambient_Temp', 'Wind_Speed', 'Humidity']): {'GHI': np.float64(0.204480637446251), 'Panel_Temp': np.float64(1.3289315321446737), 'Ambient_Temp': np.float64(-0.7457558162888255), 'Wind_Speed': np.float64(0.03448776848683779), 'Humidity': np.float64(0.015102642108431685)}
2026-09-13 19:06:53,078 - graph.ridge_estimator - INFO - R² for node DC_Power: 0.8445
2026-09-13 19:06:53,108 - graph.ridge_estimator - INFO - DRW coefficients for Panel_Temp (parents ['GHI', 'Ambient_Temp', 'Wind_Speed']): {'GHI': np.float64(0.3025342658600985), 'Ambient_Temp': np.float64(0.6901831211685034), 'Wind_Speed': np.float64(0.1281146428945451)}
2026-09-13 19:06:53,181 - graph.ridge_estimator - INFO - R² for node Panel_Temp: 0.8834
2026-09-13 19:06:53,213 - graph.ridge_estimator - INFO - DRW coefficients for Ambient_Temp (parents ['Wind_Speed', 'Hour', 'Month']): {'Wind_Speed': np.float64(0.29163078029434875), 'Hour': np.float64(0.3955494906933935), 'Month': np.float64(0.282348148432042)}
2026-09-13 19:06:53,245 - graph.ridge_estimator - INFO - R² for node Ambient_Temp: 0.3501
2026-09-13 19:06:53,274 - graph.ridge_estimator - INFO - DRW coefficients for Humidity (parents ['Ambient_Temp', 'Wind_Speed', 'Month']): {'Ambient_Temp': np.float64(-0.7529004640516184), 'Wind_Speed': np.float64(-0.10004078680741665), 'Month': np.float64(0.32082160804206583)}
2026-09-13 19:06:53,301 - graph.ridge_estimator - INFO - R² for node Humidity: 0.5770
2026-09-13 19:06:53,321 - graph.ridge_estimator - INFO - DRW estimation complete for 4 nodes
2026-09-13 19:06:53,341 - graph.ridge_estimator - INFO - DRW dictionary: {'DC_Power': {'GHI': np.float64(0.08780672042053311), 'Panel_Temp': np.float64(0.5706609728841956), 'Ambient_Temp': np.float64(0.320237521169073), 'Wind_Speed': np.float64(0.014809509023796123), 'Humidity': np.float64(0.006485276502402379)}, 'Panel_Temp': {'GHI': np.float64(0.26991936149508733), 'Ambient_Temp': np.float64(0.6157774784646614), 'Wind_Speed': np.float64(0.11430316004025119)}, 'Ambient_Temp': {'Wind_Speed': np.float64(0.3007965258706657), 'Hour': np.float64(0.40798132656091785), 'Month': np.float64(0.29122214756841647)}, 'Humidity': {'Ambient_Temp': np.float64(0.6414417174151328), 'Wind_Speed': np.float64(0.08523083351016639), 'Month': np.float64(0.27332744907470075)}}
2026-09-13 19:06:53,363 - graph.ridge_estimator - INFO - R² scores: {'GHI': 0.0, 'DC_Power': 0.8444608702250931, 'Panel_Temp': 0.8834425082770287, 'Ambient_Temp': 0.350143882471891, 'Humidity': 0.5770023350339799, 'Wind_Speed': 0.0, 'Hour': 0.0, 'Month': 0.0}
2026-09-13 19:06:53,392 - experiments.runner - INFO - DRW estimation complete for 4 nodes
2026-09-13 19:06:53,413 - experiments.runner - INFO - Computing DPWs for target: DC_Power
2026-09-13 19:06:53,438 - graph.domain_prior - INFO - Final DPW for input features (with intrinsic): {'GHI': np.float64(0.1294467373958688), 'Ambient_Temp': np.float64(0.3660356989105594), 'Panel_Temp': np.float64(0.3299462943296303), 'Wind_Speed': np.float64(0.08061670578130667), 'Humidity': np.float64(0.003749674590249085), 'Pressure': np.float64(0.0), 'SunShine': np.float64(0.0), 'Hour': np.float64(0.05228899229753947), 'Month': np.float64(0.03791589669484631)}
2026-09-13 19:06:53,459 - experiments.runner - INFO - Raw DPW for graph_3: {'GHI': np.float64(0.1294467373958688), 'Ambient_Temp': np.float64(0.3660356989105594), 'Panel_Temp': np.float64(0.3299462943296303), 'Wind_Speed': np.float64(0.08061670578130667), 'Humidity': np.float64(0.003749674590249085), 'Pressure': np.float64(0.0), 'SunShine': np.float64(0.0), 'Hour': np.float64(0.05228899229753947), 'Month': np.float64(0.03791589669484631)}
2026-09-13 19:06:53,483 - experiments.runner - INFO - R² used for intrinsic γ: {'GHI': 0.0, 'DC_Power': 0.8444608702250931, 'Panel_Temp': 0.8834425082770287, 'Ambient_Temp': 0.350143882471891, 'Humidity': 0.5770023350339799, 'Wind_Speed': 0.0, 'Hour': 0.0, 'Month': 0.0}
2026-09-13 19:06:53,527 - experiments.runner - INFO - Filtered DPW (pre-smooth) for graph_3: {'GHI': np.float64(0.1294467373958688), 'Ambient_Temp': np.float64(0.3660356989105594), 'Panel_Temp': np.float64(0.3299462943296303), 'Wind_Speed': np.float64(0.08061670578130667), 'Humidity': np.float64(0.003749674590249085), 'Pressure': np.float64(0.0), 'SunShine': np.float64(0.0), 'Hour': np.float64(0.05228899229753947), 'Month': np.float64(0.03791589669484631)}
2026-09-13 19:06:53,618 - experiments.runner - INFO - Training sampling P (α=0.3) for graph_3: {'GHI': 0.12394604951044147, 'Ambient_Temp': 0.2895583225707249, 'Panel_Temp': 0.2642957393640745, 'Wind_Speed': 0.089765027380248, 'Humidity': 0.03595810554650769, 'Pressure': 0.03333333333333333, 'SunShine': 0.03333333333333333, 'Hour': 0.06993562794161096, 'Month': 0.05987446101972575}
2026-09-13 19:06:53,662 - experiments.runner - INFO - Baselines: RF + XGBoost always | Domain-weighted experimental: ['bagging'] (bagging.enabled=True, boosting.enabled=False, experiment_type=AlgorithmType.COMPARISON)
2026-09-13 19:06:53,683 - experiments.runner - INFO - Total tasks: 180
2026-09-13 19:24:13,532 - experiments.runner - INFO - Valid results: 180 / 180
2026-09-13 19:24:13,686 - experiments.runner - INFO - RF predictions averaged over 60 runs (physical units)
2026-09-13 19:24:13,722 - experiments.runner - INFO - XGBoost predictions averaged over 60 runs (physical units)
2026-09-13 19:24:13,765 - experiments.runner - INFO - DARF predictions averaged over 60 runs (physical units)
2026-09-13 19:24:13,792 - experiments.runner - INFO - Average timing: {'Preprocessing': 0.09441757202148438, 'Training': {'RF': 7.0251161094436405, 'XGBoost': 5.550520018333918, 'DARF': 7.335407963333839}, 'Inference': {'RF': 1.2086509266661274, 'XGBoost': 0.050970984442877426, 'DARF': 1.4564028955559478}}
2026-09-13 19:24:13,842 - experiments.runner - INFO - Model result keys: ['graph_1_bagging_rf', 'graph_1_bagging_dwrf', 'graph_1_bagging_xgb', 'graph_2_bagging_rf', 'graph_2_bagging_dwrf', 'graph_2_bagging_xgb', 'graph_3_bagging_rf', 'graph_3_bagging_dwrf', 'graph_3_bagging_xgb']
2026-09-13 19:24:24,736 - analysis.sensitivity - WARNING - full_df_scaled / graphs missing from data_dict – λ-sensitivity will reuse the original DPW (incomplete).
2026-09-13 19:24:24,761 - analysis.sensitivity - INFO - λ-sensitivity: estimating DRW/DPW with λ=0.01
2026-09-13 19:24:32,901 - analysis.sensitivity - INFO - λ=0.01 (seed=10042) → MAE=0.3552, MAPE=77.5527
2026-09-13 19:24:32,927 - analysis.sensitivity - INFO - λ-sensitivity: estimating DRW/DPW with λ=0.05
2026-09-13 19:24:40,136 - analysis.sensitivity - INFO - λ=0.05 (seed=50042) → MAE=0.3726, MAPE=80.0229
2026-09-13 19:24:40,166 - analysis.sensitivity - INFO - λ-sensitivity: estimating DRW/DPW with λ=0.1
2026-09-13 19:24:47,168 - analysis.sensitivity - INFO - λ=0.1 (seed=100042) → MAE=0.3586, MAPE=75.7810
2026-09-13 19:24:47,221 - analysis.sensitivity - INFO - λ-sensitivity: estimating DRW/DPW with λ=0.5
2026-09-13 19:24:52,256 - analysis.sensitivity - INFO - λ=0.5 (seed=500042) → MAE=0.3656, MAPE=79.6570
2026-09-13 19:24:52,278 - analysis.sensitivity - INFO - λ-sensitivity: estimating DRW/DPW with λ=1.0
2026-09-13 19:24:57,096 - analysis.sensitivity - INFO - λ=1.0 (seed=1000042) → MAE=0.3634, MAPE=79.0872
2026-09-13 19:24:57,125 - analysis.sensitivity - INFO - λ-sensitivity: estimating DRW/DPW with λ=2.0
2026-09-13 19:25:03,022 - analysis.sensitivity - INFO - λ=2.0 (seed=2000042) → MAE=0.3672, MAPE=79.7476
2026-09-13 19:25:03,088 - analysis.sensitivity - INFO - λ-sensitivity: estimating DRW/DPW with λ=5.0
2026-09-13 19:25:07,573 - analysis.sensitivity - INFO - λ=5.0 (seed=5000042) → MAE=0.3708, MAPE=81.7319
2026-09-13 19:25:07,600 - analysis.sensitivity - INFO - λ-sensitivity: estimating DRW/DPW with λ=7.0
2026-09-13 19:25:11,637 - analysis.sensitivity - INFO - λ=7.0 (seed=7000042) → MAE=0.3561, MAPE=78.1523
2026-09-13 19:25:11,665 - analysis.sensitivity - INFO - λ-sensitivity: estimating DRW/DPW with λ=10.0
2026-09-13 19:25:16,515 - analysis.sensitivity - INFO - λ=10.0 (seed=10000042) → MAE=0.3687, MAPE=82.6128
2026-09-13 19:25:21,960 - analysis.sensitivity - INFO - α=0.01 (seed=10010042) → MAE=0.3662
2026-09-13 19:25:26,902 - analysis.sensitivity - INFO - α=0.05 (seed=10050042) → MAE=0.3655
2026-09-13 19:25:32,480 - analysis.sensitivity - INFO - α=0.1 (seed=10100042) → MAE=0.3744
2026-09-13 19:25:38,190 - analysis.sensitivity - INFO - α=0.2 (seed=10200042) → MAE=0.3616
2026-09-13 19:25:42,899 - analysis.sensitivity - INFO - α=0.3 (seed=10300042) → MAE=0.3411
2026-09-13 19:25:48,134 - analysis.sensitivity - INFO - α=0.4 (seed=10400042) → MAE=0.3470
2026-09-13 19:25:53,524 - analysis.sensitivity - INFO - α=0.5 (seed=10500042) → MAE=0.3441
2026-09-13 19:25:58,414 - analysis.sensitivity - INFO - α=0.7 (seed=10700042) → MAE=0.3579
2026-09-13 19:26:05,707 - analysis.sensitivity - INFO - α=1.0 (seed=11000042) → MAE=0.3625
2026-09-13 19:26:13,014 - evaluation.metrics - WARNING - mape_threshold=5.1 excluded all 11 points (max |y|=0.08). Falling back to full-set MAPE. Use a smaller floor in the same units as y, or ensure y is inverse-scaled to physical units before metrics.
2026-09-13 19:26:13,055 - evaluation.metrics - WARNING - mape_threshold=5.1 excluded all 11 points (max |y|=0.08). Falling back to full-set MAPE. Use a smaller floor in the same units as y, or ensure y is inverse-scaled to physical units before metrics.
2026-09-13 19:26:13,094 - evaluation.metrics - WARNING - mape_threshold=5.1 excluded all 11 points (max |y|=0.08). Falling back to full-set MAPE. Use a smaller floor in the same units as y, or ensure y is inverse-scaled to physical units before metrics.
2026-09-13 19:26:13,134 - evaluation.metrics - WARNING - mape_threshold=5.1 excluded all 52 points (max |y|=2.75). Falling back to full-set MAPE. Use a smaller floor in the same units as y, or ensure y is inverse-scaled to physical units before metrics.
2026-09-13 19:26:13,165 - evaluation.metrics - WARNING - mape_threshold=5.1 excluded all 52 points (max |y|=2.75). Falling back to full-set MAPE. Use a smaller floor in the same units as y, or ensure y is inverse-scaled to physical units before metrics.
2026-09-13 19:26:13,206 - evaluation.metrics - WARNING - mape_threshold=5.1 excluded all 52 points (max |y|=2.75). Falling back to full-set MAPE. Use a smaller floor in the same units as y, or ensure y is inverse-scaled to physical units before metrics.
2026-09-13 19:26:13,353 - evaluation.metrics - WARNING - mape_threshold=5.1 excluded all 50 points (max |y|=0.85). Falling back to full-set MAPE. Use a smaller floor in the same units as y, or ensure y is inverse-scaled to physical units before metrics.
2026-09-13 19:26:13,387 - evaluation.metrics - WARNING - mape_threshold=5.1 excluded all 50 points (max |y|=0.85). Falling back to full-set MAPE. Use a smaller floor in the same units as y, or ensure y is inverse-scaled to physical units before metrics.
2026-09-13 19:26:13,425 - evaluation.metrics - WARNING - mape_threshold=5.1 excluded all 50 points (max |y|=0.85). Falling back to full-set MAPE. Use a smaller floor in the same units as y, or ensure y is inverse-scaled to physical units before metrics.
2026-09-13 19:26:13,448 - experiments.runner - INFO - Temporal analysis completed (RF, XGBoost, experimental).
2026-09-13 19:26:13,468 - experiments.runner - INFO - Viz keys: rf=graph_1_bagging_rf, dwrf=graph_1_bagging_dwrf, xgb=graph_1_bagging_xgb
2026-09-13 19:26:13,551 - visualization.plots - INFO - Generating all plots...
2026-09-13 19:26:29,050 - visualization.plots - INFO - All plots generated.
2026-09-13 19:26:29,073 - experiments.runner - INFO - Visualizations generated.
2026-09-13 19:26:29,139 - experiments.runner - INFO - Results saved to dwrf_output\results_summary.json
2026-09-13 19:26:29,162 - experiments.runner - INFO - Experiment completed successfully.
2026-09-13 19:34:43,801 - experiments.runner - INFO - Starting DARF V4 experiment: DARF
2026-09-13 19:34:43,828 - experiments.runner - INFO - MAPE near-zero floor (mape_threshold) set to: 5.1 (physical units after inverse-scaling y)
2026-09-13 19:34:43,853 - data.loader - INFO - Loading data from C:/Users/User/OneDrive/Personal/Masters/MPhil Electrical Engineering/MPhil/Research Papers/3_Technical paper/Riverside_data_dwrf.csv
2026-09-13 19:34:43,942 - experiments.runner - INFO - Preprocessing time: 0.089 seconds
2026-09-13 19:34:43,983 - experiments.runner - INFO - Data shapes: X_train=(3353, 9), X_test=(719, 9)
2026-09-13 19:34:44,001 - experiments.runner - INFO - Feature names: ['GHI', 'Ambient_Temp', 'Panel_Temp', 'Wind_Speed', 'Humidity', 'Pressure', 'SunShine', 'Hour', 'Month']
2026-09-13 19:34:44,019 - experiments.runner - INFO - Target column: DC_Power
2026-09-13 19:34:44,039 - experiments.runner - INFO - Full DataFrame columns: ['timestamp', 'Ambient_Temp', 'Humidity', 'Pressure', 'Wind_Speed', 'SunShine', 'GHI', 'Panel_Temp', 'DC_Power', 'Month', 'Hour', 'DC_Power_Level']
2026-09-13 19:34:44,058 - graph.multi_graph - INFO - Graph graph_1 edges: {'GHI': ['DC_Power', 'Panel_Temp'], 'Ambient_Temp': ['Panel_Temp', 'Humidity'], 'Panel_Temp': ['DC_Power'], 'Wind_Speed': ['Ambient_Temp', 'Humidity'], 'Hour': ['GHI', 'Ambient_Temp'], 'Month': ['GHI'], 'SunShine': ['DC_Power'], 'Pressure': [], 'Humidity': ['DC_Power']}
2026-09-13 19:34:44,090 - graph.multi_graph - INFO - Graph graph_2 edges: {'GHI': ['DC_Power', 'Panel_Temp'], 'Ambient_Temp': ['Panel_Temp', 'Humidity'], 'Panel_Temp': ['DC_Power'], 'Wind_Speed': ['Ambient_Temp'], 'Hour': ['GHI', 'Ambient_Temp'], 'Month': ['GHI'], 'Humidity': ['DC_Power']}
2026-09-13 19:34:44,114 - graph.multi_graph - INFO - Graph graph_3 edges: {'GHI': ['DC_Power', 'Panel_Temp'], 'Panel_Temp': ['DC_Power'], 'Ambient_Temp': ['DC_Power', 'Panel_Temp', 'Humidity'], 'Wind_Speed': ['DC_Power', 'Panel_Temp', 'Ambient_Temp', 'Humidity'], 'Humidity': ['DC_Power'], 'Hour': ['Ambient_Temp'], 'Month': ['Ambient_Temp', 'Humidity']}
2026-09-13 19:34:44,134 - experiments.runner - INFO - ============================================================
2026-09-13 19:34:44,152 - experiments.runner - INFO - Processing graph: graph_1
2026-09-13 19:34:44,170 - experiments.runner - INFO - ============================================================
2026-09-13 19:34:44,193 - experiments.runner - INFO - Exact match: 'GHI' -> 'GHI'
2026-09-13 19:34:44,217 - experiments.runner - INFO - Exact match: 'DC_Power' -> 'DC_Power'
2026-09-13 19:34:44,234 - experiments.runner - INFO - Exact match: 'Panel_Temp' -> 'Panel_Temp'
2026-09-13 19:34:44,252 - experiments.runner - INFO - Exact match: 'Ambient_Temp' -> 'Ambient_Temp'
2026-09-13 19:34:44,278 - experiments.runner - INFO - Exact match: 'Humidity' -> 'Humidity'
2026-09-13 19:34:44,307 - experiments.runner - INFO - Exact match: 'Wind_Speed' -> 'Wind_Speed'
2026-09-13 19:34:44,325 - experiments.runner - INFO - Exact match: 'Hour' -> 'Hour'
2026-09-13 19:34:44,358 - experiments.runner - INFO - Exact match: 'Month' -> 'Month'
2026-09-13 19:34:44,392 - experiments.runner - INFO - Exact match: 'SunShine' -> 'SunShine'
2026-09-13 19:34:44,443 - experiments.runner - INFO - Estimating DRWs with alpha=0.001...
2026-09-13 19:34:44,476 - graph.ridge_estimator - INFO - DRW coefficients for GHI (parents ['Hour', 'Month']): {'Hour': np.float64(0.09191525046233252), 'Month': np.float64(-0.0702043234618354)}
2026-09-13 19:34:44,504 - graph.ridge_estimator - INFO - R² for node GHI: 0.0137
2026-09-13 19:34:44,528 - graph.ridge_estimator - INFO - DRW coefficients for DC_Power (parents ['GHI', 'Panel_Temp', 'SunShine', 'Humidity']): {'GHI': np.float64(0.34626309261009086), 'Panel_Temp': np.float64(0.6712819204539988), 'SunShine': np.float64(-0.29873619633161985), 'Humidity': np.float64(0.026519115821653703)}
2026-09-13 19:34:44,548 - graph.ridge_estimator - INFO - R² for node DC_Power: 0.8212
2026-09-13 19:34:44,574 - graph.ridge_estimator - INFO - DRW coefficients for Panel_Temp (parents ['GHI', 'Ambient_Temp']): {'GHI': np.float64(0.3283308196366098), 'Ambient_Temp': np.float64(0.7218487637709391)}
2026-09-13 19:34:44,594 - graph.ridge_estimator - INFO - R² for node Panel_Temp: 0.8695
2026-09-13 19:34:44,618 - graph.ridge_estimator - INFO - DRW coefficients for Ambient_Temp (parents ['Wind_Speed', 'Hour']): {'Wind_Speed': np.float64(0.32398615695559935), 'Hour': np.float64(0.3873885407511019)}
2026-09-13 19:34:44,638 - graph.ridge_estimator - INFO - R² for node Ambient_Temp: 0.2715
2026-09-13 19:34:44,658 - graph.ridge_estimator - INFO - DRW coefficients for Humidity (parents ['Ambient_Temp', 'Wind_Speed']): {'Ambient_Temp': np.float64(-0.6551916119343523), 'Wind_Speed': np.float64(-0.09802396605255873)}
2026-09-13 19:34:44,681 - graph.ridge_estimator - INFO - R² for node Humidity: 0.4838
2026-09-13 19:34:44,702 - graph.ridge_estimator - INFO - DRW estimation complete for 5 nodes
2026-09-13 19:34:44,719 - graph.ridge_estimator - INFO - DRW dictionary: {'GHI': {'Hour': np.float64(0.5669596103510995), 'Month': np.float64(0.43304038964890046)}, 'DC_Power': {'GHI': np.float64(0.25786640508449393), 'Panel_Temp': np.float64(0.4999119436058643), 'SunShine': np.float64(0.22247253796521269), 'Humidity': np.float64(0.0197491133444289)}, 'Panel_Temp': {'GHI': np.float64(0.31264254687875864), 'Ambient_Temp': np.float64(0.6873574531212414)}, 'Ambient_Temp': {'Wind_Speed': np.float64(0.45543671710569944), 'Hour': np.float64(0.5445632828943006)}, 'Humidity': {'Ambient_Temp': np.float64(0.8698593484822188), 'Wind_Speed': np.float64(0.1301406515177812)}}
2026-09-13 19:34:44,736 - graph.ridge_estimator - INFO - R² scores: {'GHI': 0.013653082575271758, 'DC_Power': 0.8212201343982459, 'Panel_Temp': 0.8695267881976556, 'Ambient_Temp': 0.27150220660700397, 'Humidity': 0.48376455345814096, 'Wind_Speed': 0.0, 'Hour': 0.0, 'Month': 0.0, 'SunShine': 0.0}
2026-09-13 19:34:44,753 - experiments.runner - INFO - DRW estimation complete for 5 nodes
2026-09-13 19:34:44,771 - experiments.runner - INFO - Computing DPWs for target: DC_Power
2026-09-13 19:34:44,797 - graph.domain_prior - INFO - Final DPW for input features (with intrinsic): {'GHI': np.float64(0.2568620495335465), 'Ambient_Temp': np.float64(0.2003241899779219), 'Panel_Temp': np.float64(0.32610167883871227), 'Wind_Speed': np.float64(0.025581563663868715), 'Humidity': np.float64(0.012882706843811306), 'Pressure': np.float64(0.0), 'SunShine': np.float64(0.14512289424947833), 'Hour': np.float64(0.03160626209923311), 'Month': np.float64(0.0015186547934278182)}
2026-09-13 19:34:44,821 - experiments.runner - INFO - Raw DPW for graph_1: {'GHI': np.float64(0.2568620495335465), 'Ambient_Temp': np.float64(0.2003241899779219), 'Panel_Temp': np.float64(0.32610167883871227), 'Wind_Speed': np.float64(0.025581563663868715), 'Humidity': np.float64(0.012882706843811306), 'Pressure': np.float64(0.0), 'SunShine': np.float64(0.14512289424947833), 'Hour': np.float64(0.03160626209923311), 'Month': np.float64(0.0015186547934278182)}
2026-09-13 19:34:44,861 - experiments.runner - INFO - R² used for intrinsic γ: {'GHI': 0.013653082575271758, 'DC_Power': 0.8212201343982459, 'Panel_Temp': 0.8695267881976556, 'Ambient_Temp': 0.27150220660700397, 'Humidity': 0.48376455345814096, 'Wind_Speed': 0.0, 'Hour': 0.0, 'Month': 0.0, 'SunShine': 0.0}
2026-09-13 19:34:44,894 - experiments.runner - INFO - Filtered DPW (pre-smooth) for graph_1: {'GHI': np.float64(0.2568620495335465), 'Ambient_Temp': np.float64(0.2003241899779219), 'Panel_Temp': np.float64(0.32610167883871227), 'Wind_Speed': np.float64(0.025581563663868715), 'Humidity': np.float64(0.012882706843811306), 'Pressure': np.float64(0.0), 'SunShine': np.float64(0.14512289424947833), 'Hour': np.float64(0.03160626209923311), 'Month': np.float64(0.0015186547934278182)}
2026-09-13 19:34:44,933 - experiments.runner - INFO - Training sampling P (α=0.3) for graph_1: {'GHI': 0.21313676800681589, 'Ambient_Temp': 0.17356026631787863, 'Panel_Temp': 0.26160450852043193, 'Wind_Speed': 0.05124042789804143, 'Humidity': 0.042351228124001244, 'Pressure': 0.03333333333333333, 'SunShine': 0.13491935930796817, 'Hour': 0.055457716802796514, 'Month': 0.034396391688732805}
2026-09-13 19:34:44,954 - experiments.runner - INFO - ============================================================
2026-09-13 19:34:44,972 - experiments.runner - INFO - Processing graph: graph_2
2026-09-13 19:34:44,989 - experiments.runner - INFO - ============================================================
2026-09-13 19:34:45,005 - experiments.runner - INFO - Exact match: 'GHI' -> 'GHI'
2026-09-13 19:34:45,021 - experiments.runner - INFO - Exact match: 'DC_Power' -> 'DC_Power'
2026-09-13 19:34:45,038 - experiments.runner - INFO - Exact match: 'Panel_Temp' -> 'Panel_Temp'
2026-09-13 19:34:45,054 - experiments.runner - INFO - Exact match: 'Ambient_Temp' -> 'Ambient_Temp'
2026-09-13 19:34:45,070 - experiments.runner - INFO - Exact match: 'Humidity' -> 'Humidity'
2026-09-13 19:34:45,087 - experiments.runner - INFO - Exact match: 'Wind_Speed' -> 'Wind_Speed'
2026-09-13 19:34:45,116 - experiments.runner - INFO - Exact match: 'Hour' -> 'Hour'
2026-09-13 19:34:45,134 - experiments.runner - INFO - Exact match: 'Month' -> 'Month'
2026-09-13 19:34:45,152 - experiments.runner - INFO - Estimating DRWs with alpha=0.001...
2026-09-13 19:34:45,173 - graph.ridge_estimator - INFO - DRW coefficients for GHI (parents ['Hour', 'Month']): {'Hour': np.float64(0.09191525046233252), 'Month': np.float64(-0.0702043234618354)}
2026-09-13 19:34:45,193 - graph.ridge_estimator - INFO - R² for node GHI: 0.0137
2026-09-13 19:34:45,226 - graph.ridge_estimator - INFO - DRW coefficients for DC_Power (parents ['GHI', 'Panel_Temp', 'Humidity']): {'GHI': np.float64(0.3804491661695964), 'Panel_Temp': np.float64(0.6744658906065989), 'Humidity': np.float64(0.20322399319262252)}
2026-09-13 19:34:45,247 - graph.ridge_estimator - INFO - R² for node DC_Power: 0.7582
2026-09-13 19:34:45,269 - graph.ridge_estimator - INFO - DRW coefficients for Panel_Temp (parents ['GHI', 'Ambient_Temp']): {'GHI': np.float64(0.3283308196366098), 'Ambient_Temp': np.float64(0.7218487637709391)}
2026-09-13 19:34:45,293 - graph.ridge_estimator - INFO - R² for node Panel_Temp: 0.8695
2026-09-13 19:34:45,317 - graph.ridge_estimator - INFO - DRW coefficients for Ambient_Temp (parents ['Wind_Speed', 'Hour']): {'Wind_Speed': np.float64(0.32398615695559935), 'Hour': np.float64(0.3873885407511019)}
2026-09-13 19:34:45,334 - graph.ridge_estimator - INFO - R² for node Ambient_Temp: 0.2715
2026-09-13 19:34:45,354 - graph.ridge_estimator - INFO - DRW coefficients for Humidity (parents ['Ambient_Temp']): {'Ambient_Temp': np.float64(-0.6894408405502239)}
2026-09-13 19:34:45,373 - graph.ridge_estimator - INFO - R² for node Humidity: 0.4753
2026-09-13 19:34:45,388 - graph.ridge_estimator - INFO - DRW estimation complete for 5 nodes
2026-09-13 19:34:45,402 - graph.ridge_estimator - INFO - DRW dictionary: {'GHI': {'Hour': np.float64(0.5669596103510995), 'Month': np.float64(0.43304038964890046)}, 'DC_Power': {'GHI': np.float64(0.3023903964979273), 'Panel_Temp': np.float64(0.5360821529411356), 'Humidity': np.float64(0.16152745056093704)}, 'Panel_Temp': {'GHI': np.float64(0.31264254687875864), 'Ambient_Temp': np.float64(0.6873574531212414)}, 'Ambient_Temp': {'Wind_Speed': np.float64(0.45543671710569944), 'Hour': np.float64(0.5445632828943006)}, 'Humidity': {'Ambient_Temp': np.float64(1.0)}}
2026-09-13 19:34:45,424 - graph.ridge_estimator - INFO - R² scores: {'GHI': 0.013653082575271758, 'DC_Power': 0.7581584922917597, 'Panel_Temp': 0.8695267881976556, 'Ambient_Temp': 0.27150220660700397, 'Humidity': 0.4753288710442609, 'Wind_Speed': 0.0, 'Hour': 0.0, 'Month': 0.0}
2026-09-13 19:34:45,439 - experiments.runner - INFO - DRW estimation complete for 5 nodes
2026-09-13 19:34:45,455 - experiments.runner - INFO - Computing DPWs for target: DC_Power
2026-09-13 19:34:45,472 - graph.domain_prior - INFO - Final DPW for input features (with intrinsic): {'GHI': np.float64(0.270464649611155), 'Ambient_Temp': np.float64(0.23971815731815185), 'Panel_Temp': np.float64(0.3235510247827767), 'Wind_Speed': np.float64(0.029641647247313774), 'Humidity': np.float64(0.0974894834174402), 'Pressure': np.float64(0.0), 'SunShine': np.float64(0.0), 'Hour': np.float64(0.037535959684904696), 'Month': np.float64(0.0015990779382577195)}
2026-09-13 19:34:45,526 - experiments.runner - INFO - Raw DPW for graph_2: {'GHI': np.float64(0.270464649611155), 'Ambient_Temp': np.float64(0.23971815731815185), 'Panel_Temp': np.float64(0.3235510247827767), 'Wind_Speed': np.float64(0.029641647247313774), 'Humidity': np.float64(0.0974894834174402), 'Pressure': np.float64(0.0), 'SunShine': np.float64(0.0), 'Hour': np.float64(0.037535959684904696), 'Month': np.float64(0.0015990779382577195)}
2026-09-13 19:34:45,542 - experiments.runner - INFO - R² used for intrinsic γ: {'GHI': 0.013653082575271758, 'DC_Power': 0.7581584922917597, 'Panel_Temp': 0.8695267881976556, 'Ambient_Temp': 0.27150220660700397, 'Humidity': 0.4753288710442609, 'Wind_Speed': 0.0, 'Hour': 0.0, 'Month': 0.0}
2026-09-13 19:34:45,557 - experiments.runner - INFO - Filtered DPW (pre-smooth) for graph_2: {'GHI': np.float64(0.270464649611155), 'Ambient_Temp': np.float64(0.23971815731815185), 'Panel_Temp': np.float64(0.3235510247827767), 'Wind_Speed': np.float64(0.029641647247313774), 'Humidity': np.float64(0.0974894834174402), 'Pressure': np.float64(0.0), 'SunShine': np.float64(0.0), 'Hour': np.float64(0.037535959684904696), 'Month': np.float64(0.0015990779382577195)}
2026-09-13 19:34:45,572 - experiments.runner - INFO - Training sampling P (α=0.3) for graph_2: {'GHI': 0.22265858806114183, 'Ambient_Temp': 0.2011360434560396, 'Panel_Temp': 0.25981905068127703, 'Wind_Speed': 0.054082486406452975, 'Humidity': 0.10157597172554148, 'Pressure': 0.03333333333333333, 'SunShine': 0.03333333333333333, 'Hour': 0.05960850511276662, 'Month': 0.034452687890113735}
2026-09-13 19:34:45,588 - experiments.runner - INFO - ============================================================
2026-09-13 19:34:45,601 - experiments.runner - INFO - Processing graph: graph_3
2026-09-13 19:34:45,615 - experiments.runner - INFO - ============================================================
2026-09-13 19:34:45,630 - experiments.runner - INFO - Exact match: 'GHI' -> 'GHI'
2026-09-13 19:34:45,644 - experiments.runner - INFO - Exact match: 'DC_Power' -> 'DC_Power'
2026-09-13 19:34:45,659 - experiments.runner - INFO - Exact match: 'Panel_Temp' -> 'Panel_Temp'
2026-09-13 19:34:45,674 - experiments.runner - INFO - Exact match: 'Ambient_Temp' -> 'Ambient_Temp'
2026-09-13 19:34:45,692 - experiments.runner - INFO - Exact match: 'Humidity' -> 'Humidity'
2026-09-13 19:34:45,712 - experiments.runner - INFO - Exact match: 'Wind_Speed' -> 'Wind_Speed'
2026-09-13 19:34:45,729 - experiments.runner - INFO - Exact match: 'Hour' -> 'Hour'
2026-09-13 19:34:45,744 - experiments.runner - INFO - Exact match: 'Month' -> 'Month'
2026-09-13 19:34:45,846 - experiments.runner - INFO - Estimating DRWs with alpha=0.001...
2026-09-13 19:34:45,870 - graph.ridge_estimator - INFO - DRW coefficients for DC_Power (parents ['GHI', 'Panel_Temp', 'Ambient_Temp', 'Wind_Speed', 'Humidity']): {'GHI': np.float64(0.204480637446251), 'Panel_Temp': np.float64(1.3289315321446737), 'Ambient_Temp': np.float64(-0.7457558162888255), 'Wind_Speed': np.float64(0.03448776848683779), 'Humidity': np.float64(0.015102642108431685)}
2026-09-13 19:34:45,890 - graph.ridge_estimator - INFO - R² for node DC_Power: 0.8445
2026-09-13 19:34:45,922 - graph.ridge_estimator - INFO - DRW coefficients for Panel_Temp (parents ['GHI', 'Ambient_Temp', 'Wind_Speed']): {'GHI': np.float64(0.3025342658600985), 'Ambient_Temp': np.float64(0.6901831211685034), 'Wind_Speed': np.float64(0.1281146428945451)}
2026-09-13 19:34:45,949 - graph.ridge_estimator - INFO - R² for node Panel_Temp: 0.8834
2026-09-13 19:34:45,979 - graph.ridge_estimator - INFO - DRW coefficients for Ambient_Temp (parents ['Wind_Speed', 'Hour', 'Month']): {'Wind_Speed': np.float64(0.29163078029434875), 'Hour': np.float64(0.3955494906933935), 'Month': np.float64(0.282348148432042)}
2026-09-13 19:34:46,006 - graph.ridge_estimator - INFO - R² for node Ambient_Temp: 0.3501
2026-09-13 19:34:46,032 - graph.ridge_estimator - INFO - DRW coefficients for Humidity (parents ['Ambient_Temp', 'Wind_Speed', 'Month']): {'Ambient_Temp': np.float64(-0.7529004640516184), 'Wind_Speed': np.float64(-0.10004078680741665), 'Month': np.float64(0.32082160804206583)}
2026-09-13 19:34:46,073 - graph.ridge_estimator - INFO - R² for node Humidity: 0.5770
2026-09-13 19:34:46,093 - graph.ridge_estimator - INFO - DRW estimation complete for 4 nodes
2026-09-13 19:34:46,109 - graph.ridge_estimator - INFO - DRW dictionary: {'DC_Power': {'GHI': np.float64(0.08780672042053311), 'Panel_Temp': np.float64(0.5706609728841956), 'Ambient_Temp': np.float64(0.320237521169073), 'Wind_Speed': np.float64(0.014809509023796123), 'Humidity': np.float64(0.006485276502402379)}, 'Panel_Temp': {'GHI': np.float64(0.26991936149508733), 'Ambient_Temp': np.float64(0.6157774784646614), 'Wind_Speed': np.float64(0.11430316004025119)}, 'Ambient_Temp': {'Wind_Speed': np.float64(0.3007965258706657), 'Hour': np.float64(0.40798132656091785), 'Month': np.float64(0.29122214756841647)}, 'Humidity': {'Ambient_Temp': np.float64(0.6414417174151328), 'Wind_Speed': np.float64(0.08523083351016639), 'Month': np.float64(0.27332744907470075)}}
2026-09-13 19:34:46,174 - graph.ridge_estimator - INFO - R² scores: {'GHI': 0.0, 'DC_Power': 0.8444608702250931, 'Panel_Temp': 0.8834425082770287, 'Ambient_Temp': 0.350143882471891, 'Humidity': 0.5770023350339799, 'Wind_Speed': 0.0, 'Hour': 0.0, 'Month': 0.0}
2026-09-13 19:34:46,220 - experiments.runner - INFO - DRW estimation complete for 4 nodes
2026-09-13 19:34:46,235 - experiments.runner - INFO - Computing DPWs for target: DC_Power
2026-09-13 19:34:46,251 - graph.domain_prior - INFO - Final DPW for input features (with intrinsic): {'GHI': np.float64(0.1294467373958688), 'Ambient_Temp': np.float64(0.3660356989105594), 'Panel_Temp': np.float64(0.3299462943296303), 'Wind_Speed': np.float64(0.08061670578130667), 'Humidity': np.float64(0.003749674590249085), 'Pressure': np.float64(0.0), 'SunShine': np.float64(0.0), 'Hour': np.float64(0.05228899229753947), 'Month': np.float64(0.03791589669484631)}
2026-09-13 19:34:46,265 - experiments.runner - INFO - Raw DPW for graph_3: {'GHI': np.float64(0.1294467373958688), 'Ambient_Temp': np.float64(0.3660356989105594), 'Panel_Temp': np.float64(0.3299462943296303), 'Wind_Speed': np.float64(0.08061670578130667), 'Humidity': np.float64(0.003749674590249085), 'Pressure': np.float64(0.0), 'SunShine': np.float64(0.0), 'Hour': np.float64(0.05228899229753947), 'Month': np.float64(0.03791589669484631)}
2026-09-13 19:34:46,281 - experiments.runner - INFO - R² used for intrinsic γ: {'GHI': 0.0, 'DC_Power': 0.8444608702250931, 'Panel_Temp': 0.8834425082770287, 'Ambient_Temp': 0.350143882471891, 'Humidity': 0.5770023350339799, 'Wind_Speed': 0.0, 'Hour': 0.0, 'Month': 0.0}
2026-09-13 19:34:46,297 - experiments.runner - INFO - Filtered DPW (pre-smooth) for graph_3: {'GHI': np.float64(0.1294467373958688), 'Ambient_Temp': np.float64(0.3660356989105594), 'Panel_Temp': np.float64(0.3299462943296303), 'Wind_Speed': np.float64(0.08061670578130667), 'Humidity': np.float64(0.003749674590249085), 'Pressure': np.float64(0.0), 'SunShine': np.float64(0.0), 'Hour': np.float64(0.05228899229753947), 'Month': np.float64(0.03791589669484631)}
2026-09-13 19:34:46,320 - experiments.runner - INFO - Training sampling P (α=0.3) for graph_3: {'GHI': 0.12394604951044147, 'Ambient_Temp': 0.2895583225707249, 'Panel_Temp': 0.2642957393640745, 'Wind_Speed': 0.089765027380248, 'Humidity': 0.03595810554650769, 'Pressure': 0.03333333333333333, 'SunShine': 0.03333333333333333, 'Hour': 0.06993562794161096, 'Month': 0.05987446101972575}
2026-09-13 19:34:46,350 - experiments.runner - INFO - Baselines: RF + XGBoost always | Domain-weighted experimental: ['bagging'] (bagging.enabled=True, boosting.enabled=False, experiment_type=AlgorithmType.COMPARISON)
2026-09-13 19:34:46,365 - experiments.runner - INFO - Total tasks: 150
2026-09-13 19:44:18,178 - experiments.runner - INFO - Starting DARF V4 experiment: DARF
2026-09-13 19:44:18,205 - experiments.runner - INFO - MAPE near-zero floor (mape_threshold) set to: 5.1 (physical units after inverse-scaling y)
2026-09-13 19:44:18,227 - data.loader - INFO - Loading data from C:/Users/User/OneDrive/Personal/Masters/MPhil Electrical Engineering/MPhil/Research Papers/3_Technical paper/Riverside_data_dwrf.csv
2026-09-13 19:44:18,343 - experiments.runner - INFO - Preprocessing time: 0.116 seconds
2026-09-13 19:44:18,392 - experiments.runner - INFO - Data shapes: X_train=(3353, 9), X_test=(719, 9)
2026-09-13 19:44:18,416 - experiments.runner - INFO - Feature names: ['GHI', 'Ambient_Temp', 'Panel_Temp', 'Wind_Speed', 'Humidity', 'Pressure', 'SunShine', 'Hour', 'Month']
2026-09-13 19:44:18,446 - experiments.runner - INFO - Target column: DC_Power
2026-09-13 19:44:18,470 - experiments.runner - INFO - Full DataFrame columns: ['timestamp', 'Ambient_Temp', 'Humidity', 'Pressure', 'Wind_Speed', 'SunShine', 'GHI', 'Panel_Temp', 'DC_Power', 'Month', 'Hour', 'DC_Power_Level']
2026-09-13 19:44:18,491 - graph.multi_graph - INFO - Graph graph_1 edges: {'GHI': ['DC_Power', 'Panel_Temp'], 'Ambient_Temp': ['Panel_Temp', 'Humidity'], 'Panel_Temp': ['DC_Power'], 'Wind_Speed': ['Ambient_Temp', 'Humidity'], 'Hour': ['GHI', 'Ambient_Temp'], 'Month': ['GHI'], 'SunShine': ['DC_Power'], 'Pressure': [], 'Humidity': ['DC_Power']}
2026-09-13 19:44:18,512 - graph.multi_graph - INFO - Graph graph_2 edges: {'GHI': ['DC_Power', 'Panel_Temp'], 'Ambient_Temp': ['Panel_Temp', 'Humidity'], 'Panel_Temp': ['DC_Power'], 'Wind_Speed': ['Ambient_Temp'], 'Hour': ['GHI', 'Ambient_Temp'], 'Month': ['GHI'], 'Humidity': ['DC_Power']}
2026-09-13 19:44:18,532 - graph.multi_graph - INFO - Graph graph_3 edges: {'GHI': ['DC_Power', 'Panel_Temp'], 'Panel_Temp': ['DC_Power'], 'Ambient_Temp': ['DC_Power', 'Panel_Temp', 'Humidity'], 'Wind_Speed': ['DC_Power', 'Panel_Temp', 'Ambient_Temp', 'Humidity'], 'Humidity': ['DC_Power'], 'Hour': ['Ambient_Temp'], 'Month': ['Ambient_Temp', 'Humidity']}
2026-09-13 19:44:18,578 - experiments.runner - INFO - ============================================================
2026-09-13 19:44:18,599 - experiments.runner - INFO - Processing graph: graph_1
2026-09-13 19:44:18,617 - experiments.runner - INFO - ============================================================
2026-09-13 19:44:18,636 - experiments.runner - INFO - Exact match: 'GHI' -> 'GHI'
2026-09-13 19:44:18,655 - experiments.runner - INFO - Exact match: 'DC_Power' -> 'DC_Power'
2026-09-13 19:44:18,674 - experiments.runner - INFO - Exact match: 'Panel_Temp' -> 'Panel_Temp'
2026-09-13 19:44:18,694 - experiments.runner - INFO - Exact match: 'Ambient_Temp' -> 'Ambient_Temp'
2026-09-13 19:44:18,712 - experiments.runner - INFO - Exact match: 'Humidity' -> 'Humidity'
2026-09-13 19:44:18,730 - experiments.runner - INFO - Exact match: 'Wind_Speed' -> 'Wind_Speed'
2026-09-13 19:44:18,749 - experiments.runner - INFO - Exact match: 'Hour' -> 'Hour'
2026-09-13 19:44:18,768 - experiments.runner - INFO - Exact match: 'Month' -> 'Month'
2026-09-13 19:44:18,787 - experiments.runner - INFO - Exact match: 'SunShine' -> 'SunShine'
2026-09-13 19:44:18,812 - experiments.runner - INFO - Estimating DRWs with alpha=0.001...
2026-09-13 19:44:18,843 - graph.ridge_estimator - INFO - DRW coefficients for GHI (parents ['Hour', 'Month']): {'Hour': np.float64(0.09191525046233252), 'Month': np.float64(-0.0702043234618354)}
2026-09-13 19:44:18,864 - graph.ridge_estimator - INFO - R² for node GHI: 0.0137
2026-09-13 19:44:18,889 - graph.ridge_estimator - INFO - DRW coefficients for DC_Power (parents ['GHI', 'Panel_Temp', 'SunShine', 'Humidity']): {'GHI': np.float64(0.34626309261009086), 'Panel_Temp': np.float64(0.6712819204539988), 'SunShine': np.float64(-0.29873619633161985), 'Humidity': np.float64(0.026519115821653703)}
2026-09-13 19:44:18,910 - graph.ridge_estimator - INFO - R² for node DC_Power: 0.8212
2026-09-13 19:44:18,936 - graph.ridge_estimator - INFO - DRW coefficients for Panel_Temp (parents ['GHI', 'Ambient_Temp']): {'GHI': np.float64(0.3283308196366098), 'Ambient_Temp': np.float64(0.7218487637709391)}
2026-09-13 19:44:18,961 - graph.ridge_estimator - INFO - R² for node Panel_Temp: 0.8695
2026-09-13 19:44:18,990 - graph.ridge_estimator - INFO - DRW coefficients for Ambient_Temp (parents ['Wind_Speed', 'Hour']): {'Wind_Speed': np.float64(0.32398615695559935), 'Hour': np.float64(0.3873885407511019)}
2026-09-13 19:44:19,013 - graph.ridge_estimator - INFO - R² for node Ambient_Temp: 0.2715
2026-09-13 19:44:19,039 - graph.ridge_estimator - INFO - DRW coefficients for Humidity (parents ['Ambient_Temp', 'Wind_Speed']): {'Ambient_Temp': np.float64(-0.6551916119343523), 'Wind_Speed': np.float64(-0.09802396605255873)}
2026-09-13 19:44:19,071 - graph.ridge_estimator - INFO - R² for node Humidity: 0.4838
2026-09-13 19:44:19,096 - graph.ridge_estimator - INFO - DRW estimation complete for 5 nodes
2026-09-13 19:44:19,118 - graph.ridge_estimator - INFO - DRW dictionary: {'GHI': {'Hour': np.float64(0.5669596103510995), 'Month': np.float64(0.43304038964890046)}, 'DC_Power': {'GHI': np.float64(0.25786640508449393), 'Panel_Temp': np.float64(0.4999119436058643), 'SunShine': np.float64(0.22247253796521269), 'Humidity': np.float64(0.0197491133444289)}, 'Panel_Temp': {'GHI': np.float64(0.31264254687875864), 'Ambient_Temp': np.float64(0.6873574531212414)}, 'Ambient_Temp': {'Wind_Speed': np.float64(0.45543671710569944), 'Hour': np.float64(0.5445632828943006)}, 'Humidity': {'Ambient_Temp': np.float64(0.8698593484822188), 'Wind_Speed': np.float64(0.1301406515177812)}}
2026-09-13 19:44:19,146 - graph.ridge_estimator - INFO - R² scores: {'GHI': 0.013653082575271758, 'DC_Power': 0.8212201343982459, 'Panel_Temp': 0.8695267881976556, 'Ambient_Temp': 0.27150220660700397, 'Humidity': 0.48376455345814096, 'Wind_Speed': 0.0, 'Hour': 0.0, 'Month': 0.0, 'SunShine': 0.0}
2026-09-13 19:44:19,190 - experiments.runner - INFO - DRW estimation complete for 5 nodes
2026-09-13 19:44:19,311 - experiments.runner - INFO - Computing DPWs for target: DC_Power
2026-09-13 19:44:19,333 - graph.domain_prior - INFO - Final DPW for input features (with intrinsic): {'GHI': np.float64(0.2568620495335465), 'Ambient_Temp': np.float64(0.2003241899779219), 'Panel_Temp': np.float64(0.32610167883871227), 'Wind_Speed': np.float64(0.025581563663868715), 'Humidity': np.float64(0.012882706843811306), 'Pressure': np.float64(0.0), 'SunShine': np.float64(0.14512289424947833), 'Hour': np.float64(0.03160626209923311), 'Month': np.float64(0.0015186547934278182)}
2026-09-13 19:44:19,358 - experiments.runner - INFO - Raw DPW for graph_1: {'GHI': np.float64(0.2568620495335465), 'Ambient_Temp': np.float64(0.2003241899779219), 'Panel_Temp': np.float64(0.32610167883871227), 'Wind_Speed': np.float64(0.025581563663868715), 'Humidity': np.float64(0.012882706843811306), 'Pressure': np.float64(0.0), 'SunShine': np.float64(0.14512289424947833), 'Hour': np.float64(0.03160626209923311), 'Month': np.float64(0.0015186547934278182)}
2026-09-13 19:44:19,378 - experiments.runner - INFO - R² used for intrinsic γ: {'GHI': 0.013653082575271758, 'DC_Power': 0.8212201343982459, 'Panel_Temp': 0.8695267881976556, 'Ambient_Temp': 0.27150220660700397, 'Humidity': 0.48376455345814096, 'Wind_Speed': 0.0, 'Hour': 0.0, 'Month': 0.0, 'SunShine': 0.0}
2026-09-13 19:44:19,394 - experiments.runner - INFO - Filtered DPW (pre-smooth) for graph_1: {'GHI': np.float64(0.2568620495335465), 'Ambient_Temp': np.float64(0.2003241899779219), 'Panel_Temp': np.float64(0.32610167883871227), 'Wind_Speed': np.float64(0.025581563663868715), 'Humidity': np.float64(0.012882706843811306), 'Pressure': np.float64(0.0), 'SunShine': np.float64(0.14512289424947833), 'Hour': np.float64(0.03160626209923311), 'Month': np.float64(0.0015186547934278182)}
2026-09-13 19:44:19,411 - experiments.runner - INFO - Training sampling P (α=0.3) for graph_1: {'GHI': 0.21313676800681589, 'Ambient_Temp': 0.17356026631787863, 'Panel_Temp': 0.26160450852043193, 'Wind_Speed': 0.05124042789804143, 'Humidity': 0.042351228124001244, 'Pressure': 0.03333333333333333, 'SunShine': 0.13491935930796817, 'Hour': 0.055457716802796514, 'Month': 0.034396391688732805}
2026-09-13 19:44:19,429 - experiments.runner - INFO - ============================================================
2026-09-13 19:44:19,453 - experiments.runner - INFO - Processing graph: graph_2
2026-09-13 19:44:19,473 - experiments.runner - INFO - ============================================================
2026-09-13 19:44:19,493 - experiments.runner - INFO - Exact match: 'GHI' -> 'GHI'
2026-09-13 19:44:19,514 - experiments.runner - INFO - Exact match: 'DC_Power' -> 'DC_Power'
2026-09-13 19:44:19,535 - experiments.runner - INFO - Exact match: 'Panel_Temp' -> 'Panel_Temp'
2026-09-13 19:44:19,557 - experiments.runner - INFO - Exact match: 'Ambient_Temp' -> 'Ambient_Temp'
2026-09-13 19:44:19,578 - experiments.runner - INFO - Exact match: 'Humidity' -> 'Humidity'
2026-09-13 19:44:19,697 - experiments.runner - INFO - Exact match: 'Wind_Speed' -> 'Wind_Speed'
2026-09-13 19:44:19,717 - experiments.runner - INFO - Exact match: 'Hour' -> 'Hour'
2026-09-13 19:44:19,735 - experiments.runner - INFO - Exact match: 'Month' -> 'Month'
2026-09-13 19:44:19,755 - experiments.runner - INFO - Estimating DRWs with alpha=0.001...
2026-09-13 19:44:19,780 - graph.ridge_estimator - INFO - DRW coefficients for GHI (parents ['Hour', 'Month']): {'Hour': np.float64(0.09191525046233252), 'Month': np.float64(-0.0702043234618354)}
2026-09-13 19:44:19,803 - graph.ridge_estimator - INFO - R² for node GHI: 0.0137
2026-09-13 19:44:19,833 - graph.ridge_estimator - INFO - DRW coefficients for DC_Power (parents ['GHI', 'Panel_Temp', 'Humidity']): {'GHI': np.float64(0.3804491661695964), 'Panel_Temp': np.float64(0.6744658906065989), 'Humidity': np.float64(0.20322399319262252)}
2026-09-13 19:44:19,857 - graph.ridge_estimator - INFO - R² for node DC_Power: 0.7582
2026-09-13 19:44:19,886 - graph.ridge_estimator - INFO - DRW coefficients for Panel_Temp (parents ['GHI', 'Ambient_Temp']): {'GHI': np.float64(0.3283308196366098), 'Ambient_Temp': np.float64(0.7218487637709391)}
2026-09-13 19:44:19,913 - graph.ridge_estimator - INFO - R² for node Panel_Temp: 0.8695
2026-09-13 19:44:19,936 - graph.ridge_estimator - INFO - DRW coefficients for Ambient_Temp (parents ['Wind_Speed', 'Hour']): {'Wind_Speed': np.float64(0.32398615695559935), 'Hour': np.float64(0.3873885407511019)}
2026-09-13 19:44:19,967 - graph.ridge_estimator - INFO - R² for node Ambient_Temp: 0.2715
2026-09-13 19:44:19,991 - graph.ridge_estimator - INFO - DRW coefficients for Humidity (parents ['Ambient_Temp']): {'Ambient_Temp': np.float64(-0.6894408405502239)}
2026-09-13 19:44:20,012 - graph.ridge_estimator - INFO - R² for node Humidity: 0.4753
2026-09-13 19:44:20,035 - graph.ridge_estimator - INFO - DRW estimation complete for 5 nodes
2026-09-13 19:44:20,116 - graph.ridge_estimator - INFO - DRW dictionary: {'GHI': {'Hour': np.float64(0.5669596103510995), 'Month': np.float64(0.43304038964890046)}, 'DC_Power': {'GHI': np.float64(0.3023903964979273), 'Panel_Temp': np.float64(0.5360821529411356), 'Humidity': np.float64(0.16152745056093704)}, 'Panel_Temp': {'GHI': np.float64(0.31264254687875864), 'Ambient_Temp': np.float64(0.6873574531212414)}, 'Ambient_Temp': {'Wind_Speed': np.float64(0.45543671710569944), 'Hour': np.float64(0.5445632828943006)}, 'Humidity': {'Ambient_Temp': np.float64(1.0)}}
2026-09-13 19:44:20,146 - graph.ridge_estimator - INFO - R² scores: {'GHI': 0.013653082575271758, 'DC_Power': 0.7581584922917597, 'Panel_Temp': 0.8695267881976556, 'Ambient_Temp': 0.27150220660700397, 'Humidity': 0.4753288710442609, 'Wind_Speed': 0.0, 'Hour': 0.0, 'Month': 0.0}
2026-09-13 19:44:20,165 - experiments.runner - INFO - DRW estimation complete for 5 nodes
2026-09-13 19:44:20,187 - experiments.runner - INFO - Computing DPWs for target: DC_Power
2026-09-13 19:44:20,212 - graph.domain_prior - INFO - Final DPW for input features (with intrinsic): {'GHI': np.float64(0.270464649611155), 'Ambient_Temp': np.float64(0.23971815731815185), 'Panel_Temp': np.float64(0.3235510247827767), 'Wind_Speed': np.float64(0.029641647247313774), 'Humidity': np.float64(0.0974894834174402), 'Pressure': np.float64(0.0), 'SunShine': np.float64(0.0), 'Hour': np.float64(0.037535959684904696), 'Month': np.float64(0.0015990779382577195)}
2026-09-13 19:44:20,231 - experiments.runner - INFO - Raw DPW for graph_2: {'GHI': np.float64(0.270464649611155), 'Ambient_Temp': np.float64(0.23971815731815185), 'Panel_Temp': np.float64(0.3235510247827767), 'Wind_Speed': np.float64(0.029641647247313774), 'Humidity': np.float64(0.0974894834174402), 'Pressure': np.float64(0.0), 'SunShine': np.float64(0.0), 'Hour': np.float64(0.037535959684904696), 'Month': np.float64(0.0015990779382577195)}
2026-09-13 19:44:20,258 - experiments.runner - INFO - R² used for intrinsic γ: {'GHI': 0.013653082575271758, 'DC_Power': 0.7581584922917597, 'Panel_Temp': 0.8695267881976556, 'Ambient_Temp': 0.27150220660700397, 'Humidity': 0.4753288710442609, 'Wind_Speed': 0.0, 'Hour': 0.0, 'Month': 0.0}
2026-09-13 19:44:20,286 - experiments.runner - INFO - Filtered DPW (pre-smooth) for graph_2: {'GHI': np.float64(0.270464649611155), 'Ambient_Temp': np.float64(0.23971815731815185), 'Panel_Temp': np.float64(0.3235510247827767), 'Wind_Speed': np.float64(0.029641647247313774), 'Humidity': np.float64(0.0974894834174402), 'Pressure': np.float64(0.0), 'SunShine': np.float64(0.0), 'Hour': np.float64(0.037535959684904696), 'Month': np.float64(0.0015990779382577195)}
2026-09-13 19:44:20,305 - experiments.runner - INFO - Training sampling P (α=0.3) for graph_2: {'GHI': 0.22265858806114183, 'Ambient_Temp': 0.2011360434560396, 'Panel_Temp': 0.25981905068127703, 'Wind_Speed': 0.054082486406452975, 'Humidity': 0.10157597172554148, 'Pressure': 0.03333333333333333, 'SunShine': 0.03333333333333333, 'Hour': 0.05960850511276662, 'Month': 0.034452687890113735}
2026-09-13 19:44:20,330 - experiments.runner - INFO - ============================================================
2026-09-13 19:44:20,371 - experiments.runner - INFO - Processing graph: graph_3
2026-09-13 19:44:20,434 - experiments.runner - INFO - ============================================================
2026-09-13 19:44:20,523 - experiments.runner - INFO - Exact match: 'GHI' -> 'GHI'
2026-09-13 19:44:20,545 - experiments.runner - INFO - Exact match: 'DC_Power' -> 'DC_Power'
2026-09-13 19:44:20,565 - experiments.runner - INFO - Exact match: 'Panel_Temp' -> 'Panel_Temp'
2026-09-13 19:44:20,587 - experiments.runner - INFO - Exact match: 'Ambient_Temp' -> 'Ambient_Temp'
2026-09-13 19:44:20,605 - experiments.runner - INFO - Exact match: 'Humidity' -> 'Humidity'
2026-09-13 19:44:20,625 - experiments.runner - INFO - Exact match: 'Wind_Speed' -> 'Wind_Speed'
2026-09-13 19:44:20,643 - experiments.runner - INFO - Exact match: 'Hour' -> 'Hour'
2026-09-13 19:44:20,660 - experiments.runner - INFO - Exact match: 'Month' -> 'Month'
2026-09-13 19:44:20,681 - experiments.runner - INFO - Estimating DRWs with alpha=0.001...
2026-09-13 19:44:20,715 - graph.ridge_estimator - INFO - DRW coefficients for DC_Power (parents ['GHI', 'Panel_Temp', 'Ambient_Temp', 'Wind_Speed', 'Humidity']): {'GHI': np.float64(0.204480637446251), 'Panel_Temp': np.float64(1.3289315321446737), 'Ambient_Temp': np.float64(-0.7457558162888255), 'Wind_Speed': np.float64(0.03448776848683779), 'Humidity': np.float64(0.015102642108431685)}
2026-09-13 19:44:20,736 - graph.ridge_estimator - INFO - R² for node DC_Power: 0.8445
2026-09-13 19:44:20,767 - graph.ridge_estimator - INFO - DRW coefficients for Panel_Temp (parents ['GHI', 'Ambient_Temp', 'Wind_Speed']): {'GHI': np.float64(0.3025342658600985), 'Ambient_Temp': np.float64(0.6901831211685034), 'Wind_Speed': np.float64(0.1281146428945451)}
2026-09-13 19:44:20,790 - graph.ridge_estimator - INFO - R² for node Panel_Temp: 0.8834
2026-09-13 19:44:20,814 - graph.ridge_estimator - INFO - DRW coefficients for Ambient_Temp (parents ['Wind_Speed', 'Hour', 'Month']): {'Wind_Speed': np.float64(0.29163078029434875), 'Hour': np.float64(0.3955494906933935), 'Month': np.float64(0.282348148432042)}
2026-09-13 19:44:20,835 - graph.ridge_estimator - INFO - R² for node Ambient_Temp: 0.3501
2026-09-13 19:44:20,858 - graph.ridge_estimator - INFO - DRW coefficients for Humidity (parents ['Ambient_Temp', 'Wind_Speed', 'Month']): {'Ambient_Temp': np.float64(-0.7529004640516184), 'Wind_Speed': np.float64(-0.10004078680741665), 'Month': np.float64(0.32082160804206583)}
2026-09-13 19:44:20,883 - graph.ridge_estimator - INFO - R² for node Humidity: 0.5770
2026-09-13 19:44:20,902 - graph.ridge_estimator - INFO - DRW estimation complete for 4 nodes
2026-09-13 19:44:20,924 - graph.ridge_estimator - INFO - DRW dictionary: {'DC_Power': {'GHI': np.float64(0.08780672042053311), 'Panel_Temp': np.float64(0.5706609728841956), 'Ambient_Temp': np.float64(0.320237521169073), 'Wind_Speed': np.float64(0.014809509023796123), 'Humidity': np.float64(0.006485276502402379)}, 'Panel_Temp': {'GHI': np.float64(0.26991936149508733), 'Ambient_Temp': np.float64(0.6157774784646614), 'Wind_Speed': np.float64(0.11430316004025119)}, 'Ambient_Temp': {'Wind_Speed': np.float64(0.3007965258706657), 'Hour': np.float64(0.40798132656091785), 'Month': np.float64(0.29122214756841647)}, 'Humidity': {'Ambient_Temp': np.float64(0.6414417174151328), 'Wind_Speed': np.float64(0.08523083351016639), 'Month': np.float64(0.27332744907470075)}}
2026-09-13 19:44:20,945 - graph.ridge_estimator - INFO - R² scores: {'GHI': 0.0, 'DC_Power': 0.8444608702250931, 'Panel_Temp': 0.8834425082770287, 'Ambient_Temp': 0.350143882471891, 'Humidity': 0.5770023350339799, 'Wind_Speed': 0.0, 'Hour': 0.0, 'Month': 0.0}
2026-09-13 19:44:20,964 - experiments.runner - INFO - DRW estimation complete for 4 nodes
2026-09-13 19:44:20,983 - experiments.runner - INFO - Computing DPWs for target: DC_Power
2026-09-13 19:44:21,001 - graph.domain_prior - INFO - Final DPW for input features (with intrinsic): {'GHI': np.float64(0.1294467373958688), 'Ambient_Temp': np.float64(0.3660356989105594), 'Panel_Temp': np.float64(0.3299462943296303), 'Wind_Speed': np.float64(0.08061670578130667), 'Humidity': np.float64(0.003749674590249085), 'Pressure': np.float64(0.0), 'SunShine': np.float64(0.0), 'Hour': np.float64(0.05228899229753947), 'Month': np.float64(0.03791589669484631)}
2026-09-13 19:44:21,019 - experiments.runner - INFO - Raw DPW for graph_3: {'GHI': np.float64(0.1294467373958688), 'Ambient_Temp': np.float64(0.3660356989105594), 'Panel_Temp': np.float64(0.3299462943296303), 'Wind_Speed': np.float64(0.08061670578130667), 'Humidity': np.float64(0.003749674590249085), 'Pressure': np.float64(0.0), 'SunShine': np.float64(0.0), 'Hour': np.float64(0.05228899229753947), 'Month': np.float64(0.03791589669484631)}
2026-09-13 19:44:21,037 - experiments.runner - INFO - R² used for intrinsic γ: {'GHI': 0.0, 'DC_Power': 0.8444608702250931, 'Panel_Temp': 0.8834425082770287, 'Ambient_Temp': 0.350143882471891, 'Humidity': 0.5770023350339799, 'Wind_Speed': 0.0, 'Hour': 0.0, 'Month': 0.0}
2026-09-13 19:44:21,059 - experiments.runner - INFO - Filtered DPW (pre-smooth) for graph_3: {'GHI': np.float64(0.1294467373958688), 'Ambient_Temp': np.float64(0.3660356989105594), 'Panel_Temp': np.float64(0.3299462943296303), 'Wind_Speed': np.float64(0.08061670578130667), 'Humidity': np.float64(0.003749674590249085), 'Pressure': np.float64(0.0), 'SunShine': np.float64(0.0), 'Hour': np.float64(0.05228899229753947), 'Month': np.float64(0.03791589669484631)}
2026-09-13 19:44:21,076 - experiments.runner - INFO - Training sampling P (α=0.3) for graph_3: {'GHI': 0.12394604951044147, 'Ambient_Temp': 0.2895583225707249, 'Panel_Temp': 0.2642957393640745, 'Wind_Speed': 0.089765027380248, 'Humidity': 0.03595810554650769, 'Pressure': 0.03333333333333333, 'SunShine': 0.03333333333333333, 'Hour': 0.06993562794161096, 'Month': 0.05987446101972575}
2026-09-13 19:44:21,097 - experiments.runner - INFO - Baselines: RF + XGBoost always | Domain-weighted experimental: ['bagging'] (bagging.enabled=True, boosting.enabled=False, experiment_type=AlgorithmType.COMPARISON)
2026-09-13 19:44:21,114 - experiments.runner - INFO - Total tasks: 210
